week_start_date,dc_id,region,sku,weekly_demand_units,supplier_lead_time_days,opening_inventory_units,closing_inventory_units,stockout_flag,units_short,replenishment_qty_units,current_safety_stock_units,service_level_target_pct
9/2/2024,DC-01,North,SKU-SKU-101,131,6.5,482,350,0,0,0,321,95
9/9/2024,DC-01,North,SKU-SKU-101,286,6.9,350,253,0,0,188,321,95
9/16/2024,DC-01,North,SKU-SKU-101,54,6.5,253,372,0,0,172,321,95
9/23/2024,DC-01,North,SKU-SKU-101,218,6.7,372,348,0,0,195,321,95
9/30/2024,DC-01,North,SKU-SKU-101,194,7,348,337,0,0,183,321,95
10/7/2024,DC-01,North,SKU-SKU-101,253,6.5,337,279,0,0,195,321,95
10/14/2024,DC-01,North,SKU-SKU-101,172,4.8,279,254,0,0,147,321,95
10/21/2024,DC-01,North,SKU-SKU-101,95,5.8,254,352,0,0,193,321,95
10/28/2024,DC-01,North,SKU-SKU-101,150,7.5,352,348,0,0,145,321,95
11/4/2024,DC-01,North,SKU-SKU-101,139,8.6,348,395,0,0,186,321,95
11/11/2024,DC-01,North,SKU-SKU-101,19,6.2,395,557,0,0,182,321,95
11/18/2024,DC-01,North,SKU-SKU-101,132,6.1,557,425,0,0,0,321,95
11/25/2024,DC-01,North,SKU-SKU-101,203,8.5,425,400,0,0,178,321,95
12/2/2024,DC-01,North,SKU-SKU-101,201,8.4,400,359,0,0,160,321,95
12/9/2024,DC-01,North,SKU-SKU-101,197,7,359,347,0,0,185,321,95
12/16/2024,DC-01,North,SKU-SKU-101,0,5.8,347,503,0,0,156,321,95
12/23/2024,DC-01,North,SKU-SKU-101,357,6.5,503,146,0,0,0,321,95
12/30/2024,DC-01,North,SKU-SKU-101,148,7.4,146,167,1,2,167,321,95
1/6/2025,DC-01,North,SKU-SKU-101,105,6.6,167,207,0,0,145,321,95
1/13/2025,DC-01,North,SKU-SKU-101,181,7.2,207,207,0,0,181,321,95
1/20/2025,DC-01,North,SKU-SKU-101,218,7.4,207,201,1,10,201,321,95
1/27/2025,DC-01,North,SKU-SKU-101,74,5.8,201,279,0,0,152,321,95
2/3/2025,DC-01,North,SKU-SKU-101,265,8.4,279,212,0,0,198,321,95
2/10/2025,DC-01,North,SKU-SKU-101,253,5.5,212,157,1,41,157,321,95
2/17/2025,DC-01,North,SKU-SKU-101,151,5,157,172,0,0,166,321,95
2/24/2025,DC-01,North,SKU-SKU-101,142,7.5,172,190,0,0,161,321,95
3/3/2025,DC-01,North,SKU-SKU-101,178,6.8,190,163,0,0,151,321,95
3/10/2025,DC-01,North,SKU-SKU-101,113,7.6,163,250,0,0,200,321,95
3/17/2025,DC-01,North,SKU-SKU-101,229,7.5,250,211,0,0,190,321,95
3/24/2025,DC-01,North,SKU-SKU-101,341,6.3,211,145,1,130,145,321,95
3/31/2025,DC-01,North,SKU-SKU-101,25,6.4,145,296,0,0,175,321,95
4/7/2025,DC-01,North,SKU-SKU-101,177,8.1,296,289,0,0,170,321,95
4/14/2025,DC-01,North,SKU-SKU-101,223,8,289,240,0,0,174,321,95
4/21/2025,DC-01,North,SKU-SKU-101,247,6.7,240,172,1,7,172,321,95
4/28/2025,DC-01,North,SKU-SKU-101,102,7.5,172,240,0,0,170,321,95
5/5/2025,DC-01,North,SKU-SKU-101,244,5.5,240,192,1,4,192,321,95
5/12/2025,DC-01,North,SKU-SKU-101,217,6.2,192,168,1,25,168,321,95
5/19/2025,DC-01,North,SKU-SKU-101,205,5.8,168,205,1,37,205,321,95
5/26/2025,DC-01,North,SKU-SKU-101,0,7.7,205,386,0,0,181,321,95
6/2/2025,DC-01,North,SKU-SKU-101,46,4.7,386,512,0,0,171,321,95
6/9/2025,DC-01,North,SKU-SKU-101,157,6.7,512,355,0,0,0,321,95
6/16/2025,DC-01,North,SKU-SKU-101,182,7,355,344,0,0,171,321,95
6/23/2025,DC-01,North,SKU-SKU-101,160,6.5,344,348,0,0,164,321,95
6/30/2025,DC-01,North,SKU-SKU-101,174,7.5,348,362,0,0,188,321,95
7/7/2025,DC-01,North,SKU-SKU-101,119,7.3,362,437,0,0,195,321,95
7/14/2025,DC-01,North,SKU-SKU-101,82,5.8,437,517,0,0,162,321,95
7/21/2025,DC-01,North,SKU-SKU-101,185,7.3,517,332,0,0,0,321,95
7/28/2025,DC-01,North,SKU-SKU-101,43,7.3,332,471,0,0,182,321,95
8/4/2025,DC-01,North,SKU-SKU-101,113,6.4,471,563,0,0,205,321,95
8/11/2025,DC-01,North,SKU-SKU-101,222,6.1,563,341,0,0,0,321,95
8/18/2025,DC-01,North,SKU-SKU-101,156,5.9,341,382,0,0,196,321,95
8/25/2025,DC-01,North,SKU-SKU-101,103,6,382,459,0,0,180,321,95
9/1/2025,DC-01,North,SKU-SKU-101,231,6.5,459,388,0,0,160,321,95
9/8/2025,DC-01,North,SKU-SKU-101,244,8.3,388,310,0,0,166,321,95
9/15/2025,DC-01,North,SKU-SKU-101,127,4.9,310,329,0,0,146,321,95
9/22/2025,DC-01,North,SKU-SKU-101,132,8.5,329,377,0,0,180,321,95
9/29/2025,DC-01,North,SKU-SKU-101,172,7,377,358,0,0,153,321,95
10/6/2025,DC-01,North,SKU-SKU-101,196,7.5,358,318,0,0,157,321,95
10/13/2025,DC-01,North,SKU-SKU-101,179,7.4,318,343,0,0,203,321,95
10/20/2025,DC-01,North,SKU-SKU-101,116,6,343,412,0,0,186,321,95
10/27/2025,DC-01,North,SKU-SKU-101,174,5.6,412,404,0,0,166,321,95
11/3/2025,DC-01,North,SKU-SKU-101,123,6.9,404,450,0,0,169,321,95
11/10/2025,DC-01,North,SKU-SKU-101,158,4.6,450,446,0,0,153,321,95
11/17/2025,DC-01,North,SKU-SKU-101,95,6.7,446,531,0,0,180,321,95
11/24/2025,DC-01,North,SKU-SKU-101,112,6.2,531,418,0,0,0,321,95
12/1/2025,DC-01,North,SKU-SKU-101,175,5.8,418,433,0,0,191,321,95
12/8/2025,DC-01,North,SKU-SKU-101,300,5.6,433,284,0,0,151,321,95
12/15/2025,DC-01,North,SKU-SKU-101,270,6.5,284,171,0,0,156,321,95
12/22/2025,DC-01,North,SKU-SKU-101,116,8.2,171,207,0,0,152,321,95
12/29/2025,DC-01,North,SKU-SKU-101,144,8.5,207,212,0,0,149,321,95
1/5/2026,DC-01,North,SKU-SKU-101,205,6.2,212,208,0,0,201,321,95
1/12/2026,DC-01,North,SKU-SKU-101,143,6,208,269,0,0,203,321,95
1/19/2026,DC-01,North,SKU-SKU-101,81,7.7,269,377,0,0,189,321,95
1/26/2026,DC-01,North,SKU-SKU-101,183,6.7,377,378,0,0,184,321,95
2/2/2026,DC-01,North,SKU-SKU-101,238,6.5,378,344,0,0,203,321,95
2/9/2026,DC-01,North,SKU-SKU-101,149,7.5,344,378,0,0,183,321,95
2/16/2026,DC-01,North,SKU-SKU-101,196,6.9,378,359,0,0,176,321,95
2/23/2026,DC-01,North,SKU-SKU-101,141,7.3,359,388,0,0,170,321,95
3/2/2026,DC-01,North,SKU-SKU-101,69,6.8,388,500,0,0,181,321,95
3/9/2026,DC-01,North,SKU-SKU-101,234,6.4,500,267,0,0,0,321,95
3/16/2026,DC-01,North,SKU-SKU-101,258,8.2,267,205,0,0,197,321,95
3/23/2026,DC-01,North,SKU-SKU-101,195,8,205,187,0,0,176,321,95
3/30/2026,DC-01,North,SKU-SKU-101,200,8.1,187,206,1,14,206,321,95
4/6/2026,DC-01,North,SKU-SKU-101,227,6.7,206,163,1,21,163,321,95
4/13/2026,DC-01,North,SKU-SKU-101,133,6.4,163,185,0,0,156,321,95
4/20/2026,DC-01,North,SKU-SKU-101,248,8,185,208,1,62,208,321,95
4/27/2026,DC-01,North,SKU-SKU-101,145,6.4,208,226,0,0,163,321,95
5/4/2026,DC-01,North,SKU-SKU-101,178,7.6,226,193,0,0,145,321,95
5/11/2026,DC-01,North,SKU-SKU-101,197,7,193,191,1,3,191,321,95
5/18/2026,DC-01,North,SKU-SKU-101,101,6.3,191,242,0,0,152,321,95
5/25/2026,DC-01,North,SKU-SKU-101,205,5.4,242,197,0,0,160,321,95
6/1/2026,DC-01,North,SKU-SKU-101,220,5.6,197,174,1,23,174,321,95
6/8/2026,DC-01,North,SKU-SKU-101,65,6.3,174,300,0,0,191,321,95
6/15/2026,DC-01,North,SKU-SKU-101,138,7,300,313,0,0,151,321,95
6/22/2026,DC-01,North,SKU-SKU-101,152,8,313,330,0,0,169,321,95
6/29/2026,DC-01,North,SKU-SKU-101,308,6.2,330,228,0,0,205,321,95
7/6/2026,DC-01,North,SKU-SKU-101,185,7.4,228,236,0,0,193,321,95
7/13/2026,DC-01,North,SKU-SKU-101,50,6.5,236,340,0,0,154,321,95
7/20/2026,DC-01,North,SKU-SKU-101,168,7.7,340,364,0,0,193,321,95
7/27/2026,DC-01,North,SKU-SKU-101,5,6.8,364,541,0,0,182,321,95
8/3/2026,DC-01,North,SKU-SKU-101,46,8.6,541,495,0,0,0,321,95
8/10/2026,DC-01,North,SKU-SKU-101,117,8.1,495,377,0,0,0,321,95
8/17/2026,DC-01,North,SKU-SKU-101,273,5.4,377,303,0,0,199,321,95
8/24/2026,DC-01,North,SKU-SKU-101,275,6.6,303,187,0,0,158,321,95
9/2/2024,DC-01,North,SKU-SKU-102,103,7,460,357,0,0,0,307,95
9/9/2024,DC-01,North,SKU-SKU-102,0,6.3,357,544,0,0,187,307,95
9/16/2024,DC-01,North,SKU-SKU-102,107,7.3,544,437,0,0,0,307,95
9/23/2024,DC-01,North,SKU-SKU-102,231,8.1,437,359,0,0,153,307,95
9/30/2024,DC-01,North,SKU-SKU-102,82,7.2,359,431,0,0,155,307,95
10/7/2024,DC-01,North,SKU-SKU-102,75,7.4,431,548,0,0,192,307,95
10/14/2024,DC-01,North,SKU-SKU-102,0,6.2,548,548,0,0,0,307,95
10/21/2024,DC-01,North,SKU-SKU-102,132,6.4,548,416,0,0,0,307,95
10/28/2024,DC-01,North,SKU-SKU-102,93,7.9,416,492,0,0,169,307,95
11/4/2024,DC-01,North,SKU-SKU-102,154,6.8,492,337,0,0,0,307,95
11/11/2024,DC-01,North,SKU-SKU-102,249,7.7,337,238,0,0,149,307,95
11/18/2024,DC-01,North,SKU-SKU-102,134,7.7,238,263,0,0,159,307,95
11/25/2024,DC-01,North,SKU-SKU-102,163,8.2,263,261,0,0,160,307,95
12/2/2024,DC-01,North,SKU-SKU-102,95,8.1,261,333,0,0,167,307,95
12/9/2024,DC-01,North,SKU-SKU-102,146,8.1,333,327,0,0,140,307,95
12/16/2024,DC-01,North,SKU-SKU-102,179,7.5,327,300,0,0,152,307,95
12/23/2024,DC-01,North,SKU-SKU-102,111,7.8,300,352,0,0,164,307,95
12/30/2024,DC-01,North,SKU-SKU-102,125,7,352,381,0,0,154,307,95
1/6/2025,DC-01,North,SKU-SKU-102,244,9.4,381,282,0,0,146,307,95
1/13/2025,DC-01,North,SKU-SKU-102,165,8.7,282,294,0,0,176,307,95
1/20/2025,DC-01,North,SKU-SKU-102,152,7.3,294,333,0,0,191,307,95
1/27/2025,DC-01,North,SKU-SKU-102,100,5.4,333,404,0,0,171,307,95
2/3/2025,DC-01,North,SKU-SKU-102,316,6.2,404,246,0,0,158,307,95
2/10/2025,DC-01,North,SKU-SKU-102,212,5.5,246,221,0,0,187,307,95
2/17/2025,DC-01,North,SKU-SKU-102,0,6.7,221,396,0,0,176,307,95
2/24/2025,DC-01,North,SKU-SKU-102,110,6.9,396,455,0,0,169,307,95
3/3/2025,DC-01,North,SKU-SKU-102,158,9.2,455,478,0,0,181,307,95
3/10/2025,DC-01,North,SKU-SKU-102,30,5.6,478,449,0,0,0,307,95
3/17/2025,DC-01,North,SKU-SKU-102,294,7,449,352,0,0,197,307,95
3/24/2025,DC-01,North,SKU-SKU-102,268,6.7,352,238,0,0,154,307,95
3/31/2025,DC-01,North,SKU-SKU-102,126,7.9,238,252,0,0,139,307,95
4/7/2025,DC-01,North,SKU-SKU-102,284,6.3,252,147,1,32,147,307,95
4/14/2025,DC-01,North,SKU-SKU-102,128,8.5,147,203,0,0,184,307,95
4/21/2025,DC-01,North,SKU-SKU-102,165,6.8,203,189,0,0,150,307,95
4/28/2025,DC-01,North,SKU-SKU-102,433,9.5,189,143,1,244,143,307,95
5/5/2025,DC-01,North,SKU-SKU-102,87,6.4,143,211,0,0,155,307,95
5/12/2025,DC-01,North,SKU-SKU-102,0,6.4,211,361,0,0,150,307,95
5/19/2025,DC-01,North,SKU-SKU-102,26,7.5,361,507,0,0,172,307,95
5/26/2025,DC-01,North,SKU-SKU-102,108,7.6,507,399,0,0,0,307,95
6/2/2025,DC-01,North,SKU-SKU-102,300,6.9,399,257,0,0,158,307,95
6/9/2025,DC-01,North,SKU-SKU-102,188,5.9,257,222,0,0,153,307,95
6/16/2025,DC-01,North,SKU-SKU-102,271,7.4,222,169,1,49,169,307,95
6/23/2025,DC-01,North,SKU-SKU-102,24,7.5,169,307,0,0,163,307,95
6/30/2025,DC-01,North,SKU-SKU-102,212,4.9,307,283,0,0,189,307,95
7/7/2025,DC-01,North,SKU-SKU-102,98,8.1,283,362,0,0,177,307,95
7/14/2025,DC-01,North,SKU-SKU-102,245,6,362,278,0,0,160,307,95
7/21/2025,DC-01,North,SKU-SKU-102,217,6.8,278,238,0,0,177,307,95
7/28/2025,DC-01,North,SKU-SKU-102,32,7.1,238,400,0,0,193,307,95
8/4/2025,DC-01,North,SKU-SKU-102,140,7.7,400,409,0,0,149,307,95
8/11/2025,DC-01,North,SKU-SKU-102,247,7.1,409,338,0,0,175,307,95
8/18/2025,DC-01,North,SKU-SKU-102,23,7.9,338,499,0,0,184,307,95
8/25/2025,DC-01,North,SKU-SKU-102,124,6.6,499,375,0,0,0,307,95
9/1/2025,DC-01,North,SKU-SKU-102,180,8.8,375,355,0,0,160,307,95
9/8/2025,DC-01,North,SKU-SKU-102,211,6.9,355,312,0,0,168,307,95
9/15/2025,DC-01,North,SKU-SKU-102,168,6,312,285,0,0,141,307,95
9/22/2025,DC-01,North,SKU-SKU-102,272,8.1,285,194,0,0,182,307,95
9/29/2025,DC-01,North,SKU-SKU-102,145,6.2,194,225,0,0,176,307,95
10/6/2025,DC-01,North,SKU-SKU-102,58,5.6,225,336,0,0,169,307,95
10/13/2025,DC-01,North,SKU-SKU-102,83,6.5,336,417,0,0,164,307,95
10/20/2025,DC-01,North,SKU-SKU-102,0,5.2,417,578,0,0,161,307,95
10/27/2025,DC-01,North,SKU-SKU-102,115,8.8,578,463,0,0,0,307,95
11/3/2025,DC-01,North,SKU-SKU-102,241,7.5,463,222,0,0,0,307,95
11/10/2025,DC-01,North,SKU-SKU-102,32,8.3,222,382,0,0,192,307,95
11/17/2025,DC-01,North,SKU-SKU-102,188,7.3,382,387,0,0,194,307,95
11/24/2025,DC-01,North,SKU-SKU-102,229,6.9,387,317,0,0,159,307,95
12/1/2025,DC-01,North,SKU-SKU-102,120,8,317,343,0,0,146,307,95
12/8/2025,DC-01,North,SKU-SKU-102,1,7,343,495,0,0,153,307,95
12/15/2025,DC-01,North,SKU-SKU-102,17,7.1,495,478,0,0,0,307,95
12/22/2025,DC-01,North,SKU-SKU-102,142,6.8,478,336,0,0,0,307,95
12/29/2025,DC-01,North,SKU-SKU-102,214,6.6,336,274,0,0,152,307,95
1/5/2026,DC-01,North,SKU-SKU-102,25,5.4,274,398,0,0,149,307,95
1/12/2026,DC-01,North,SKU-SKU-102,97,8.4,398,471,0,0,170,307,95
1/19/2026,DC-01,North,SKU-SKU-102,76,7.8,471,395,0,0,0,307,95
1/26/2026,DC-01,North,SKU-SKU-102,237,6.6,395,349,0,0,190,307,95
2/2/2026,DC-01,North,SKU-SKU-102,260,6.7,349,242,0,0,154,307,95
2/9/2026,DC-01,North,SKU-SKU-102,141,7.5,242,268,0,0,166,307,95
2/16/2026,DC-01,North,SKU-SKU-102,256,5.6,268,201,0,0,189,307,95
2/23/2026,DC-01,North,SKU-SKU-102,358,6.7,201,180,1,157,180,307,95
3/2/2026,DC-01,North,SKU-SKU-102,215,7.4,180,139,1,34,139,307,95
3/9/2026,DC-01,North,SKU-SKU-102,218,7,139,145,1,79,145,307,95
3/16/2026,DC-01,North,SKU-SKU-102,78,6.9,145,216,0,0,149,307,95
3/23/2026,DC-01,North,SKU-SKU-102,227,7.2,216,169,1,11,169,307,95
3/30/2026,DC-01,North,SKU-SKU-102,168,7.4,169,183,0,0,182,307,95
4/6/2026,DC-01,North,SKU-SKU-102,182,7.9,183,164,0,0,163,307,95
4/13/2026,DC-01,North,SKU-SKU-102,91,6,164,246,0,0,173,307,95
4/20/2026,DC-01,North,SKU-SKU-102,163,5.6,246,257,0,0,174,307,95
4/27/2026,DC-01,North,SKU-SKU-102,26,5.4,257,378,0,0,147,307,95
5/4/2026,DC-01,North,SKU-SKU-102,120,5.8,378,427,0,0,169,307,95
5/11/2026,DC-01,North,SKU-SKU-102,143,7,427,474,0,0,191,307,95
5/18/2026,DC-01,North,SKU-SKU-102,35,5.7,474,439,0,0,0,307,95
5/25/2026,DC-01,North,SKU-SKU-102,166,3.7,439,464,0,0,191,307,95
6/1/2026,DC-01,North,SKU-SKU-102,195,6.9,464,269,0,0,0,307,95
6/8/2026,DC-01,North,SKU-SKU-102,200,7.6,269,256,0,0,187,307,95
6/15/2026,DC-01,North,SKU-SKU-102,228,8.1,256,228,0,0,199,307,95
6/22/2026,DC-01,North,SKU-SKU-102,80,5.8,228,293,0,0,145,307,95
6/29/2026,DC-01,North,SKU-SKU-102,169,5.2,293,307,0,0,183,307,95
7/6/2026,DC-01,North,SKU-SKU-102,194,6.5,307,300,0,0,187,307,95
7/13/2026,DC-01,North,SKU-SKU-102,285,8,300,201,0,0,186,307,95
7/20/2026,DC-01,North,SKU-SKU-102,50,6.8,201,342,0,0,191,307,95
7/27/2026,DC-01,North,SKU-SKU-102,115,6.1,342,395,0,0,169,307,95
8/3/2026,DC-01,North,SKU-SKU-102,108,6.1,395,453,0,0,166,307,95
8/10/2026,DC-01,North,SKU-SKU-102,275,6.3,453,343,0,0,165,307,95
8/17/2026,DC-01,North,SKU-SKU-102,120,7.1,343,384,0,0,161,307,95
8/24/2026,DC-01,North,SKU-SKU-102,103,6.9,384,446,0,0,166,307,95
9/2/2024,DC-01,North,SKU-SKU-103,286,7,1097,810,0,0,0,731,95
9/9/2024,DC-01,North,SKU-SKU-103,385,6.5,810,887,0,0,462,731,95
9/16/2024,DC-01,North,SKU-SKU-103,399,5.4,887,869,0,0,381,731,95
9/23/2024,DC-01,North,SKU-SKU-103,203,8,869,1008,0,0,342,731,95
9/30/2024,DC-01,North,SKU-SKU-103,263,7.9,1008,1192,0,0,448,731,95
10/7/2024,DC-01,North,SKU-SKU-103,220,7.3,1192,972,0,0,0,731,95
10/14/2024,DC-01,North,SKU-SKU-103,414,6,972,976,0,0,418,731,95
10/21/2024,DC-01,North,SKU-SKU-103,337,8.6,976,1101,0,0,462,731,95
10/28/2024,DC-01,North,SKU-SKU-103,357,8.2,1101,744,0,0,0,731,95
11/4/2024,DC-01,North,SKU-SKU-103,452,7.8,744,660,0,0,368,731,95
11/11/2024,DC-01,North,SKU-SKU-103,248,7.1,660,788,0,0,376,731,95
11/18/2024,DC-01,North,SKU-SKU-103,432,6.6,788,743,0,0,387,731,95
11/25/2024,DC-01,North,SKU-SKU-103,314,6.2,743,835,0,0,406,731,95
12/2/2024,DC-01,North,SKU-SKU-103,389,5.9,835,828,0,0,381,731,95
12/9/2024,DC-01,North,SKU-SKU-103,246,7,828,1057,0,0,475,731,95
12/16/2024,DC-01,North,SKU-SKU-103,270,4.7,1057,1132,0,0,345,731,95
12/23/2024,DC-01,North,SKU-SKU-103,312,7.3,1132,820,0,0,0,731,95
12/30/2024,DC-01,North,SKU-SKU-103,381,7,820,905,0,0,466,731,95
1/6/2025,DC-01,North,SKU-SKU-103,518,6.5,905,731,0,0,344,731,95
1/13/2025,DC-01,North,SKU-SKU-103,549,6.1,731,553,0,0,371,731,95
1/20/2025,DC-01,North,SKU-SKU-103,506,6.3,553,476,0,0,429,731,95
1/27/2025,DC-01,North,SKU-SKU-103,410,7.5,476,399,0,0,332,731,95
2/3/2025,DC-01,North,SKU-SKU-103,370,8.5,399,419,0,0,390,731,95
2/10/2025,DC-01,North,SKU-SKU-103,196,6.5,419,601,0,0,378,731,95
2/17/2025,DC-01,North,SKU-SKU-103,125,6.2,601,835,0,0,360,731,95
2/24/2025,DC-01,North,SKU-SKU-103,451,6.5,835,738,0,0,354,731,95
3/3/2025,DC-01,North,SKU-SKU-103,677,6.1,738,473,0,0,412,731,95
3/10/2025,DC-01,North,SKU-SKU-103,625,8,473,370,1,152,370,731,95
3/17/2025,DC-01,North,SKU-SKU-103,427,7.8,370,395,1,57,395,731,95
3/24/2025,DC-01,North,SKU-SKU-103,530,6.2,395,467,1,135,467,731,95
3/31/2025,DC-01,North,SKU-SKU-103,653,7.6,467,470,1,186,470,731,95
4/7/2025,DC-01,North,SKU-SKU-103,442,6.5,470,473,0,0,445,731,95
4/14/2025,DC-01,North,SKU-SKU-103,367,8.2,473,509,0,0,404,731,95
4/21/2025,DC-01,North,SKU-SKU-103,240,6,509,706,0,0,437,731,95
4/28/2025,DC-01,North,SKU-SKU-103,310,7.3,706,752,0,0,356,731,95
5/5/2025,DC-01,North,SKU-SKU-103,369,4.7,752,801,0,0,419,731,95
5/12/2025,DC-01,North,SKU-SKU-103,288,5.6,801,897,0,0,384,731,95
5/19/2025,DC-01,North,SKU-SKU-103,493,8.2,897,816,0,0,412,731,95
5/26/2025,DC-01,North,SKU-SKU-103,363,8,816,834,0,0,381,731,95
6/2/2025,DC-01,North,SKU-SKU-103,606,8.1,834,674,0,0,445,731,95
6/9/2025,DC-01,North,SKU-SKU-103,304,5.7,674,746,0,0,376,731,95
6/16/2025,DC-01,North,SKU-SKU-103,555,7.4,746,637,0,0,445,731,95
6/23/2025,DC-01,North,SKU-SKU-103,446,7.2,637,610,0,0,419,731,95
6/30/2025,DC-01,North,SKU-SKU-103,543,7.6,610,508,0,0,441,731,95
7/7/2025,DC-01,North,SKU-SKU-103,257,7.8,508,691,0,0,440,731,95
7/14/2025,DC-01,North,SKU-SKU-103,359,7.5,691,735,0,0,402,731,95
7/21/2025,DC-01,North,SKU-SKU-103,386,7.2,735,812,0,0,464,731,95
7/28/2025,DC-01,North,SKU-SKU-103,441,4.5,812,704,0,0,333,731,95
8/4/2025,DC-01,North,SKU-SKU-103,207,8.1,704,933,0,0,436,731,95
8/11/2025,DC-01,North,SKU-SKU-103,261,7.4,933,1039,0,0,367,731,95
8/18/2025,DC-01,North,SKU-SKU-103,235,8.1,1039,1147,0,0,343,731,95
8/25/2025,DC-01,North,SKU-SKU-103,329,6.4,1147,817,0,0,0,731,95
9/1/2025,DC-01,North,SKU-SKU-103,406,6.4,817,868,0,0,457,731,95
9/8/2025,DC-01,North,SKU-SKU-103,276,6.9,868,923,0,0,330,731,95
9/15/2025,DC-01,North,SKU-SKU-103,316,6.9,923,978,0,0,371,731,95
9/22/2025,DC-01,North,SKU-SKU-103,339,5.8,978,1100,0,0,461,731,95
9/29/2025,DC-01,North,SKU-SKU-103,309,4.8,1100,791,0,0,0,731,95
10/6/2025,DC-01,North,SKU-SKU-103,335,8.7,791,789,0,0,333,731,95
10/13/2025,DC-01,North,SKU-SKU-103,336,6.3,789,855,0,0,402,731,95
10/20/2025,DC-01,North,SKU-SKU-103,586,8.7,855,687,0,0,418,731,95
10/27/2025,DC-01,North,SKU-SKU-103,215,5.8,687,892,0,0,420,731,95
11/3/2025,DC-01,North,SKU-SKU-103,305,6.2,892,1002,0,0,415,731,95
11/10/2025,DC-01,North,SKU-SKU-103,195,7.3,1002,1180,0,0,373,731,95
11/17/2025,DC-01,North,SKU-SKU-103,443,6.1,1180,737,0,0,0,731,95
11/24/2025,DC-01,North,SKU-SKU-103,198,6.1,737,890,0,0,352,731,95
12/1/2025,DC-01,North,SKU-SKU-103,272,7.9,890,948,0,0,330,731,95
12/8/2025,DC-01,North,SKU-SKU-103,426,6.1,948,963,0,0,441,731,95
12/15/2025,DC-01,North,SKU-SKU-103,355,6.2,963,1027,0,0,419,731,95
12/22/2025,DC-01,North,SKU-SKU-103,414,5.3,1027,1041,0,0,428,731,95
12/29/2025,DC-01,North,SKU-SKU-103,357,5.7,1041,1082,0,0,398,731,95
1/5/2026,DC-01,North,SKU-SKU-103,369,6,1082,1072,0,0,359,731,95
1/12/2026,DC-01,North,SKU-SKU-103,285,7.2,1072,1140,0,0,352,731,95
1/19/2026,DC-01,North,SKU-SKU-103,362,8.1,1140,778,0,0,0,731,95
1/26/2026,DC-01,North,SKU-SKU-103,477,5.8,778,717,0,0,416,731,95
2/2/2026,DC-01,North,SKU-SKU-103,146,8.3,717,906,0,0,335,731,95
2/9/2026,DC-01,North,SKU-SKU-103,667,6.6,906,590,0,0,351,731,95
2/16/2026,DC-01,North,SKU-SKU-103,479,8.7,590,584,0,0,473,731,95
2/23/2026,DC-01,North,SKU-SKU-103,414,6.9,584,524,0,0,354,731,95
3/2/2026,DC-01,North,SKU-SKU-103,640,7.7,524,338,1,116,338,731,95
3/9/2026,DC-01,North,SKU-SKU-103,531,7.7,338,395,1,193,395,731,95
3/16/2026,DC-01,North,SKU-SKU-103,357,5.8,395,470,0,0,432,731,95
3/23/2026,DC-01,North,SKU-SKU-103,355,5.8,470,479,0,0,364,731,95
3/30/2026,DC-01,North,SKU-SKU-103,458,4.9,479,436,0,0,415,731,95
4/6/2026,DC-01,North,SKU-SKU-103,184,6.2,436,617,0,0,365,731,95
4/13/2026,DC-01,North,SKU-SKU-103,466,6.2,617,496,0,0,345,731,95
4/20/2026,DC-01,North,SKU-SKU-103,628,8.5,496,332,1,132,332,731,95
4/27/2026,DC-01,North,SKU-SKU-103,402,6.3,332,389,1,71,389,731,95
5/4/2026,DC-01,North,SKU-SKU-103,404,7.7,389,359,1,15,359,731,95
5/11/2026,DC-01,North,SKU-SKU-103,447,8.5,359,462,1,88,462,731,95
5/18/2026,DC-01,North,SKU-SKU-103,273,8,462,583,0,0,394,731,95
5/25/2026,DC-01,North,SKU-SKU-103,228,5.2,583,706,0,0,351,731,95
6/1/2026,DC-01,North,SKU-SKU-103,228,5.3,706,936,0,0,458,731,95
6/8/2026,DC-01,North,SKU-SKU-103,244,7.5,936,1107,0,0,414,731,95
6/15/2026,DC-01,North,SKU-SKU-103,376,6.2,1107,731,0,0,0,731,95
6/22/2026,DC-01,North,SKU-SKU-103,457,5.6,731,710,0,0,437,731,95
6/29/2026,DC-01,North,SKU-SKU-103,325,6.9,710,755,0,0,369,731,95
7/6/2026,DC-01,North,SKU-SKU-103,502,7.3,755,640,0,0,388,731,95
7/13/2026,DC-01,North,SKU-SKU-103,411,8.1,640,663,0,0,434,731,95
7/20/2026,DC-01,North,SKU-SKU-103,361,7.2,663,745,0,0,444,731,95
7/27/2026,DC-01,North,SKU-SKU-103,433,6.8,745,717,0,0,404,731,95
8/3/2026,DC-01,North,SKU-SKU-103,343,5.6,717,709,0,0,335,731,95
8/10/2026,DC-01,North,SKU-SKU-103,443,8.9,709,616,0,0,350,731,95
8/17/2026,DC-01,North,SKU-SKU-103,305,6.5,616,675,0,0,364,731,95
8/24/2026,DC-01,North,SKU-SKU-103,503,6.2,675,574,0,0,402,731,95
9/2/2024,DC-01,North,SKU-SKU-201,377,7,1097,720,0,0,0,731,95
9/9/2024,DC-01,North,SKU-SKU-201,765,7.5,720,471,1,46,471,731,95
9/16/2024,DC-01,North,SKU-SKU-201,463,6.4,471,483,0,0,475,731,95
9/23/2024,DC-01,North,SKU-SKU-201,657,7.6,483,416,1,175,416,731,95
9/30/2024,DC-01,North,SKU-SKU-201,387,7.2,416,387,0,0,358,731,95
10/7/2024,DC-01,North,SKU-SKU-201,761,8.2,387,457,1,374,457,731,95
10/14/2024,DC-01,North,SKU-SKU-201,364,5.5,457,426,0,0,333,731,95
10/21/2024,DC-01,North,SKU-SKU-201,451,7.4,426,426,1,25,426,731,95
10/28/2024,DC-01,North,SKU-SKU-201,181,7.9,426,695,0,0,450,731,95
11/4/2024,DC-01,North,SKU-SKU-201,344,7.1,695,791,0,0,439,731,95
11/11/2024,DC-01,North,SKU-SKU-201,397,7.5,791,770,0,0,376,731,95
11/18/2024,DC-01,North,SKU-SKU-201,235,5.8,770,944,0,0,409,731,95
11/25/2024,DC-01,North,SKU-SKU-201,600,6,944,776,0,0,432,731,95
12/2/2024,DC-01,North,SKU-SKU-201,63,7.3,776,1164,0,0,452,731,95
12/9/2024,DC-01,North,SKU-SKU-201,357,5,1164,807,0,0,0,731,95
12/16/2024,DC-01,North,SKU-SKU-201,208,8.6,807,1058,0,0,459,731,95
12/23/2024,DC-01,North,SKU-SKU-201,0,6.2,1058,1474,0,0,416,731,95
12/30/2024,DC-01,North,SKU-SKU-201,269,7.1,1474,1205,0,0,0,731,95
1/6/2025,DC-01,North,SKU-SKU-201,344,6.6,1205,861,0,0,0,731,95
1/13/2025,DC-01,North,SKU-SKU-201,828,7.2,861,500,0,0,466,731,95
1/20/2025,DC-01,North,SKU-SKU-201,556,7.8,500,371,1,56,371,731,95
1/27/2025,DC-01,North,SKU-SKU-201,979,6.3,371,452,1,609,452,731,95
2/3/2025,DC-01,North,SKU-SKU-201,650,5.6,452,431,1,198,431,731,95
2/10/2025,DC-01,North,SKU-SKU-201,203,7.1,431,570,0,0,342,731,95
2/17/2025,DC-01,North,SKU-SKU-201,441,4.9,570,526,0,0,397,731,95
2/24/2025,DC-01,North,SKU-SKU-201,81,6.5,526,879,0,0,434,731,95
3/3/2025,DC-01,North,SKU-SKU-201,169,7.5,879,1156,0,0,445,731,95
3/10/2025,DC-01,North,SKU-SKU-201,0,6.3,1156,1156,0,0,0,731,95
3/17/2025,DC-01,North,SKU-SKU-201,278,5.7,1156,878,0,0,0,731,95
3/24/2025,DC-01,North,SKU-SKU-201,425,7.1,878,844,0,0,391,731,95
3/31/2025,DC-01,North,SKU-SKU-201,334,7.7,844,870,0,0,361,731,95
4/7/2025,DC-01,North,SKU-SKU-201,677,6.4,870,654,0,0,461,731,95
4/14/2025,DC-01,North,SKU-SKU-201,217,5.8,654,908,0,0,471,731,95
4/21/2025,DC-01,North,SKU-SKU-201,236,7.5,908,1097,0,0,426,731,95
4/28/2025,DC-01,North,SKU-SKU-201,357,8.1,1097,740,0,0,0,731,95
5/5/2025,DC-01,North,SKU-SKU-201,428,4.8,740,775,0,0,462,731,95
5/12/2025,DC-01,North,SKU-SKU-201,996,7,775,367,1,221,367,731,95
5/19/2025,DC-01,North,SKU-SKU-201,615,8.4,367,410,1,248,410,731,95
5/26/2025,DC-01,North,SKU-SKU-201,395,7,410,352,0,0,337,731,95
6/2/2025,DC-01,North,SKU-SKU-201,340,7.2,352,344,0,0,332,731,95
6/9/2025,DC-01,North,SKU-SKU-201,812,7.8,344,460,1,468,460,731,95
6/16/2025,DC-01,North,SKU-SKU-201,379,7.8,460,487,0,0,405,731,95
6/23/2025,DC-01,North,SKU-SKU-201,31,5.8,487,830,0,0,374,731,95
6/30/2025,DC-01,North,SKU-SKU-201,635,6.6,830,574,0,0,379,731,95
7/7/2025,DC-01,North,SKU-SKU-201,451,8.2,574,518,0,0,394,731,95
7/14/2025,DC-01,North,SKU-SKU-201,98,8.8,518,762,0,0,342,731,95
7/21/2025,DC-01,North,SKU-SKU-201,423,8.6,762,712,0,0,372,731,95
7/28/2025,DC-01,North,SKU-SKU-201,642,8.3,712,429,0,0,360,731,95
8/4/2025,DC-01,North,SKU-SKU-201,409,5.9,429,434,0,0,414,731,95
8/11/2025,DC-01,North,SKU-SKU-201,278,5.2,434,549,0,0,393,731,95
8/18/2025,DC-01,North,SKU-SKU-201,840,7,549,464,1,291,464,731,95
8/25/2025,DC-01,North,SKU-SKU-201,58,6.9,464,772,0,0,366,731,95
9/1/2025,DC-01,North,SKU-SKU-201,262,7.4,772,971,0,0,460,731,95
9/8/2025,DC-01,North,SKU-SKU-201,339,7.5,971,1088,0,0,456,731,95
9/15/2025,DC-01,North,SKU-SKU-201,330,6.4,1088,1109,0,0,352,731,95
9/22/2025,DC-01,North,SKU-SKU-201,410,6.1,1109,699,0,0,0,731,95
9/29/2025,DC-01,North,SKU-SKU-201,155,7.1,699,907,0,0,362,731,95
10/6/2025,DC-01,North,SKU-SKU-201,283,6.6,907,1054,0,0,430,731,95
10/13/2025,DC-01,North,SKU-SKU-201,124,6.6,1054,1297,0,0,367,731,95
10/20/2025,DC-01,North,SKU-SKU-201,164,6,1297,1133,0,0,0,731,95
10/27/2025,DC-01,North,SKU-SKU-201,177,4.9,1133,956,0,0,0,731,95
11/3/2025,DC-01,North,SKU-SKU-201,108,7.6,956,1318,0,0,470,731,95
11/10/2025,DC-01,North,SKU-SKU-201,94,6.7,1318,1225,0,0,0,731,95
11/17/2025,DC-01,North,SKU-SKU-201,479,5.7,1225,746,0,0,0,731,95
11/24/2025,DC-01,North,SKU-SKU-201,194,8.3,746,883,0,0,332,731,95
12/1/2025,DC-01,North,SKU-SKU-201,483,5.9,883,735,0,0,335,731,95
12/8/2025,DC-01,North,SKU-SKU-201,564,7.3,735,641,0,0,469,731,95
12/15/2025,DC-01,North,SKU-SKU-201,502,7.8,641,587,0,0,449,731,95
12/22/2025,DC-01,North,SKU-SKU-201,130,6.3,587,849,0,0,392,731,95
12/29/2025,DC-01,North,SKU-SKU-201,0,7.4,849,1315,0,0,466,731,95
1/5/2026,DC-01,North,SKU-SKU-201,398,6.3,1315,917,0,0,0,731,95
1/12/2026,DC-01,North,SKU-SKU-201,401,5.3,917,990,0,0,474,731,95
1/19/2026,DC-01,North,SKU-SKU-201,747,5,990,660,0,0,417,731,95
1/26/2026,DC-01,North,SKU-SKU-201,686,6.9,660,334,1,25,334,731,95
2/2/2026,DC-01,North,SKU-SKU-201,432,4.9,334,354,1,97,354,731,95
2/9/2026,DC-01,North,SKU-SKU-201,702,7.1,354,333,1,348,333,731,95
2/16/2026,DC-01,North,SKU-SKU-201,419,6.3,333,449,1,86,449,731,95
2/23/2026,DC-01,North,SKU-SKU-201,606,6,449,384,1,157,384,731,95
3/2/2026,DC-01,North,SKU-SKU-201,345,7.3,384,416,0,0,378,731,95
3/9/2026,DC-01,North,SKU-SKU-201,512,5.6,416,408,1,96,408,731,95
3/16/2026,DC-01,North,SKU-SKU-201,48,6.8,408,717,0,0,357,731,95
3/23/2026,DC-01,North,SKU-SKU-201,364,8.3,717,736,0,0,383,731,95
3/30/2026,DC-01,North,SKU-SKU-201,37,5.2,736,1084,0,0,384,731,95
4/6/2026,DC-01,North,SKU-SKU-201,366,5.6,1084,1179,0,0,460,731,95
4/13/2026,DC-01,North,SKU-SKU-201,399,6.6,1179,780,0,0,0,731,95
4/20/2026,DC-01,North,SKU-SKU-201,664,8,780,485,0,0,369,731,95
4/27/2026,DC-01,North,SKU-SKU-201,665,7.8,485,403,1,180,403,731,95
5/4/2026,DC-01,North,SKU-SKU-201,0,5.5,403,869,0,0,467,731,95
5/11/2026,DC-01,North,SKU-SKU-201,488,5.6,869,816,0,0,434,731,95
5/18/2026,DC-01,North,SKU-SKU-201,692,7.4,816,456,0,0,332,731,95
5/25/2026,DC-01,North,SKU-SKU-201,533,7.3,456,348,1,77,348,731,95
6/1/2026,DC-01,North,SKU-SKU-201,341,7.8,348,460,0,0,453,731,95
6/8/2026,DC-01,North,SKU-SKU-201,67,6.9,460,749,0,0,356,731,95
6/15/2026,DC-01,North,SKU-SKU-201,41,7.6,749,1115,0,0,407,731,95
6/22/2026,DC-01,North,SKU-SKU-201,770,7.7,1115,344,0,0,0,731,95
6/29/2026,DC-01,North,SKU-SKU-201,369,7.4,344,332,1,24,332,731,95
7/6/2026,DC-01,North,SKU-SKU-201,10,6.9,332,739,0,0,418,731,95
7/13/2026,DC-01,North,SKU-SKU-201,268,7.1,739,813,0,0,341,731,95
7/20/2026,DC-01,North,SKU-SKU-201,312,8.4,813,955,0,0,455,731,95
7/27/2026,DC-01,North,SKU-SKU-201,121,8,955,1293,0,0,459,731,95
8/3/2026,DC-01,North,SKU-SKU-201,312,7.5,1293,981,0,0,0,731,95
8/10/2026,DC-01,North,SKU-SKU-201,350,6.2,981,972,0,0,341,731,95
8/17/2026,DC-01,North,SKU-SKU-201,692,7.4,972,639,0,0,359,731,95
8/24/2026,DC-01,North,SKU-SKU-201,256,8.2,639,815,0,0,432,731,95
9/2/2024,DC-01,North,SKU-SKU-202,306,7.9,916,610,0,0,0,611,95
9/9/2024,DC-01,North,SKU-SKU-202,364,7.4,610,557,0,0,310,611,95
9/16/2024,DC-01,North,SKU-SKU-202,295,7.3,557,615,0,0,353,611,95
9/23/2024,DC-01,North,SKU-SKU-202,209,5.9,615,698,0,0,293,611,95
9/30/2024,DC-01,North,SKU-SKU-202,280,5.5,698,796,0,0,377,611,95
10/7/2024,DC-01,North,SKU-SKU-202,111,6.3,796,1025,0,0,340,611,95
10/14/2024,DC-01,North,SKU-SKU-202,297,6.2,1025,728,0,0,0,611,95
10/21/2024,DC-01,North,SKU-SKU-202,164,6.9,728,900,0,0,337,611,95
10/28/2024,DC-01,North,SKU-SKU-202,409,5.9,900,783,0,0,291,611,95
11/4/2024,DC-01,North,SKU-SKU-202,250,7.3,783,918,0,0,385,611,95
11/11/2024,DC-01,North,SKU-SKU-202,378,7.6,918,540,0,0,0,611,95
11/18/2024,DC-01,North,SKU-SKU-202,408,7.1,540,453,0,0,321,611,95
11/25/2024,DC-01,North,SKU-SKU-202,239,5.5,453,523,0,0,309,611,95
12/2/2024,DC-01,North,SKU-SKU-202,330,7.5,523,548,0,0,355,611,95
12/9/2024,DC-01,North,SKU-SKU-202,171,6.2,548,714,0,0,337,611,95
12/16/2024,DC-01,North,SKU-SKU-202,408,5.4,714,652,0,0,346,611,95
12/23/2024,DC-01,North,SKU-SKU-202,86,8.8,652,853,0,0,286,611,95
12/30/2024,DC-01,North,SKU-SKU-202,455,6.5,853,741,0,0,343,611,95
1/6/2025,DC-01,North,SKU-SKU-202,76,7.5,741,1010,0,0,345,611,95
1/13/2025,DC-01,North,SKU-SKU-202,349,7.5,1010,661,0,0,0,611,95
1/20/2025,DC-01,North,SKU-SKU-202,429,7.2,661,524,0,0,293,611,95
1/27/2025,DC-01,North,SKU-SKU-202,195,7.9,524,664,0,0,335,611,95
2/3/2025,DC-01,North,SKU-SKU-202,404,7.7,664,613,0,0,353,611,95
2/10/2025,DC-01,North,SKU-SKU-202,292,8.1,613,663,0,0,343,611,95
2/17/2025,DC-01,North,SKU-SKU-202,354,7.5,663,705,0,0,396,611,95
2/24/2025,DC-01,North,SKU-SKU-202,48,7.8,705,951,0,0,294,611,95
3/3/2025,DC-01,North,SKU-SKU-202,399,5.1,951,553,0,0,0,611,95
3/10/2025,DC-01,North,SKU-SKU-202,273,8.1,553,675,0,0,395,611,95
3/17/2025,DC-01,North,SKU-SKU-202,330,8.7,675,634,0,0,290,611,95
3/24/2025,DC-01,North,SKU-SKU-202,384,6.2,634,591,0,0,340,611,95
3/31/2025,DC-01,North,SKU-SKU-202,392,4.7,591,505,0,0,306,611,95
4/7/2025,DC-01,North,SKU-SKU-202,394,7,505,443,0,0,333,611,95
4/14/2025,DC-01,North,SKU-SKU-202,298,6.8,443,444,0,0,299,611,95
4/21/2025,DC-01,North,SKU-SKU-202,314,6.8,444,495,0,0,365,611,95
4/28/2025,DC-01,North,SKU-SKU-202,457,8.4,495,339,0,0,301,611,95
5/5/2025,DC-01,North,SKU-SKU-202,411,6,339,352,1,73,352,611,95
5/12/2025,DC-01,North,SKU-SKU-202,547,6.8,352,328,1,195,328,611,95
5/19/2025,DC-01,North,SKU-SKU-202,178,7.5,328,447,0,0,297,611,95
5/26/2025,DC-01,North,SKU-SKU-202,299,4.3,447,472,0,0,324,611,95
6/2/2025,DC-01,North,SKU-SKU-202,412,7.9,472,340,0,0,281,611,95
6/9/2025,DC-01,North,SKU-SKU-202,394,7.9,340,387,1,54,387,611,95
6/16/2025,DC-01,North,SKU-SKU-202,409,6.7,387,282,1,22,282,611,95
6/23/2025,DC-01,North,SKU-SKU-202,234,7.2,282,361,0,0,313,611,95
6/30/2025,DC-01,North,SKU-SKU-202,90,7.4,361,568,0,0,297,611,95
7/7/2025,DC-01,North,SKU-SKU-202,266,7.1,568,652,0,0,351,611,95
7/14/2025,DC-01,North,SKU-SKU-202,114,4.4,652,886,0,0,348,611,95
7/21/2025,DC-01,North,SKU-SKU-202,321,7.5,886,859,0,0,294,611,95
7/28/2025,DC-01,North,SKU-SKU-202,297,8,859,855,0,0,293,611,95
8/4/2025,DC-01,North,SKU-SKU-202,221,7.2,855,1031,0,0,396,611,95
8/11/2025,DC-01,North,SKU-SKU-202,286,5.9,1031,745,0,0,0,611,95
8/18/2025,DC-01,North,SKU-SKU-202,441,6.7,745,615,0,0,312,611,95
8/25/2025,DC-01,North,SKU-SKU-202,200,7.5,615,725,0,0,309,611,95
9/1/2025,DC-01,North,SKU-SKU-202,94,7.4,725,954,0,0,323,611,95
9/8/2025,DC-01,North,SKU-SKU-202,269,6,954,685,0,0,0,611,95
9/15/2025,DC-01,North,SKU-SKU-202,216,7.4,685,852,0,0,383,611,95
9/22/2025,DC-01,North,SKU-SKU-202,290,8.5,852,886,0,0,324,611,95
9/29/2025,DC-01,North,SKU-SKU-202,309,6.1,886,897,0,0,320,611,95
10/6/2025,DC-01,North,SKU-SKU-202,328,6.5,897,915,0,0,346,611,95
10/13/2025,DC-01,North,SKU-SKU-202,311,8,915,932,0,0,328,611,95
10/20/2025,DC-01,North,SKU-SKU-202,88,8.4,932,844,0,0,0,611,95
10/27/2025,DC-01,North,SKU-SKU-202,399,8,844,758,0,0,314,611,95
11/3/2025,DC-01,North,SKU-SKU-202,241,7.4,758,798,0,0,281,611,95
11/10/2025,DC-01,North,SKU-SKU-202,261,9.6,798,895,0,0,358,611,95
11/17/2025,DC-01,North,SKU-SKU-202,292,6.9,895,944,0,0,341,611,95
11/24/2025,DC-01,North,SKU-SKU-202,323,5.9,944,620,0,0,0,611,95
12/1/2025,DC-01,North,SKU-SKU-202,167,6.3,620,804,0,0,351,611,95
12/8/2025,DC-01,North,SKU-SKU-202,229,6.7,804,958,0,0,383,611,95
12/15/2025,DC-01,North,SKU-SKU-202,254,7,958,703,0,0,0,611,95
12/22/2025,DC-01,North,SKU-SKU-202,160,8.2,703,831,0,0,288,611,95
12/29/2025,DC-01,North,SKU-SKU-202,342,6,831,874,0,0,386,611,95
1/5/2026,DC-01,North,SKU-SKU-202,475,7.8,874,777,0,0,377,611,95
1/12/2026,DC-01,North,SKU-SKU-202,345,6.6,777,782,0,0,351,611,95
1/19/2026,DC-01,North,SKU-SKU-202,428,9.3,782,719,0,0,365,611,95
1/26/2026,DC-01,North,SKU-SKU-202,207,9,719,810,0,0,299,611,95
2/2/2026,DC-01,North,SKU-SKU-202,294,6.3,810,793,0,0,276,611,95
2/9/2026,DC-01,North,SKU-SKU-202,131,6,793,1021,0,0,359,611,95
2/16/2026,DC-01,North,SKU-SKU-202,607,4.8,1021,414,0,0,0,611,95
2/23/2026,DC-01,North,SKU-SKU-202,453,5.8,414,341,1,39,341,611,95
3/2/2026,DC-01,North,SKU-SKU-202,219,8,341,435,0,0,313,611,95
3/9/2026,DC-01,North,SKU-SKU-202,362,7.8,435,383,0,0,310,611,95
3/16/2026,DC-01,North,SKU-SKU-202,236,7.3,383,533,0,0,385,611,95
3/23/2026,DC-01,North,SKU-SKU-202,274,7.5,533,636,0,0,377,611,95
3/30/2026,DC-01,North,SKU-SKU-202,343,8.6,636,587,0,0,294,611,95
4/6/2026,DC-01,North,SKU-SKU-202,178,5.7,587,769,0,0,360,611,95
4/13/2026,DC-01,North,SKU-SKU-202,390,8.9,769,755,0,0,376,611,95
4/20/2026,DC-01,North,SKU-SKU-202,439,8.6,755,643,0,0,327,611,95
4/27/2026,DC-01,North,SKU-SKU-202,460,7.1,643,485,0,0,302,611,95
5/4/2026,DC-01,North,SKU-SKU-202,214,6.6,485,653,0,0,381,611,95
5/11/2026,DC-01,North,SKU-SKU-202,300,6.7,653,743,0,0,391,611,95
5/18/2026,DC-01,North,SKU-SKU-202,316,8.2,743,751,0,0,324,611,95
5/25/2026,DC-01,North,SKU-SKU-202,224,8.8,751,845,0,0,319,611,95
6/1/2026,DC-01,North,SKU-SKU-202,336,6.4,845,811,0,0,302,611,95
6/8/2026,DC-01,North,SKU-SKU-202,321,7.9,811,884,0,0,393,611,95
6/15/2026,DC-01,North,SKU-SKU-202,358,5.9,884,893,0,0,366,611,95
6/22/2026,DC-01,North,SKU-SKU-202,393,6.8,893,824,0,0,325,611,95
6/29/2026,DC-01,North,SKU-SKU-202,299,7.3,824,851,0,0,325,611,95
7/6/2026,DC-01,North,SKU-SKU-202,258,7.2,851,966,0,0,374,611,95
7/13/2026,DC-01,North,SKU-SKU-202,256,7.3,966,710,0,0,0,611,95
7/20/2026,DC-01,North,SKU-SKU-202,303,6.3,710,798,0,0,390,611,95
7/27/2026,DC-01,North,SKU-SKU-202,126,6.2,798,960,0,0,288,611,95
8/3/2026,DC-01,North,SKU-SKU-202,250,7.4,960,709,0,0,0,611,95
8/10/2026,DC-01,North,SKU-SKU-202,196,4.8,709,825,0,0,312,611,95
8/17/2026,DC-01,North,SKU-SKU-202,289,6.1,825,819,0,0,283,611,95
8/24/2026,DC-01,North,SKU-SKU-202,356,7.4,819,762,0,0,299,611,95
9/2/2024,DC-01,North,SKU-SKU-203,293,6,845,551,0,0,0,563,95
9/9/2024,DC-01,North,SKU-SKU-203,107,7,551,719,0,0,275,563,95
9/16/2024,DC-01,North,SKU-SKU-203,243,7.1,719,755,0,0,279,563,95
9/23/2024,DC-01,North,SKU-SKU-203,53,7.4,755,1043,0,0,341,563,95
9/30/2024,DC-01,North,SKU-SKU-203,193,6.6,1043,850,0,0,0,563,95
10/7/2024,DC-01,North,SKU-SKU-203,249,6.6,850,601,0,0,0,563,95
10/14/2024,DC-01,North,SKU-SKU-203,308,7.7,601,594,0,0,302,563,95
10/21/2024,DC-01,North,SKU-SKU-203,212,6.8,594,681,0,0,299,563,95
10/28/2024,DC-01,North,SKU-SKU-203,0,6.9,681,991,0,0,309,563,95
11/4/2024,DC-01,North,SKU-SKU-203,290,7.9,991,701,0,0,0,563,95
11/11/2024,DC-01,North,SKU-SKU-203,13,7.7,701,999,0,0,311,563,95
11/18/2024,DC-01,North,SKU-SKU-203,304,8,999,694,0,0,0,563,95
11/25/2024,DC-01,North,SKU-SKU-203,283,7.1,694,744,0,0,332,563,95
12/2/2024,DC-01,North,SKU-SKU-203,184,9,744,880,0,0,320,563,95
12/9/2024,DC-01,North,SKU-SKU-203,315,6.1,880,565,0,0,0,563,95
12/16/2024,DC-01,North,SKU-SKU-203,310,6.6,565,619,0,0,364,563,95
12/23/2024,DC-01,North,SKU-SKU-203,412,6.2,619,500,0,0,294,563,95
12/30/2024,DC-01,North,SKU-SKU-203,265,8.3,500,526,0,0,292,563,95
1/6/2025,DC-01,North,SKU-SKU-203,86,7.4,526,728,0,0,288,563,95
1/13/2025,DC-01,North,SKU-SKU-203,276,7.5,728,744,0,0,292,563,95
1/20/2025,DC-01,North,SKU-SKU-203,433,7.5,744,637,0,0,326,563,95
1/27/2025,DC-01,North,SKU-SKU-203,302,7.5,637,604,0,0,269,563,95
2/3/2025,DC-01,North,SKU-SKU-203,409,6,604,554,0,0,360,563,95
2/10/2025,DC-01,North,SKU-SKU-203,275,8.2,554,567,0,0,288,563,95
2/17/2025,DC-01,North,SKU-SKU-203,345,7.3,567,569,0,0,347,563,95
2/24/2025,DC-01,North,SKU-SKU-203,381,5.9,569,534,0,0,346,563,95
3/3/2025,DC-01,North,SKU-SKU-203,614,7.5,534,339,1,80,339,563,95
3/10/2025,DC-01,North,SKU-SKU-203,299,8.2,339,328,0,0,289,563,95
3/17/2025,DC-01,North,SKU-SKU-203,268,8.1,328,356,0,0,296,563,95
3/24/2025,DC-01,North,SKU-SKU-203,358,6.4,356,302,1,2,302,563,95
3/31/2025,DC-01,North,SKU-SKU-203,271,5.4,302,350,0,0,319,563,95
4/7/2025,DC-01,North,SKU-SKU-203,235,5.7,350,448,0,0,333,563,95
4/14/2025,DC-01,North,SKU-SKU-203,324,6.2,448,445,0,0,320,563,95
4/21/2025,DC-01,North,SKU-SKU-203,421,7.1,445,370,0,0,347,563,95
4/28/2025,DC-01,North,SKU-SKU-203,405,7.3,370,263,1,34,263,563,95
5/5/2025,DC-01,North,SKU-SKU-203,334,7.2,263,289,1,71,289,563,95
5/12/2025,DC-01,North,SKU-SKU-203,176,8.2,289,417,0,0,304,563,95
5/19/2025,DC-01,North,SKU-SKU-203,291,7.5,417,415,0,0,290,563,95
5/26/2025,DC-01,North,SKU-SKU-203,261,6.7,415,416,0,0,263,563,95
6/2/2025,DC-01,North,SKU-SKU-203,234,8.8,416,504,0,0,322,563,95
6/9/2025,DC-01,North,SKU-SKU-203,317,5.3,504,541,0,0,353,563,95
6/16/2025,DC-01,North,SKU-SKU-203,294,6.9,541,592,0,0,345,563,95
6/23/2025,DC-01,North,SKU-SKU-203,236,7.4,592,701,0,0,344,563,95
6/30/2025,DC-01,North,SKU-SKU-203,317,6.1,701,702,0,0,319,563,95
7/7/2025,DC-01,North,SKU-SKU-203,176,7.4,702,867,0,0,341,563,95
7/14/2025,DC-01,North,SKU-SKU-203,172,5.9,867,694,0,0,0,563,95
7/21/2025,DC-01,North,SKU-SKU-203,229,8.1,694,815,0,0,349,563,95
7/28/2025,DC-01,North,SKU-SKU-203,356,8.1,815,775,0,0,316,563,95
8/4/2025,DC-01,North,SKU-SKU-203,250,3.8,775,889,0,0,364,563,95
8/11/2025,DC-01,North,SKU-SKU-203,471,6.3,889,418,0,0,0,563,95
8/18/2025,DC-01,North,SKU-SKU-203,243,8.7,418,516,0,0,341,563,95
8/25/2025,DC-01,North,SKU-SKU-203,289,6.6,516,526,0,0,299,563,95
9/1/2025,DC-01,North,SKU-SKU-203,261,7.4,526,582,0,0,316,563,95
9/8/2025,DC-01,North,SKU-SKU-203,468,7,582,407,0,0,294,563,95
9/15/2025,DC-01,North,SKU-SKU-203,173,5.9,407,546,0,0,312,563,95
9/22/2025,DC-01,North,SKU-SKU-203,209,8,546,701,0,0,364,563,95
9/29/2025,DC-01,North,SKU-SKU-203,109,5,701,849,0,0,257,563,95
10/6/2025,DC-01,North,SKU-SKU-203,305,3.7,849,544,0,0,0,563,95
10/13/2025,DC-01,North,SKU-SKU-203,282,6.3,544,539,0,0,276,563,95
10/20/2025,DC-01,North,SKU-SKU-203,425,5.3,539,443,0,0,330,563,95
10/27/2025,DC-01,North,SKU-SKU-203,344,8,443,410,0,0,312,563,95
11/3/2025,DC-01,North,SKU-SKU-203,337,7.5,410,377,0,0,304,563,95
11/10/2025,DC-01,North,SKU-SKU-203,353,6.9,377,319,0,0,294,563,95
11/17/2025,DC-01,North,SKU-SKU-203,247,7.9,319,434,0,0,362,563,95
11/24/2025,DC-01,North,SKU-SKU-203,304,7.4,434,391,0,0,261,563,95
12/1/2025,DC-01,North,SKU-SKU-203,256,6.1,391,460,0,0,325,563,95
12/8/2025,DC-01,North,SKU-SKU-203,135,6.6,460,690,0,0,365,563,95
12/15/2025,DC-01,North,SKU-SKU-203,284,8.1,690,724,0,0,318,563,95
12/22/2025,DC-01,North,SKU-SKU-203,122,7.2,724,882,0,0,280,563,95
12/29/2025,DC-01,North,SKU-SKU-203,234,7.5,882,648,0,0,0,563,95
1/5/2026,DC-01,North,SKU-SKU-203,406,5.5,648,545,0,0,303,563,95
1/12/2026,DC-01,North,SKU-SKU-203,387,6.7,545,452,0,0,294,563,95
1/19/2026,DC-01,North,SKU-SKU-203,420,5.3,452,369,0,0,337,563,95
1/26/2026,DC-01,North,SKU-SKU-203,171,6.6,369,500,0,0,302,563,95
2/2/2026,DC-01,North,SKU-SKU-203,196,6.3,500,670,0,0,366,563,95
2/9/2026,DC-01,North,SKU-SKU-203,356,7.2,670,580,0,0,267,563,95
2/16/2026,DC-01,North,SKU-SKU-203,478,6.1,580,374,0,0,272,563,95
2/23/2026,DC-01,North,SKU-SKU-203,258,7.3,374,382,0,0,266,563,95
3/2/2026,DC-01,North,SKU-SKU-203,219,6.9,382,462,0,0,299,563,95
3/9/2026,DC-01,North,SKU-SKU-203,461,7.9,462,304,0,0,303,563,95
3/16/2026,DC-01,North,SKU-SKU-203,402,6.7,304,271,1,98,271,563,95
3/23/2026,DC-01,North,SKU-SKU-203,202,5,271,339,0,0,270,563,95
3/30/2026,DC-01,North,SKU-SKU-203,229,6.8,339,440,0,0,330,563,95
4/6/2026,DC-01,North,SKU-SKU-203,327,7.2,440,415,0,0,302,563,95
4/13/2026,DC-01,North,SKU-SKU-203,390,8.3,415,378,0,0,353,563,95
4/20/2026,DC-01,North,SKU-SKU-203,200,8,378,492,0,0,314,563,95
4/27/2026,DC-01,North,SKU-SKU-203,391,7.8,492,427,0,0,327,563,95
5/4/2026,DC-01,North,SKU-SKU-203,286,9,427,464,0,0,323,563,95
5/11/2026,DC-01,North,SKU-SKU-203,265,7.9,464,470,0,0,271,563,95
5/18/2026,DC-01,North,SKU-SKU-203,251,7.8,470,486,0,0,267,563,95
5/25/2026,DC-01,North,SKU-SKU-203,318,5.5,486,423,0,0,255,563,95
6/1/2026,DC-01,North,SKU-SKU-203,336,6,423,410,0,0,323,563,95
6/8/2026,DC-01,North,SKU-SKU-203,344,6,410,379,0,0,313,563,95
6/15/2026,DC-01,North,SKU-SKU-203,339,6.4,379,347,0,0,308,563,95
6/22/2026,DC-01,North,SKU-SKU-203,254,6.4,347,385,0,0,292,563,95
6/29/2026,DC-01,North,SKU-SKU-203,250,7.5,385,450,0,0,315,563,95
7/6/2026,DC-01,North,SKU-SKU-203,345,7.6,450,443,0,0,338,563,95
7/13/2026,DC-01,North,SKU-SKU-203,183,8.1,443,553,0,0,293,563,95
7/20/2026,DC-01,North,SKU-SKU-203,380,5.5,553,521,0,0,348,563,95
7/27/2026,DC-01,North,SKU-SKU-203,332,8,521,547,0,0,358,563,95
8/3/2026,DC-01,North,SKU-SKU-203,114,8.5,547,761,0,0,328,563,95
8/10/2026,DC-01,North,SKU-SKU-203,170,5.4,761,943,0,0,352,563,95
8/17/2026,DC-01,North,SKU-SKU-203,247,7.9,943,696,0,0,0,563,95
8/24/2026,DC-01,North,SKU-SKU-203,273,6.9,696,688,0,0,265,563,95
9/2/2024,DC-01,North,SKU-SKU-301,113,7.2,1140,1027,0,0,0,760,95
9/9/2024,DC-01,North,SKU-SKU-301,354,6.7,1027,1135,0,0,462,760,95
9/16/2024,DC-01,North,SKU-SKU-301,663,5,1135,950,0,0,477,760,95
9/23/2024,DC-01,North,SKU-SKU-301,357,6.8,950,1056,0,0,463,760,95
9/30/2024,DC-01,North,SKU-SKU-301,263,6.3,1056,1218,0,0,425,760,95
10/7/2024,DC-01,North,SKU-SKU-301,36,6.3,1218,1182,0,0,0,760,95
10/14/2024,DC-01,North,SKU-SKU-301,135,8.7,1182,1047,0,0,0,760,95
10/21/2024,DC-01,North,SKU-SKU-301,363,5.6,1047,1178,0,0,494,760,95
10/28/2024,DC-01,North,SKU-SKU-301,221,7.2,1178,957,0,0,0,760,95
11/4/2024,DC-01,North,SKU-SKU-301,81,7.3,957,1328,0,0,451,760,95
11/11/2024,DC-01,North,SKU-SKU-301,0,7.7,1328,1328,0,0,0,760,95
11/18/2024,DC-01,North,SKU-SKU-301,204,8.2,1328,1124,0,0,0,760,95
11/25/2024,DC-01,North,SKU-SKU-301,0,7.6,1124,1555,0,0,431,760,95
12/2/2024,DC-01,North,SKU-SKU-301,527,6.6,1555,1028,0,0,0,760,95
12/9/2024,DC-01,North,SKU-SKU-301,505,6.7,1028,892,0,0,370,760,95
12/16/2024,DC-01,North,SKU-SKU-301,229,8.3,892,1029,0,0,366,760,95
12/23/2024,DC-01,North,SKU-SKU-301,244,6.4,1029,1275,0,0,490,760,95
12/30/2024,DC-01,North,SKU-SKU-301,498,8.1,1275,777,0,0,0,760,95
1/6/2025,DC-01,North,SKU-SKU-301,546,8.7,777,677,0,0,446,760,95
1/13/2025,DC-01,North,SKU-SKU-301,272,8.3,677,784,0,0,379,760,95
1/20/2025,DC-01,North,SKU-SKU-301,223,7.1,784,952,0,0,391,760,95
1/27/2025,DC-01,North,SKU-SKU-301,535,6.6,952,777,0,0,360,760,95
2/3/2025,DC-01,North,SKU-SKU-301,529,8.9,777,627,0,0,380,760,95
2/10/2025,DC-01,North,SKU-SKU-301,530,7.1,627,555,0,0,458,760,95
2/17/2025,DC-01,North,SKU-SKU-301,332,7.3,555,717,0,0,493,760,95
2/24/2025,DC-01,North,SKU-SKU-301,0,6.2,717,1205,0,0,489,760,95
3/3/2025,DC-01,North,SKU-SKU-301,520,6,1205,685,0,0,0,760,95
3/10/2025,DC-01,North,SKU-SKU-301,417,7.3,685,708,0,0,441,760,95
3/17/2025,DC-01,North,SKU-SKU-301,583,6.5,708,470,0,0,344,760,95
3/24/2025,DC-01,North,SKU-SKU-301,315,7.9,470,599,0,0,444,760,95
3/31/2025,DC-01,North,SKU-SKU-301,516,8.5,599,508,0,0,425,760,95
4/7/2025,DC-01,North,SKU-SKU-301,293,7.3,508,684,0,0,469,760,95
4/14/2025,DC-01,North,SKU-SKU-301,675,7.4,684,448,0,0,439,760,95
4/21/2025,DC-01,North,SKU-SKU-301,746,7,448,434,1,297,434,760,95
4/28/2025,DC-01,North,SKU-SKU-301,435,6.7,434,456,1,1,456,760,95
5/5/2025,DC-01,North,SKU-SKU-301,529,7.7,456,395,1,73,395,760,95
5/12/2025,DC-01,North,SKU-SKU-301,416,6.8,395,478,1,20,478,760,95
5/19/2025,DC-01,North,SKU-SKU-301,501,6.9,478,377,1,23,377,760,95
5/26/2025,DC-01,North,SKU-SKU-301,379,8.1,377,416,1,2,416,760,95
6/2/2025,DC-01,North,SKU-SKU-301,704,5.3,416,439,1,288,439,760,95
6/9/2025,DC-01,North,SKU-SKU-301,247,6.9,439,581,0,0,388,760,95
6/16/2025,DC-01,North,SKU-SKU-301,593,8.2,581,491,1,12,491,760,95
6/23/2025,DC-01,North,SKU-SKU-301,172,6.4,491,676,0,0,357,760,95
6/30/2025,DC-01,North,SKU-SKU-301,462,7.7,676,594,0,0,379,760,95
7/7/2025,DC-01,North,SKU-SKU-301,109,6.8,594,846,0,0,361,760,95
7/14/2025,DC-01,North,SKU-SKU-301,711,5.8,846,577,0,0,442,760,95
7/21/2025,DC-01,North,SKU-SKU-301,641,6.5,577,347,1,63,347,760,95
7/28/2025,DC-01,North,SKU-SKU-301,230,6.7,347,541,0,0,424,760,95
8/4/2025,DC-01,North,SKU-SKU-301,269,6.2,541,709,0,0,437,760,95
8/11/2025,DC-01,North,SKU-SKU-301,549,6.1,709,548,0,0,387,760,95
8/18/2025,DC-01,North,SKU-SKU-301,241,6.1,548,696,0,0,390,760,95
8/25/2025,DC-01,North,SKU-SKU-301,217,6.8,696,875,0,0,397,760,95
9/1/2025,DC-01,North,SKU-SKU-301,48,8.1,875,1211,0,0,383,760,95
9/8/2025,DC-01,North,SKU-SKU-301,575,6.9,1211,636,0,0,0,760,95
9/15/2025,DC-01,North,SKU-SKU-301,330,8.6,636,734,0,0,427,760,95
9/22/2025,DC-01,North,SKU-SKU-301,687,6.5,734,478,0,0,431,760,95
9/29/2025,DC-01,North,SKU-SKU-301,138,7.5,478,710,0,0,371,760,95
10/6/2025,DC-01,North,SKU-SKU-301,699,5.4,710,353,0,0,342,760,95
10/13/2025,DC-01,North,SKU-SKU-301,185,7.2,353,651,0,0,482,760,95
10/20/2025,DC-01,North,SKU-SKU-301,371,7.4,651,626,0,0,346,760,95
10/27/2025,DC-01,North,SKU-SKU-301,727,6.9,626,441,1,101,441,760,95
11/3/2025,DC-01,North,SKU-SKU-301,286,5.5,441,606,0,0,452,760,95
11/10/2025,DC-01,North,SKU-SKU-301,112,8,606,980,0,0,486,760,95
11/17/2025,DC-01,North,SKU-SKU-301,0,4.6,980,1337,0,0,357,760,95
11/24/2025,DC-01,North,SKU-SKU-301,640,7.3,1337,697,0,0,0,760,95
12/1/2025,DC-01,North,SKU-SKU-301,119,5.8,697,927,0,0,349,760,95
12/8/2025,DC-01,North,SKU-SKU-301,568,6.7,927,851,0,0,492,760,95
12/15/2025,DC-01,North,SKU-SKU-301,164,7.2,851,1169,0,0,483,760,95
12/22/2025,DC-01,North,SKU-SKU-301,519,6.1,1169,651,0,0,0,760,95
12/29/2025,DC-01,North,SKU-SKU-301,375,8,651,657,0,0,380,760,95
1/5/2026,DC-01,North,SKU-SKU-301,22,6.3,657,995,0,0,361,760,95
1/12/2026,DC-01,North,SKU-SKU-301,141,7.3,995,1230,0,0,376,760,95
1/19/2026,DC-01,North,SKU-SKU-301,739,6.9,1230,492,0,0,0,760,95
1/26/2026,DC-01,North,SKU-SKU-301,207,6.8,492,666,0,0,381,760,95
2/2/2026,DC-01,North,SKU-SKU-301,697,7.3,666,378,1,31,378,760,95
2/9/2026,DC-01,North,SKU-SKU-301,602,5.1,378,478,1,225,478,760,95
2/16/2026,DC-01,North,SKU-SKU-301,807,5.4,478,344,1,328,344,760,95
2/23/2026,DC-01,North,SKU-SKU-301,413,7,344,373,1,69,373,760,95
3/2/2026,DC-01,North,SKU-SKU-301,277,7.7,373,446,0,0,350,760,95
3/9/2026,DC-01,North,SKU-SKU-301,462,5.6,446,471,1,16,471,760,95
3/16/2026,DC-01,North,SKU-SKU-301,472,7.6,471,474,1,1,474,760,95
3/23/2026,DC-01,North,SKU-SKU-301,371,6.8,474,535,0,0,432,760,95
3/30/2026,DC-01,North,SKU-SKU-301,476,8.3,535,440,0,0,381,760,95
4/6/2026,DC-01,North,SKU-SKU-301,246,7.9,440,626,0,0,432,760,95
4/13/2026,DC-01,North,SKU-SKU-301,294,6.3,626,708,0,0,376,760,95
4/20/2026,DC-01,North,SKU-SKU-301,482,6.4,708,640,0,0,414,760,95
4/27/2026,DC-01,North,SKU-SKU-301,466,7.2,640,529,0,0,355,760,95
5/4/2026,DC-01,North,SKU-SKU-301,359,6.3,529,615,0,0,445,760,95
5/11/2026,DC-01,North,SKU-SKU-301,781,8.4,615,454,1,166,454,760,95
5/18/2026,DC-01,North,SKU-SKU-301,954,6.3,454,430,1,500,430,760,95
5/25/2026,DC-01,North,SKU-SKU-301,90,6.8,430,787,0,0,447,760,95
6/1/2026,DC-01,North,SKU-SKU-301,702,7.2,787,468,0,0,382,760,95
6/8/2026,DC-01,North,SKU-SKU-301,146,5.8,468,713,0,0,391,760,95
6/15/2026,DC-01,North,SKU-SKU-301,757,8.1,713,392,1,44,392,760,95
6/22/2026,DC-01,North,SKU-SKU-301,0,6.9,392,757,0,0,365,760,95
6/29/2026,DC-01,North,SKU-SKU-301,215,7.1,757,919,0,0,377,760,95
7/6/2026,DC-01,North,SKU-SKU-301,244,6.2,919,1142,0,0,467,760,95
7/13/2026,DC-01,North,SKU-SKU-301,0,7.1,1142,1142,0,0,0,760,95
7/20/2026,DC-01,North,SKU-SKU-301,497,6.2,1142,645,0,0,0,760,95
7/27/2026,DC-01,North,SKU-SKU-301,603,6.1,645,529,0,0,487,760,95
8/3/2026,DC-01,North,SKU-SKU-301,582,6.5,529,439,1,52,439,760,95
8/10/2026,DC-01,North,SKU-SKU-301,4,6.8,439,883,0,0,449,760,95
8/17/2026,DC-01,North,SKU-SKU-301,247,6.6,883,1020,0,0,384,760,95
8/24/2026,DC-01,North,SKU-SKU-301,356,7.5,1020,1113,0,0,449,760,95
9/2/2024,DC-01,North,SKU-SKU-302,122,6.5,490,368,0,0,0,327,95
9/9/2024,DC-01,North,SKU-SKU-302,168,6.8,368,356,0,0,156,327,95
9/16/2024,DC-01,North,SKU-SKU-302,108,7.6,356,448,0,0,200,327,95
9/23/2024,DC-01,North,SKU-SKU-302,159,6.5,448,469,0,0,180,327,95
9/30/2024,DC-01,North,SKU-SKU-302,230,6.6,469,399,0,0,160,327,95
10/7/2024,DC-01,North,SKU-SKU-302,200,6.3,399,377,0,0,178,327,95
10/14/2024,DC-01,North,SKU-SKU-302,121,6.3,377,464,0,0,208,327,95
10/21/2024,DC-01,North,SKU-SKU-302,75,7.4,464,591,0,0,202,327,95
10/28/2024,DC-01,North,SKU-SKU-302,179,6.5,591,412,0,0,0,327,95
11/4/2024,DC-01,North,SKU-SKU-302,224,6.6,412,353,0,0,164,327,95
11/11/2024,DC-01,North,SKU-SKU-302,136,7.2,353,422,0,0,205,327,95
11/18/2024,DC-01,North,SKU-SKU-302,70,8.9,422,554,0,0,202,327,95
11/25/2024,DC-01,North,SKU-SKU-302,228,8.2,554,326,0,0,0,327,95
12/2/2024,DC-01,North,SKU-SKU-302,137,7.8,326,399,0,0,210,327,95
12/9/2024,DC-01,North,SKU-SKU-302,275,7.9,399,313,0,0,189,327,95
12/16/2024,DC-01,North,SKU-SKU-302,272,5.7,313,234,0,0,193,327,95
12/23/2024,DC-01,North,SKU-SKU-302,0,6.8,234,424,0,0,190,327,95
12/30/2024,DC-01,North,SKU-SKU-302,127,6.8,424,499,0,0,202,327,95
1/6/2025,DC-01,North,SKU-SKU-302,221,6.8,499,278,0,0,0,327,95
1/13/2025,DC-01,North,SKU-SKU-302,145,5.7,278,293,0,0,160,327,95
1/20/2025,DC-01,North,SKU-SKU-302,97,7.5,293,358,0,0,163,327,95
1/27/2025,DC-01,North,SKU-SKU-302,197,7.8,358,315,0,0,153,327,95
2/3/2025,DC-01,North,SKU-SKU-302,45,8.1,315,453,0,0,183,327,95
2/10/2025,DC-01,North,SKU-SKU-302,270,6,453,334,0,0,152,327,95
2/17/2025,DC-01,North,SKU-SKU-302,241,6.9,334,245,0,0,151,327,95
2/24/2025,DC-01,North,SKU-SKU-302,41,7.7,245,386,0,0,182,327,95
3/3/2025,DC-01,North,SKU-SKU-302,129,7.8,386,439,0,0,182,327,95
3/10/2025,DC-01,North,SKU-SKU-302,105,7.4,439,519,0,0,185,327,95
3/17/2025,DC-01,North,SKU-SKU-302,204,5.3,519,314,0,0,0,327,95
3/24/2025,DC-01,North,SKU-SKU-302,91,6.6,314,419,0,0,196,327,95
3/31/2025,DC-01,North,SKU-SKU-302,18,7.7,419,559,0,0,158,327,95
4/7/2025,DC-01,North,SKU-SKU-302,207,6.8,559,353,0,0,0,327,95
4/14/2025,DC-01,North,SKU-SKU-302,184,5.6,353,325,0,0,156,327,95
4/21/2025,DC-01,North,SKU-SKU-302,210,10.6,325,310,0,0,195,327,95
4/28/2025,DC-01,North,SKU-SKU-302,169,6,310,331,0,0,191,327,95
5/5/2025,DC-01,North,SKU-SKU-302,177,7.4,331,332,0,0,178,327,95
5/12/2025,DC-01,North,SKU-SKU-302,42,7.4,332,500,0,0,209,327,95
5/19/2025,DC-01,North,SKU-SKU-302,175,5.9,500,325,0,0,0,327,95
5/26/2025,DC-01,North,SKU-SKU-302,265,5.7,325,237,0,0,177,327,95
6/2/2025,DC-01,North,SKU-SKU-302,166,6.8,237,268,0,0,197,327,95
6/9/2025,DC-01,North,SKU-SKU-302,151,6.7,268,321,0,0,204,327,95
6/16/2025,DC-01,North,SKU-SKU-302,124,7.3,321,375,0,0,178,327,95
6/23/2025,DC-01,North,SKU-SKU-302,372,8,375,214,0,0,212,327,95
6/30/2025,DC-01,North,SKU-SKU-302,0,6.8,214,375,0,0,160,327,95
7/7/2025,DC-01,North,SKU-SKU-302,31,8,375,546,0,0,202,327,95
7/14/2025,DC-01,North,SKU-SKU-302,87,5.3,546,460,0,0,0,327,95
7/21/2025,DC-01,North,SKU-SKU-302,140,8.1,460,529,0,0,209,327,95
7/28/2025,DC-01,North,SKU-SKU-302,105,7.8,529,424,0,0,0,327,95
8/4/2025,DC-01,North,SKU-SKU-302,251,7,424,380,0,0,208,327,95
8/11/2025,DC-01,North,SKU-SKU-302,118,6.6,380,468,0,0,206,327,95
8/18/2025,DC-01,North,SKU-SKU-302,34,7.7,468,641,0,0,206,327,95
8/25/2025,DC-01,North,SKU-SKU-302,0,7.6,641,641,0,0,0,327,95
9/1/2025,DC-01,North,SKU-SKU-302,279,7.3,641,362,0,0,0,327,95
9/8/2025,DC-01,North,SKU-SKU-302,55,9.1,362,463,0,0,155,327,95
9/15/2025,DC-01,North,SKU-SKU-302,203,6.6,463,428,0,0,168,327,95
9/22/2025,DC-01,North,SKU-SKU-302,199,6,428,387,0,0,158,327,95
9/29/2025,DC-01,North,SKU-SKU-302,129,8.2,387,417,0,0,159,327,95
10/6/2025,DC-01,North,SKU-SKU-302,227,7.8,417,349,0,0,158,327,95
10/13/2025,DC-01,North,SKU-SKU-302,198,5.9,349,338,0,0,187,327,95
10/20/2025,DC-01,North,SKU-SKU-302,0,6.6,338,496,0,0,158,327,95
10/27/2025,DC-01,North,SKU-SKU-302,61,7.6,496,435,0,0,0,327,95
11/3/2025,DC-01,North,SKU-SKU-302,131,7,435,486,0,0,182,327,95
11/10/2025,DC-01,North,SKU-SKU-302,147,5.8,486,509,0,0,170,327,95
11/17/2025,DC-01,North,SKU-SKU-302,193,5.9,509,315,0,0,0,327,95
11/24/2025,DC-01,North,SKU-SKU-302,133,7.2,315,358,0,0,176,327,95
12/1/2025,DC-01,North,SKU-SKU-302,218,5.9,358,319,0,0,179,327,95
12/8/2025,DC-01,North,SKU-SKU-302,234,6.3,319,279,0,0,194,327,95
12/15/2025,DC-01,North,SKU-SKU-302,171,5.6,279,304,0,0,196,327,95
12/22/2025,DC-01,North,SKU-SKU-302,161,7.4,304,354,0,0,211,327,95
12/29/2025,DC-01,North,SKU-SKU-302,235,7.9,354,314,0,0,196,327,95
1/5/2026,DC-01,North,SKU-SKU-302,190,7.4,314,296,0,0,172,327,95
1/12/2026,DC-01,North,SKU-SKU-302,117,5.1,296,327,0,0,148,327,95
1/19/2026,DC-01,North,SKU-SKU-302,73,7.1,327,449,0,0,195,327,95
1/26/2026,DC-01,North,SKU-SKU-302,76,6.2,449,569,0,0,196,327,95
2/2/2026,DC-01,North,SKU-SKU-302,195,6.3,569,373,0,0,0,327,95
2/9/2026,DC-01,North,SKU-SKU-302,145,7,373,411,0,0,182,327,95
2/16/2026,DC-01,North,SKU-SKU-302,123,5.1,411,467,0,0,179,327,95
2/23/2026,DC-01,North,SKU-SKU-302,156,8.5,467,518,0,0,207,327,95
3/2/2026,DC-01,North,SKU-SKU-302,250,6.5,518,269,0,0,0,327,95
3/9/2026,DC-01,North,SKU-SKU-302,170,5.9,269,257,0,0,158,327,95
3/16/2026,DC-01,North,SKU-SKU-302,234,5.3,257,232,0,0,209,327,95
3/23/2026,DC-01,North,SKU-SKU-302,177,7.5,232,209,0,0,155,327,95
3/30/2026,DC-01,North,SKU-SKU-302,132,4.4,209,277,0,0,200,327,95
4/6/2026,DC-01,North,SKU-SKU-302,215,7.5,277,261,0,0,199,327,95
4/13/2026,DC-01,North,SKU-SKU-302,97,7.4,261,321,0,0,157,327,95
4/20/2026,DC-01,North,SKU-SKU-302,204,6.3,321,307,0,0,190,327,95
4/27/2026,DC-01,North,SKU-SKU-302,199,6.9,307,275,0,0,167,327,95
5/4/2026,DC-01,North,SKU-SKU-302,152,7.9,275,305,0,0,182,327,95
5/11/2026,DC-01,North,SKU-SKU-302,85,7,305,391,0,0,171,327,95
5/18/2026,DC-01,North,SKU-SKU-302,206,8,391,345,0,0,160,327,95
5/25/2026,DC-01,North,SKU-SKU-302,259,8.8,345,285,0,0,199,327,95
6/1/2026,DC-01,North,SKU-SKU-302,287,7.2,285,171,1,2,171,327,95
6/8/2026,DC-01,North,SKU-SKU-302,0,5.9,171,369,0,0,198,327,95
6/15/2026,DC-01,North,SKU-SKU-302,239,7.7,369,282,0,0,152,327,95
6/22/2026,DC-01,North,SKU-SKU-302,46,6.9,282,425,0,0,189,327,95
6/29/2026,DC-01,North,SKU-SKU-302,127,6.7,425,503,0,0,205,327,95
7/6/2026,DC-01,North,SKU-SKU-302,237,7.9,503,266,0,0,0,327,95
7/13/2026,DC-01,North,SKU-SKU-302,118,6.6,266,330,0,0,183,327,95
7/20/2026,DC-01,North,SKU-SKU-302,174,7.9,330,307,0,0,151,327,95
7/27/2026,DC-01,North,SKU-SKU-302,147,7.2,307,369,0,0,209,327,95
8/3/2026,DC-01,North,SKU-SKU-302,95,8.4,369,477,0,0,203,327,95
8/10/2026,DC-01,North,SKU-SKU-302,124,5.9,477,544,0,0,191,327,95
8/17/2026,DC-01,North,SKU-SKU-302,0,7.5,544,544,0,0,0,327,95
8/24/2026,DC-01,North,SKU-SKU-302,146,6.7,544,398,0,0,0,327,95
9/2/2024,DC-01,North,SKU-SKU-303,698,7.8,1656,958,0,0,0,1104,95
9/9/2024,DC-01,North,SKU-SKU-303,857,6.5,958,802,0,0,701,1104,95
9/16/2024,DC-01,North,SKU-SKU-303,486,8.8,802,1004,0,0,688,1104,95
9/23/2024,DC-01,North,SKU-SKU-303,338,6.4,1004,1207,0,0,541,1104,95
9/30/2024,DC-01,North,SKU-SKU-303,187,7.1,1207,1591,0,0,571,1104,95
10/7/2024,DC-01,North,SKU-SKU-303,166,6.2,1591,1953,0,0,528,1104,95
10/14/2024,DC-01,North,SKU-SKU-303,701,7.2,1953,1252,0,0,0,1104,95
10/21/2024,DC-01,North,SKU-SKU-303,716,7.9,1252,1194,0,0,658,1104,95
10/28/2024,DC-01,North,SKU-SKU-303,449,5,1194,1413,0,0,668,1104,95
11/4/2024,DC-01,North,SKU-SKU-303,1017,6.4,1413,1035,0,0,638,1104,95
11/11/2024,DC-01,North,SKU-SKU-303,323,8.5,1035,1286,0,0,574,1104,95
11/18/2024,DC-01,North,SKU-SKU-303,432,5.7,1286,1451,0,0,596,1104,95
11/25/2024,DC-01,North,SKU-SKU-303,251,6.9,1451,1864,0,0,664,1104,95
12/2/2024,DC-01,North,SKU-SKU-303,310,6.6,1864,1554,0,0,0,1104,95
12/9/2024,DC-01,North,SKU-SKU-303,775,6.4,1554,1297,0,0,518,1104,95
12/16/2024,DC-01,North,SKU-SKU-303,671,7.3,1297,1215,0,0,589,1104,95
12/23/2024,DC-01,North,SKU-SKU-303,2,7.9,1215,1787,0,0,574,1104,95
12/30/2024,DC-01,North,SKU-SKU-303,698,5.6,1787,1090,0,0,0,1104,95
1/6/2025,DC-01,North,SKU-SKU-303,685,6,1090,1114,0,0,709,1104,95
1/13/2025,DC-01,North,SKU-SKU-303,733,6.6,1114,992,0,0,611,1104,95
1/20/2025,DC-01,North,SKU-SKU-303,666,8.3,992,971,0,0,646,1104,95
1/27/2025,DC-01,North,SKU-SKU-303,360,5.3,971,1297,0,0,686,1104,95
2/3/2025,DC-01,North,SKU-SKU-303,283,5.9,1297,1551,0,0,536,1104,95
2/10/2025,DC-01,North,SKU-SKU-303,506,5.5,1551,1628,0,0,583,1104,95
2/17/2025,DC-01,North,SKU-SKU-303,313,7.4,1628,1932,0,0,617,1104,95
2/24/2025,DC-01,North,SKU-SKU-303,898,7.5,1932,1034,0,0,0,1104,95
3/3/2025,DC-01,North,SKU-SKU-303,790,5.6,1034,785,0,0,542,1104,95
3/10/2025,DC-01,North,SKU-SKU-303,595,7.8,785,771,0,0,580,1104,95
3/17/2025,DC-01,North,SKU-SKU-303,567,7.6,771,726,0,0,521,1104,95
3/24/2025,DC-01,North,SKU-SKU-303,382,7.2,726,841,0,0,497,1104,95
3/31/2025,DC-01,North,SKU-SKU-303,751,7.3,841,758,0,0,668,1104,95
4/7/2025,DC-01,North,SKU-SKU-303,489,8.3,758,987,0,0,718,1104,95
4/14/2025,DC-01,North,SKU-SKU-303,737,6.8,987,831,0,0,581,1104,95
4/21/2025,DC-01,North,SKU-SKU-303,783,6.1,831,739,0,0,691,1104,95
4/28/2025,DC-01,North,SKU-SKU-303,878,7,739,502,1,138,502,1104,95
5/5/2025,DC-01,North,SKU-SKU-303,519,7,502,552,1,17,552,1104,95
5/12/2025,DC-01,North,SKU-SKU-303,708,5.8,552,508,1,156,508,1104,95
5/19/2025,DC-01,North,SKU-SKU-303,634,7.8,508,589,1,125,589,1104,95
5/26/2025,DC-01,North,SKU-SKU-303,936,7,589,574,1,347,574,1104,95
6/2/2025,DC-01,North,SKU-SKU-303,563,5.4,574,696,0,0,684,1104,95
6/9/2025,DC-01,North,SKU-SKU-303,415,7.2,696,798,0,0,516,1104,95
6/16/2025,DC-01,North,SKU-SKU-303,891,7.2,798,662,1,93,662,1104,95
6/23/2025,DC-01,North,SKU-SKU-303,970,8.2,662,545,1,307,545,1104,95
6/30/2025,DC-01,North,SKU-SKU-303,786,6.5,545,536,1,241,536,1104,95
7/7/2025,DC-01,North,SKU-SKU-303,298,7.1,536,877,0,0,639,1104,95
7/14/2025,DC-01,North,SKU-SKU-303,266,7.6,877,1309,0,0,699,1104,95
7/21/2025,DC-01,North,SKU-SKU-303,286,6.5,1309,1704,0,0,680,1104,95
7/28/2025,DC-01,North,SKU-SKU-303,525,6.6,1704,1179,0,0,0,1104,95
8/4/2025,DC-01,North,SKU-SKU-303,739,7,1179,1067,0,0,627,1104,95
8/11/2025,DC-01,North,SKU-SKU-303,492,6.7,1067,1144,0,0,569,1104,95
8/18/2025,DC-01,North,SKU-SKU-303,442,5.7,1144,1396,0,0,694,1104,95
8/25/2025,DC-01,North,SKU-SKU-303,527,8,1396,1533,0,0,665,1104,95
9/1/2025,DC-01,North,SKU-SKU-303,222,4,1533,1998,0,0,687,1104,95
9/8/2025,DC-01,North,SKU-SKU-303,545,8.2,1998,1453,0,0,0,1104,95
9/15/2025,DC-01,North,SKU-SKU-303,488,6.2,1453,1527,0,0,562,1104,95
9/22/2025,DC-01,North,SKU-SKU-303,0,7,1527,2145,0,0,617,1104,95
9/29/2025,DC-01,North,SKU-SKU-303,271,7.9,2145,1873,0,0,0,1104,95
10/6/2025,DC-01,North,SKU-SKU-303,819,7.5,1873,1055,0,0,0,1104,95
10/13/2025,DC-01,North,SKU-SKU-303,566,3.6,1055,1068,0,0,580,1104,95
10/20/2025,DC-01,North,SKU-SKU-303,638,7.3,1068,997,0,0,566,1104,95
10/27/2025,DC-01,North,SKU-SKU-303,453,7.8,997,1127,0,0,583,1104,95
11/3/2025,DC-01,North,SKU-SKU-303,501,7.5,1127,1236,0,0,610,1104,95
11/10/2025,DC-01,North,SKU-SKU-303,308,6.8,1236,1486,0,0,558,1104,95
11/17/2025,DC-01,North,SKU-SKU-303,599,6.1,1486,1589,0,0,702,1104,95
11/24/2025,DC-01,North,SKU-SKU-303,593,8.2,1589,1689,0,0,693,1104,95
12/1/2025,DC-01,North,SKU-SKU-303,195,5.8,1689,1493,0,0,0,1104,95
12/8/2025,DC-01,North,SKU-SKU-303,372,6,1493,1810,0,0,688,1104,95
12/15/2025,DC-01,North,SKU-SKU-303,588,7.3,1810,1221,0,0,0,1104,95
12/22/2025,DC-01,North,SKU-SKU-303,496,8.4,1221,1250,0,0,525,1104,95
12/29/2025,DC-01,North,SKU-SKU-303,481,6.7,1250,1479,0,0,710,1104,95
1/5/2026,DC-01,North,SKU-SKU-303,235,5.2,1479,1745,0,0,501,1104,95
1/12/2026,DC-01,North,SKU-SKU-303,634,7.6,1745,1112,0,0,0,1104,95
1/19/2026,DC-01,North,SKU-SKU-303,584,8.7,1112,1238,0,0,711,1104,95
1/26/2026,DC-01,North,SKU-SKU-303,30,5.7,1238,1893,0,0,684,1104,95
2/2/2026,DC-01,North,SKU-SKU-303,626,7.2,1893,1266,0,0,0,1104,95
2/9/2026,DC-01,North,SKU-SKU-303,1037,6.3,1266,880,0,0,650,1104,95
2/16/2026,DC-01,North,SKU-SKU-303,683,6,880,817,0,0,620,1104,95
2/23/2026,DC-01,North,SKU-SKU-303,854,7.8,817,704,1,36,704,1104,95
3/2/2026,DC-01,North,SKU-SKU-303,307,7.5,704,950,0,0,552,1104,95
3/9/2026,DC-01,North,SKU-SKU-303,1218,7.7,950,690,1,268,690,1104,95
3/16/2026,DC-01,North,SKU-SKU-303,889,7.6,690,626,1,198,626,1104,95
3/23/2026,DC-01,North,SKU-SKU-303,761,6.6,626,587,1,136,587,1104,95
3/30/2026,DC-01,North,SKU-SKU-303,808,6.4,587,548,1,221,548,1104,95
4/6/2026,DC-01,North,SKU-SKU-303,608,7.5,548,645,1,60,645,1104,95
4/13/2026,DC-01,North,SKU-SKU-303,742,7,645,558,1,97,558,1104,95
4/20/2026,DC-01,North,SKU-SKU-303,819,5.8,558,521,1,260,521,1104,95
4/27/2026,DC-01,North,SKU-SKU-303,634,5.9,521,703,1,113,703,1104,95
5/4/2026,DC-01,North,SKU-SKU-303,534,5.6,703,752,0,0,583,1104,95
5/11/2026,DC-01,North,SKU-SKU-303,1050,6.1,752,597,1,298,597,1104,95
5/18/2026,DC-01,North,SKU-SKU-303,739,8.4,597,517,1,142,517,1104,95
5/25/2026,DC-01,North,SKU-SKU-303,405,5.5,517,802,0,0,690,1104,95
6/1/2026,DC-01,North,SKU-SKU-303,644,7.9,802,691,0,0,533,1104,95
6/8/2026,DC-01,North,SKU-SKU-303,599,7.3,691,706,0,0,614,1104,95
6/15/2026,DC-01,North,SKU-SKU-303,271,7.3,706,1149,0,0,714,1104,95
6/22/2026,DC-01,North,SKU-SKU-303,836,8.8,1149,929,0,0,615,1104,95
6/29/2026,DC-01,North,SKU-SKU-303,622,7.8,929,991,0,0,684,1104,95
7/6/2026,DC-01,North,SKU-SKU-303,501,6.3,991,1079,0,0,589,1104,95
7/13/2026,DC-01,North,SKU-SKU-303,851,7.1,1079,936,0,0,707,1104,95
7/20/2026,DC-01,North,SKU-SKU-303,765,7.7,936,833,0,0,663,1104,95
7/27/2026,DC-01,North,SKU-SKU-303,446,8.7,833,983,0,0,595,1104,95
8/3/2026,DC-01,North,SKU-SKU-303,626,7.4,983,866,0,0,509,1104,95
8/10/2026,DC-01,North,SKU-SKU-303,223,7.1,866,1263,0,0,619,1104,95
8/17/2026,DC-01,North,SKU-SKU-303,715,7.3,1263,1150,0,0,602,1104,95
8/24/2026,DC-01,North,SKU-SKU-303,835,6.6,1150,855,0,0,540,1104,95
9/2/2024,DC-01,North,SKU-SKU-401,293,5.9,761,468,0,0,0,507,95
9/9/2024,DC-01,North,SKU-SKU-401,300,6.3,468,424,0,0,256,507,95
9/16/2024,DC-01,North,SKU-SKU-401,206,6.4,424,463,0,0,246,507,95
9/23/2024,DC-01,North,SKU-SKU-401,121,7.5,463,611,0,0,269,507,95
9/30/2024,DC-01,North,SKU-SKU-401,158,6.6,611,752,0,0,299,507,95
10/7/2024,DC-01,North,SKU-SKU-401,199,7.9,752,863,0,0,310,507,95
10/14/2024,DC-01,North,SKU-SKU-401,234,6.9,863,629,0,0,0,507,95
10/21/2024,DC-01,North,SKU-SKU-401,332,7.1,629,621,0,0,324,507,95
10/28/2024,DC-01,North,SKU-SKU-401,236,7.7,621,711,0,0,326,507,95
11/4/2024,DC-01,North,SKU-SKU-401,297,5.4,711,701,0,0,287,507,95
11/11/2024,DC-01,North,SKU-SKU-401,230,8,701,721,0,0,250,507,95
11/18/2024,DC-01,North,SKU-SKU-401,309,7.2,721,661,0,0,250,507,95
11/25/2024,DC-01,North,SKU-SKU-401,273,7.1,661,659,0,0,270,507,95
12/2/2024,DC-01,North,SKU-SKU-401,253,8.2,659,635,0,0,230,507,95
12/9/2024,DC-01,North,SKU-SKU-401,223,8.1,635,672,0,0,260,507,95
12/16/2024,DC-01,North,SKU-SKU-401,280,7.4,672,679,0,0,287,507,95
12/23/2024,DC-01,North,SKU-SKU-401,299,7.7,679,636,0,0,255,507,95
12/30/2024,DC-01,North,SKU-SKU-401,229,7.3,636,651,0,0,245,507,95
1/6/2025,DC-01,North,SKU-SKU-401,401,7.4,651,519,0,0,269,507,95
1/13/2025,DC-01,North,SKU-SKU-401,236,6,519,610,0,0,326,507,95
1/20/2025,DC-01,North,SKU-SKU-401,212,6.7,610,710,0,0,312,507,95
1/27/2025,DC-01,North,SKU-SKU-401,299,6,710,661,0,0,249,507,95
2/3/2025,DC-01,North,SKU-SKU-401,273,6.7,661,710,0,0,323,507,95
2/10/2025,DC-01,North,SKU-SKU-401,145,6,710,813,0,0,248,507,95
2/17/2025,DC-01,North,SKU-SKU-401,349,8.4,813,464,0,0,0,507,95
2/24/2025,DC-01,North,SKU-SKU-401,183,7.7,464,583,0,0,301,507,95
3/3/2025,DC-01,North,SKU-SKU-401,246,5.4,583,661,0,0,324,507,95
3/10/2025,DC-01,North,SKU-SKU-401,280,8.3,661,699,0,0,318,507,95
3/17/2025,DC-01,North,SKU-SKU-401,374,7.5,699,562,0,0,237,507,95
3/24/2025,DC-01,North,SKU-SKU-401,265,6.4,562,608,0,0,311,507,95
3/31/2025,DC-01,North,SKU-SKU-401,288,7.4,608,579,0,0,258,507,95
4/7/2025,DC-01,North,SKU-SKU-401,389,8.6,579,434,0,0,244,507,95
4/14/2025,DC-01,North,SKU-SKU-401,393,8.4,434,286,0,0,245,507,95
4/21/2025,DC-01,North,SKU-SKU-401,314,7,286,277,1,28,277,507,95
4/28/2025,DC-01,North,SKU-SKU-401,237,5.6,277,344,0,0,304,507,95
5/5/2025,DC-01,North,SKU-SKU-401,235,6.2,344,398,0,0,289,507,95
5/12/2025,DC-01,North,SKU-SKU-401,276,6.6,398,417,0,0,295,507,95
5/19/2025,DC-01,North,SKU-SKU-401,264,7.3,417,481,0,0,328,507,95
5/26/2025,DC-01,North,SKU-SKU-401,241,7.9,481,556,0,0,315,507,95
6/2/2025,DC-01,North,SKU-SKU-401,368,7,556,465,0,0,277,507,95
6/9/2025,DC-01,North,SKU-SKU-401,246,7.5,465,511,0,0,293,507,95
6/16/2025,DC-01,North,SKU-SKU-401,356,6.4,511,475,0,0,320,507,95
6/23/2025,DC-01,North,SKU-SKU-401,257,5.1,475,447,0,0,229,507,95
6/30/2025,DC-01,North,SKU-SKU-401,113,6.1,447,626,0,0,292,507,95
7/7/2025,DC-01,North,SKU-SKU-401,153,7.3,626,789,0,0,315,507,95
7/14/2025,DC-01,North,SKU-SKU-401,236,7.7,789,552,0,0,0,507,95
7/21/2025,DC-01,North,SKU-SKU-401,301,8.5,552,536,0,0,285,507,95
7/28/2025,DC-01,North,SKU-SKU-401,209,6.3,536,580,0,0,253,507,95
8/4/2025,DC-01,North,SKU-SKU-401,240,7,580,607,0,0,267,507,95
8/11/2025,DC-01,North,SKU-SKU-401,257,6.2,607,595,0,0,245,507,95
8/18/2025,DC-01,North,SKU-SKU-401,241,8,595,675,0,0,320,507,95
8/25/2025,DC-01,North,SKU-SKU-401,223,8.1,675,753,0,0,301,507,95
9/1/2025,DC-01,North,SKU-SKU-401,286,6.7,753,765,0,0,298,507,95
9/8/2025,DC-01,North,SKU-SKU-401,262,6.8,765,503,0,0,0,507,95
9/15/2025,DC-01,North,SKU-SKU-401,218,5.7,503,601,0,0,316,507,95
9/22/2025,DC-01,North,SKU-SKU-401,222,8.2,601,685,0,0,306,507,95
9/29/2025,DC-01,North,SKU-SKU-401,100,6.5,685,829,0,0,244,507,95
10/6/2025,DC-01,North,SKU-SKU-401,197,6,829,632,0,0,0,507,95
10/13/2025,DC-01,North,SKU-SKU-401,178,5.5,632,707,0,0,252,507,95
10/20/2025,DC-01,North,SKU-SKU-401,313,6.1,707,686,0,0,292,507,95
10/27/2025,DC-01,North,SKU-SKU-401,189,6.8,686,808,0,0,312,507,95
11/3/2025,DC-01,North,SKU-SKU-401,236,8,808,573,0,0,0,507,95
11/10/2025,DC-01,North,SKU-SKU-401,200,7,573,639,0,0,266,507,95
11/17/2025,DC-01,North,SKU-SKU-401,241,5,639,693,0,0,296,507,95
11/24/2025,DC-01,North,SKU-SKU-401,307,8.3,693,712,0,0,326,507,95
12/1/2025,DC-01,North,SKU-SKU-401,336,7.7,712,689,0,0,313,507,95
12/8/2025,DC-01,North,SKU-SKU-401,180,8.8,689,768,0,0,259,507,95
12/15/2025,DC-01,North,SKU-SKU-401,205,4.7,768,564,0,0,0,507,95
12/22/2025,DC-01,North,SKU-SKU-401,189,7.2,564,698,0,0,323,507,95
12/29/2025,DC-01,North,SKU-SKU-401,342,6,698,676,0,0,320,507,95
1/5/2026,DC-01,North,SKU-SKU-401,321,5.7,676,603,0,0,248,507,95
1/12/2026,DC-01,North,SKU-SKU-401,266,6.5,603,635,0,0,299,507,95
1/19/2026,DC-01,North,SKU-SKU-401,297,6.3,635,613,0,0,274,507,95
1/26/2026,DC-01,North,SKU-SKU-401,353,7,613,511,0,0,252,507,95
2/2/2026,DC-01,North,SKU-SKU-401,335,8.9,511,456,0,0,280,507,95
2/9/2026,DC-01,North,SKU-SKU-401,238,8.2,456,485,0,0,267,507,95
2/16/2026,DC-01,North,SKU-SKU-401,256,6.1,485,473,0,0,244,507,95
2/23/2026,DC-01,North,SKU-SKU-401,340,6.5,473,413,0,0,280,507,95
3/2/2026,DC-01,North,SKU-SKU-401,242,8.4,413,434,0,0,263,507,95
3/9/2026,DC-01,North,SKU-SKU-401,236,6.4,434,520,0,0,322,507,95
3/16/2026,DC-01,North,SKU-SKU-401,321,7.7,520,509,0,0,310,507,95
3/23/2026,DC-01,North,SKU-SKU-401,330,5.5,509,487,0,0,308,507,95
3/30/2026,DC-01,North,SKU-SKU-401,368,6.7,487,433,0,0,314,507,95
4/6/2026,DC-01,North,SKU-SKU-401,282,6.9,433,428,0,0,276,507,95
4/13/2026,DC-01,North,SKU-SKU-401,263,8.3,428,462,0,0,297,507,95
4/20/2026,DC-01,North,SKU-SKU-401,393,6.8,462,344,0,0,275,507,95
4/27/2026,DC-01,North,SKU-SKU-401,285,4.7,344,344,0,0,286,507,95
5/4/2026,DC-01,North,SKU-SKU-401,242,6.3,344,388,0,0,286,507,95
5/11/2026,DC-01,North,SKU-SKU-401,224,7.6,388,443,0,0,278,507,95
5/18/2026,DC-01,North,SKU-SKU-401,287,6.7,443,484,0,0,328,507,95
5/25/2026,DC-01,North,SKU-SKU-401,382,8,484,384,0,0,282,507,95
6/1/2026,DC-01,North,SKU-SKU-401,284,6.5,384,340,0,0,240,507,95
6/8/2026,DC-01,North,SKU-SKU-401,241,7.8,340,393,0,0,294,507,95
6/15/2026,DC-01,North,SKU-SKU-401,246,7.6,393,428,0,0,281,507,95
6/22/2026,DC-01,North,SKU-SKU-401,323,6,428,375,0,0,270,507,95
6/29/2026,DC-01,North,SKU-SKU-401,293,7.7,375,378,0,0,297,507,95
7/6/2026,DC-01,North,SKU-SKU-401,196,7.5,378,435,0,0,253,507,95
7/13/2026,DC-01,North,SKU-SKU-401,290,5.8,435,397,0,0,252,507,95
7/20/2026,DC-01,North,SKU-SKU-401,175,8.4,397,475,0,0,254,507,95
7/27/2026,DC-01,North,SKU-SKU-401,215,7.3,475,581,0,0,320,507,95
8/3/2026,DC-01,North,SKU-SKU-401,206,7.3,581,616,0,0,242,507,95
8/10/2026,DC-01,North,SKU-SKU-401,317,7,616,621,0,0,322,507,95
8/17/2026,DC-01,North,SKU-SKU-401,187,6.4,621,694,0,0,260,507,95
8/24/2026,DC-01,North,SKU-SKU-401,169,7.3,694,793,0,0,268,507,95
9/2/2024,DC-01,North,SKU-SKU-402,253,8.4,1455,1202,0,0,0,970,95
9/9/2024,DC-01,North,SKU-SKU-402,276,8.8,1202,1413,0,0,486,970,95
9/16/2024,DC-01,North,SKU-SKU-402,456,7,1413,1541,0,0,584,970,95
9/23/2024,DC-01,North,SKU-SKU-402,332,7.6,1541,1209,0,0,0,970,95
9/30/2024,DC-01,North,SKU-SKU-402,450,7.4,1209,1235,0,0,477,970,95
10/7/2024,DC-01,North,SKU-SKU-402,297,7.1,1235,1468,0,0,529,970,95
10/14/2024,DC-01,North,SKU-SKU-402,515,7.7,1468,953,0,0,0,970,95
10/21/2024,DC-01,North,SKU-SKU-402,401,7.9,953,1146,0,0,593,970,95
10/28/2024,DC-01,North,SKU-SKU-402,300,7.6,1146,1463,0,0,618,970,95
11/4/2024,DC-01,North,SKU-SKU-402,444,7.9,1463,1019,0,0,0,970,95
11/11/2024,DC-01,North,SKU-SKU-402,441,6.9,1019,1172,0,0,594,970,95
11/18/2024,DC-01,North,SKU-SKU-402,458,6.7,1172,1236,0,0,523,970,95
11/25/2024,DC-01,North,SKU-SKU-402,453,7.7,1236,1384,0,0,601,970,95
12/2/2024,DC-01,North,SKU-SKU-402,328,7.4,1384,1606,0,0,550,970,95
12/9/2024,DC-01,North,SKU-SKU-402,432,8.6,1606,1174,0,0,0,970,95
12/16/2024,DC-01,North,SKU-SKU-402,406,8.8,1174,1255,0,0,486,970,95
12/23/2024,DC-01,North,SKU-SKU-402,549,6.6,1255,1205,0,0,499,970,95
12/30/2024,DC-01,North,SKU-SKU-402,485,7.6,1205,1333,0,0,613,970,95
1/6/2025,DC-01,North,SKU-SKU-402,479,7.1,1333,1379,0,0,525,970,95
1/13/2025,DC-01,North,SKU-SKU-402,487,7.2,1379,1434,0,0,541,970,95
1/20/2025,DC-01,North,SKU-SKU-402,623,7.2,1434,1439,0,0,628,970,95
1/27/2025,DC-01,North,SKU-SKU-402,483,6.3,1439,1580,0,0,624,970,95
2/3/2025,DC-01,North,SKU-SKU-402,662,7.6,1580,918,0,0,0,970,95
2/10/2025,DC-01,North,SKU-SKU-402,507,6.5,918,902,0,0,491,970,95
2/17/2025,DC-01,North,SKU-SKU-402,496,6.3,902,849,0,0,443,970,95
2/24/2025,DC-01,North,SKU-SKU-402,376,7.5,849,1052,0,0,579,970,95
3/3/2025,DC-01,North,SKU-SKU-402,596,8,1052,1001,0,0,544,970,95
3/10/2025,DC-01,North,SKU-SKU-402,494,8,1001,947,0,0,440,970,95
3/17/2025,DC-01,North,SKU-SKU-402,491,6.3,947,1011,0,0,555,970,95
3/24/2025,DC-01,North,SKU-SKU-402,516,7.5,1011,1052,0,0,557,970,95
3/31/2025,DC-01,North,SKU-SKU-402,702,7.6,1052,825,0,0,475,970,95
4/7/2025,DC-01,North,SKU-SKU-402,717,5.2,825,704,0,0,597,970,95
4/14/2025,DC-01,North,SKU-SKU-402,565,6,704,696,0,0,557,970,95
4/21/2025,DC-01,North,SKU-SKU-402,538,8,696,784,0,0,626,970,95
4/28/2025,DC-01,North,SKU-SKU-402,653,6.6,784,656,0,0,525,970,95
5/5/2025,DC-01,North,SKU-SKU-402,602,5.8,656,500,0,0,446,970,95
5/12/2025,DC-01,North,SKU-SKU-402,547,6.5,500,589,1,47,589,970,95
5/19/2025,DC-01,North,SKU-SKU-402,507,6.1,589,550,0,0,467,970,95
5/26/2025,DC-01,North,SKU-SKU-402,345,5.7,550,804,0,0,599,970,95
6/2/2025,DC-01,North,SKU-SKU-402,310,7.4,804,989,0,0,494,970,95
6/9/2025,DC-01,North,SKU-SKU-402,522,7.7,989,1066,0,0,599,970,95
6/16/2025,DC-01,North,SKU-SKU-402,561,5.4,1066,1132,0,0,626,970,95
6/23/2025,DC-01,North,SKU-SKU-402,339,6.1,1132,1417,0,0,624,970,95
6/30/2025,DC-01,North,SKU-SKU-402,501,8,1417,1462,0,0,547,970,95
7/7/2025,DC-01,North,SKU-SKU-402,450,7.6,1462,1012,0,0,0,970,95
7/14/2025,DC-01,North,SKU-SKU-402,375,6.8,1012,1228,0,0,590,970,95
7/21/2025,DC-01,North,SKU-SKU-402,535,7.5,1228,1130,0,0,437,970,95
7/28/2025,DC-01,North,SKU-SKU-402,453,5.9,1130,1259,0,0,581,970,95
8/4/2025,DC-01,North,SKU-SKU-402,329,8.3,1259,1536,0,0,606,970,95
8/11/2025,DC-01,North,SKU-SKU-402,407,7.4,1536,1129,0,0,0,970,95
8/18/2025,DC-01,North,SKU-SKU-402,364,5.5,1129,1386,0,0,621,970,95
8/25/2025,DC-01,North,SKU-SKU-402,399,7.2,1386,1455,0,0,468,970,95
9/1/2025,DC-01,North,SKU-SKU-402,427,7.3,1455,1517,0,0,489,970,95
9/8/2025,DC-01,North,SKU-SKU-402,375,7.3,1517,1141,0,0,0,970,95
9/15/2025,DC-01,North,SKU-SKU-402,314,5.4,1141,1297,0,0,470,970,95
9/22/2025,DC-01,North,SKU-SKU-402,673,7,1297,1198,0,0,574,970,95
9/29/2025,DC-01,North,SKU-SKU-402,512,6.7,1198,1307,0,0,621,970,95
10/6/2025,DC-01,North,SKU-SKU-402,456,8.1,1307,1340,0,0,489,970,95
10/13/2025,DC-01,North,SKU-SKU-402,438,8.4,1340,1496,0,0,593,970,95
10/20/2025,DC-01,North,SKU-SKU-402,448,7.1,1496,1047,0,0,0,970,95
10/27/2025,DC-01,North,SKU-SKU-402,437,7.7,1047,1101,0,0,490,970,95
11/3/2025,DC-01,North,SKU-SKU-402,426,8.7,1101,1291,0,0,616,970,95
11/10/2025,DC-01,North,SKU-SKU-402,385,7,1291,1465,0,0,558,970,95
11/17/2025,DC-01,North,SKU-SKU-402,399,6.6,1465,1066,0,0,0,970,95
11/24/2025,DC-01,North,SKU-SKU-402,443,7.5,1066,1104,0,0,481,970,95
12/1/2025,DC-01,North,SKU-SKU-402,508,6.8,1104,1099,0,0,503,970,95
12/8/2025,DC-01,North,SKU-SKU-402,512,7.3,1099,1155,0,0,568,970,95
12/15/2025,DC-01,North,SKU-SKU-402,570,8.8,1155,1025,0,0,440,970,95
12/22/2025,DC-01,North,SKU-SKU-402,463,6.9,1025,1150,0,0,588,970,95
12/29/2025,DC-01,North,SKU-SKU-402,449,7,1150,1301,0,0,600,970,95
1/5/2026,DC-01,North,SKU-SKU-402,574,7.4,1301,1352,0,0,625,970,95
1/12/2026,DC-01,North,SKU-SKU-402,440,8.4,1352,1488,0,0,576,970,95
1/19/2026,DC-01,North,SKU-SKU-402,441,5.9,1488,1048,0,0,0,970,95
1/26/2026,DC-01,North,SKU-SKU-402,556,7.6,1048,1012,0,0,521,970,95
2/2/2026,DC-01,North,SKU-SKU-402,482,9.4,1012,1075,0,0,545,970,95
2/9/2026,DC-01,North,SKU-SKU-402,639,5.3,1075,991,0,0,555,970,95
2/16/2026,DC-01,North,SKU-SKU-402,621,8.7,991,878,0,0,507,970,95
2/23/2026,DC-01,North,SKU-SKU-402,537,5.9,878,969,0,0,629,970,95
3/2/2026,DC-01,North,SKU-SKU-402,540,8.4,969,995,0,0,565,970,95
3/9/2026,DC-01,North,SKU-SKU-402,602,6.2,995,842,0,0,449,970,95
3/16/2026,DC-01,North,SKU-SKU-402,610,7.2,842,758,0,0,525,970,95
3/23/2026,DC-01,North,SKU-SKU-402,612,7.6,758,624,0,0,478,970,95
3/30/2026,DC-01,North,SKU-SKU-402,507,7.6,624,738,0,0,621,970,95
4/6/2026,DC-01,North,SKU-SKU-402,635,8.6,738,641,0,0,538,970,95
4/13/2026,DC-01,North,SKU-SKU-402,416,8,641,826,0,0,601,970,95
4/20/2026,DC-01,North,SKU-SKU-402,491,6.4,826,907,0,0,572,970,95
4/27/2026,DC-01,North,SKU-SKU-402,472,6,907,917,0,0,483,970,95
5/4/2026,DC-01,North,SKU-SKU-402,506,7.8,917,852,0,0,441,970,95
5/11/2026,DC-01,North,SKU-SKU-402,618,7.6,852,712,0,0,478,970,95
5/18/2026,DC-01,North,SKU-SKU-402,619,6,712,708,0,0,614,970,95
5/25/2026,DC-01,North,SKU-SKU-402,631,7.5,708,544,0,0,467,970,95
6/1/2026,DC-01,North,SKU-SKU-402,484,7.9,544,650,0,0,591,970,95
6/8/2026,DC-01,North,SKU-SKU-402,602,6.8,650,623,0,0,575,970,95
6/15/2026,DC-01,North,SKU-SKU-402,596,6.5,623,606,0,0,578,970,95
6/22/2026,DC-01,North,SKU-SKU-402,373,7.1,606,718,0,0,485,970,95
6/29/2026,DC-01,North,SKU-SKU-402,335,5.3,718,836,0,0,453,970,95
7/6/2026,DC-01,North,SKU-SKU-402,465,7.2,836,838,0,0,467,970,95
7/13/2026,DC-01,North,SKU-SKU-402,565,5.5,838,872,0,0,599,970,95
7/20/2026,DC-01,North,SKU-SKU-402,617,6.2,872,832,0,0,577,970,95
7/27/2026,DC-01,North,SKU-SKU-402,476,7.6,832,860,0,0,504,970,95
8/3/2026,DC-01,North,SKU-SKU-402,407,8.5,860,1080,0,0,627,970,95
8/10/2026,DC-01,North,SKU-SKU-402,417,7.1,1080,1126,0,0,463,970,95
8/17/2026,DC-01,North,SKU-SKU-402,192,6.3,1126,1494,0,0,559,970,95
8/24/2026,DC-01,North,SKU-SKU-402,617,7.4,1494,877,0,0,0,970,95
9/2/2024,DC-01,North,SKU-SKU-403,198,7.4,777,579,0,0,0,518,95
9/9/2024,DC-01,North,SKU-SKU-403,95,5.5,579,726,0,0,242,518,95
9/16/2024,DC-01,North,SKU-SKU-403,162,6.9,726,832,0,0,267,518,95
9/23/2024,DC-01,North,SKU-SKU-403,0,7.6,832,832,0,0,0,518,95
9/30/2024,DC-01,North,SKU-SKU-403,101,7,832,731,0,0,0,518,95
10/7/2024,DC-01,North,SKU-SKU-403,113,7.9,731,928,0,0,310,518,95
10/14/2024,DC-01,North,SKU-SKU-403,328,6.4,928,600,0,0,0,518,95
10/21/2024,DC-01,North,SKU-SKU-403,165,6.9,600,736,0,0,301,518,95
10/28/2024,DC-01,North,SKU-SKU-403,393,7.5,736,612,0,0,270,518,95
11/4/2024,DC-01,North,SKU-SKU-403,278,6.7,612,662,0,0,328,518,95
11/11/2024,DC-01,North,SKU-SKU-403,5,8.7,662,919,0,0,262,518,95
11/18/2024,DC-01,North,SKU-SKU-403,0,5.9,919,919,0,0,0,518,95
11/25/2024,DC-01,North,SKU-SKU-403,16,6.2,919,903,0,0,0,518,95
12/2/2024,DC-01,North,SKU-SKU-403,300,4.8,903,603,0,0,0,518,95
12/9/2024,DC-01,North,SKU-SKU-403,405,6.2,603,518,0,0,319,518,95
12/16/2024,DC-01,North,SKU-SKU-403,226,5.8,518,555,0,0,264,518,95
12/23/2024,DC-01,North,SKU-SKU-403,55,8.4,555,759,0,0,259,518,95
12/30/2024,DC-01,North,SKU-SKU-403,240,6.2,759,823,0,0,304,518,95
1/6/2025,DC-01,North,SKU-SKU-403,100,8.2,823,723,0,0,0,518,95
1/13/2025,DC-01,North,SKU-SKU-403,537,5.5,723,510,0,0,324,518,95
1/20/2025,DC-01,North,SKU-SKU-403,223,7,510,562,0,0,275,518,95
1/27/2025,DC-01,North,SKU-SKU-403,226,7.5,562,614,0,0,279,518,95
2/3/2025,DC-01,North,SKU-SKU-403,57,6.2,614,828,0,0,270,518,95
2/10/2025,DC-01,North,SKU-SKU-403,292,6.8,828,535,0,0,0,518,95
2/17/2025,DC-01,North,SKU-SKU-403,108,7.6,535,700,0,0,273,518,95
2/24/2025,DC-01,North,SKU-SKU-403,277,7.9,700,754,0,0,330,518,95
3/3/2025,DC-01,North,SKU-SKU-403,436,7.2,754,584,0,0,266,518,95
3/10/2025,DC-01,North,SKU-SKU-403,246,8.2,584,636,0,0,298,518,95
3/17/2025,DC-01,North,SKU-SKU-403,103,6,636,815,0,0,281,518,95
3/24/2025,DC-01,North,SKU-SKU-403,429,5,815,386,0,0,0,518,95
3/31/2025,DC-01,North,SKU-SKU-403,401,6.9,386,335,1,15,335,518,95
4/7/2025,DC-01,North,SKU-SKU-403,513,5.6,335,322,1,179,322,518,95
4/14/2025,DC-01,North,SKU-SKU-403,455,5.1,322,246,1,133,246,518,95
4/21/2025,DC-01,North,SKU-SKU-403,457,7.1,246,271,1,211,271,518,95
4/28/2025,DC-01,North,SKU-SKU-403,287,7.7,271,335,1,16,335,518,95
5/5/2025,DC-01,North,SKU-SKU-403,373,6.7,335,314,1,38,314,518,95
5/12/2025,DC-01,North,SKU-SKU-403,93,5.4,314,533,0,0,313,518,95
5/19/2025,DC-01,North,SKU-SKU-403,430,7.1,533,371,0,0,268,518,95
5/26/2025,DC-01,North,SKU-SKU-403,242,6.6,371,394,0,0,265,518,95
6/2/2025,DC-01,North,SKU-SKU-403,315,6,394,387,0,0,308,518,95
6/9/2025,DC-01,North,SKU-SKU-403,112,6.2,387,558,0,0,284,518,95
6/16/2025,DC-01,North,SKU-SKU-403,159,6.4,558,664,0,0,265,518,95
6/23/2025,DC-01,North,SKU-SKU-403,384,6.4,664,589,0,0,309,518,95
6/30/2025,DC-01,North,SKU-SKU-403,114,7.6,589,713,0,0,238,518,95
7/7/2025,DC-01,North,SKU-SKU-403,296,7.5,713,652,0,0,234,518,95
7/14/2025,DC-01,North,SKU-SKU-403,303,7.7,652,657,0,0,309,518,95
7/21/2025,DC-01,North,SKU-SKU-403,115,7.8,657,852,0,0,310,518,95
7/28/2025,DC-01,North,SKU-SKU-403,78,8.4,852,774,0,0,0,518,95
8/4/2025,DC-01,North,SKU-SKU-403,174,7.1,774,926,0,0,326,518,95
8/11/2025,DC-01,North,SKU-SKU-403,280,6.4,926,646,0,0,0,518,95
8/18/2025,DC-01,North,SKU-SKU-403,171,9,646,795,0,0,320,518,95
8/25/2025,DC-01,North,SKU-SKU-403,124,5.8,795,671,0,0,0,518,95
9/1/2025,DC-01,North,SKU-SKU-403,187,6,671,749,0,0,266,518,95
9/8/2025,DC-01,North,SKU-SKU-403,420,6.9,749,571,0,0,242,518,95
9/15/2025,DC-01,North,SKU-SKU-403,450,6.2,571,432,0,0,312,518,95
9/22/2025,DC-01,North,SKU-SKU-403,259,6,432,484,0,0,310,518,95
9/29/2025,DC-01,North,SKU-SKU-403,454,7.2,484,357,0,0,327,518,95
10/6/2025,DC-01,North,SKU-SKU-403,318,7.3,357,343,0,0,304,518,95
10/13/2025,DC-01,North,SKU-SKU-403,284,6.8,343,356,0,0,297,518,95
10/20/2025,DC-01,North,SKU-SKU-403,138,6.6,356,526,0,0,307,518,95
10/27/2025,DC-01,North,SKU-SKU-403,322,6.5,526,491,0,0,288,518,95
11/3/2025,DC-01,North,SKU-SKU-403,222,7.3,491,542,0,0,272,518,95
11/10/2025,DC-01,North,SKU-SKU-403,158,7.6,542,682,0,0,298,518,95
11/17/2025,DC-01,North,SKU-SKU-403,111,7,682,865,0,0,295,518,95
11/24/2025,DC-01,North,SKU-SKU-403,254,5.5,865,611,0,0,0,518,95
12/1/2025,DC-01,North,SKU-SKU-403,304,7.9,611,640,0,0,333,518,95
12/8/2025,DC-01,North,SKU-SKU-403,37,7.3,640,904,0,0,301,518,95
12/15/2025,DC-01,North,SKU-SKU-403,259,7.5,904,645,0,0,0,518,95
12/22/2025,DC-01,North,SKU-SKU-403,224,7.6,645,658,0,0,236,518,95
12/29/2025,DC-01,North,SKU-SKU-403,307,6.6,658,641,0,0,290,518,95
1/5/2026,DC-01,North,SKU-SKU-403,459,7,641,471,0,0,289,518,95
1/12/2026,DC-01,North,SKU-SKU-403,218,7.8,471,512,0,0,260,518,95
1/19/2026,DC-01,North,SKU-SKU-403,245,6.3,512,571,0,0,303,518,95
1/26/2026,DC-01,North,SKU-SKU-403,361,6.9,571,535,0,0,325,518,95
2/2/2026,DC-01,North,SKU-SKU-403,350,7.9,535,431,0,0,245,518,95
2/9/2026,DC-01,North,SKU-SKU-403,194,6.6,431,549,0,0,311,518,95
2/16/2026,DC-01,North,SKU-SKU-403,229,6.7,549,620,0,0,301,518,95
2/23/2026,DC-01,North,SKU-SKU-403,102,6.2,620,768,0,0,250,518,95
3/2/2026,DC-01,North,SKU-SKU-403,459,7.1,768,622,0,0,314,518,95
3/9/2026,DC-01,North,SKU-SKU-403,186,6.5,622,681,0,0,245,518,95
3/16/2026,DC-01,North,SKU-SKU-403,303,6.3,681,620,0,0,243,518,95
3/23/2026,DC-01,North,SKU-SKU-403,336,6.1,620,571,0,0,286,518,95
3/30/2026,DC-01,North,SKU-SKU-403,333,9.7,571,479,0,0,241,518,95
4/6/2026,DC-01,North,SKU-SKU-403,319,6.9,479,404,0,0,244,518,95
4/13/2026,DC-01,North,SKU-SKU-403,319,7.7,404,326,0,0,241,518,95
4/20/2026,DC-01,North,SKU-SKU-403,382,6.2,326,234,1,55,234,518,95
4/27/2026,DC-01,North,SKU-SKU-403,79,5.3,234,413,0,0,259,518,95
5/4/2026,DC-01,North,SKU-SKU-403,300,7.6,413,428,0,0,315,518,95
5/11/2026,DC-01,North,SKU-SKU-403,278,8.3,428,384,0,0,235,518,95
5/18/2026,DC-01,North,SKU-SKU-403,0,7.2,384,648,0,0,263,518,95
5/25/2026,DC-01,North,SKU-SKU-403,89,6.7,648,865,0,0,307,518,95
6/1/2026,DC-01,North,SKU-SKU-403,387,6.9,865,479,0,0,0,518,95
6/8/2026,DC-01,North,SKU-SKU-403,164,7,479,583,0,0,269,518,95
6/15/2026,DC-01,North,SKU-SKU-403,430,7.7,583,388,0,0,234,518,95
6/22/2026,DC-01,North,SKU-SKU-403,460,7.2,388,314,1,73,314,518,95
6/29/2026,DC-01,North,SKU-SKU-403,179,6.1,314,444,0,0,309,518,95
7/6/2026,DC-01,North,SKU-SKU-403,220,4.2,444,524,0,0,300,518,95
7/13/2026,DC-01,North,SKU-SKU-403,404,6.5,524,443,0,0,323,518,95
7/20/2026,DC-01,North,SKU-SKU-403,175,7.6,443,528,0,0,260,518,95
7/27/2026,DC-01,North,SKU-SKU-403,110,7.5,528,725,0,0,307,518,95
8/3/2026,DC-01,North,SKU-SKU-403,421,7.2,725,591,0,0,287,518,95
8/10/2026,DC-01,North,SKU-SKU-403,283,8.2,591,559,0,0,252,518,95
8/17/2026,DC-01,North,SKU-SKU-403,214,6,559,632,0,0,286,518,95
8/24/2026,DC-01,North,SKU-SKU-403,220,7.4,632,722,0,0,309,518,95
9/2/2024,DC-01,North,SKU-501,210,7.2,540,330,0,0,0,360,95
9/9/2024,DC-01,North,SKU-501,76,8.3,330,476,0,0,222,360,95
9/16/2024,DC-01,North,SKU-501,176,6.5,476,517,0,0,217,360,95
9/23/2024,DC-01,North,SKU-501,236,8.3,517,504,0,0,223,360,95
9/30/2024,DC-01,North,SKU-501,121,7.6,504,580,0,0,197,360,95
10/7/2024,DC-01,North,SKU-501,173,8.8,580,406,0,0,0,360,95
10/14/2024,DC-01,North,SKU-501,75,6.2,406,539,0,0,209,360,95
10/21/2024,DC-01,North,SKU-501,139,7.8,539,596,0,0,196,360,95
10/28/2024,DC-01,North,SKU-501,25,6,596,571,0,0,0,360,95
11/4/2024,DC-01,North,SKU-501,149,6.4,571,422,0,0,0,360,95
11/11/2024,DC-01,North,SKU-501,185,7.4,422,444,0,0,206,360,95
11/18/2024,DC-01,North,SKU-501,144,6.2,444,481,0,0,181,360,95
11/25/2024,DC-01,North,SKU-501,210,6.8,481,466,0,0,196,360,95
12/2/2024,DC-01,North,SKU-501,255,6.2,466,378,0,0,167,360,95
12/9/2024,DC-01,North,SKU-501,51,7.5,378,543,0,0,216,360,95
12/16/2024,DC-01,North,SKU-501,209,6.2,543,335,0,0,0,360,95
12/23/2024,DC-01,North,SKU-501,222,8.4,335,309,0,0,197,360,95
12/30/2024,DC-01,North,SKU-501,212,5.6,309,280,0,0,183,360,95
1/6/2025,DC-01,North,SKU-501,256,6,280,222,0,0,198,360,95
1/13/2025,DC-01,North,SKU-501,198,7,222,253,0,0,229,360,95
1/20/2025,DC-01,North,SKU-501,156,6.2,253,287,0,0,190,360,95
1/27/2025,DC-01,North,SKU-501,309,7.2,287,222,1,21,222,360,95
2/3/2025,DC-01,North,SKU-501,216,6.7,222,211,0,0,205,360,95
2/10/2025,DC-01,North,SKU-501,172,6.7,211,261,0,0,221,360,95
2/17/2025,DC-01,North,SKU-501,148,5.8,261,340,0,0,226,360,95
2/24/2025,DC-01,North,SKU-501,215,5.7,340,329,0,0,204,360,95
3/3/2025,DC-01,North,SKU-501,226,7.3,329,322,0,0,219,360,95
3/10/2025,DC-01,North,SKU-501,271,7.1,322,268,0,0,217,360,95
3/17/2025,DC-01,North,SKU-501,253,7.1,268,191,0,0,176,360,95
3/24/2025,DC-01,North,SKU-501,222,7.6,191,188,1,31,188,360,95
3/31/2025,DC-01,North,SKU-501,317,6.7,188,219,1,129,219,360,95
4/7/2025,DC-01,North,SKU-501,143,7.8,219,306,0,0,230,360,95
4/14/2025,DC-01,North,SKU-501,154,7.3,306,365,0,0,213,360,95
4/21/2025,DC-01,North,SKU-501,138,7.1,365,428,0,0,200,360,95
4/28/2025,DC-01,North,SKU-501,185,5.9,428,474,0,0,232,360,95
5/5/2025,DC-01,North,SKU-501,173,6.7,474,515,0,0,214,360,95
5/12/2025,DC-01,North,SKU-501,268,5.7,515,415,0,0,168,360,95
5/19/2025,DC-01,North,SKU-501,204,6.5,415,413,0,0,202,360,95
5/26/2025,DC-01,North,SKU-501,293,8.3,413,352,0,0,232,360,95
6/2/2025,DC-01,North,SKU-501,131,8,352,450,0,0,229,360,95
6/9/2025,DC-01,North,SKU-501,113,7.5,450,520,0,0,182,360,95
6/16/2025,DC-01,North,SKU-501,173,7.7,520,577,0,0,230,360,95
6/23/2025,DC-01,North,SKU-501,160,7.1,577,416,0,0,0,360,95
6/30/2025,DC-01,North,SKU-501,236,6.3,416,404,0,0,224,360,95
7/7/2025,DC-01,North,SKU-501,142,6.7,404,425,0,0,163,360,95
7/14/2025,DC-01,North,SKU-501,316,6.3,425,289,0,0,181,360,95
7/21/2025,DC-01,North,SKU-501,112,7.2,289,349,0,0,171,360,95
7/28/2025,DC-01,North,SKU-501,103,7.5,349,447,0,0,201,360,95
8/4/2025,DC-01,North,SKU-501,178,7.1,447,494,0,0,225,360,95
8/11/2025,DC-01,North,SKU-501,206,8.3,494,467,0,0,180,360,95
8/18/2025,DC-01,North,SKU-501,102,5.9,467,586,0,0,221,360,95
8/25/2025,DC-01,North,SKU-501,83,6.9,586,503,0,0,0,360,95
9/1/2025,DC-01,North,SKU-501,59,7.4,503,635,0,0,191,360,95
9/8/2025,DC-01,North,SKU-501,168,6.2,635,468,0,0,0,360,95
9/15/2025,DC-01,North,SKU-501,107,6.4,468,528,0,0,168,360,95
9/22/2025,DC-01,North,SKU-501,95,5.7,528,624,0,0,191,360,95
9/29/2025,DC-01,North,SKU-501,173,6.6,624,452,0,0,0,360,95
10/6/2025,DC-01,North,SKU-501,203,8.4,452,422,0,0,173,360,95
10/13/2025,DC-01,North,SKU-501,168,7.2,422,429,0,0,176,360,95
10/20/2025,DC-01,North,SKU-501,72,9.4,429,522,0,0,165,360,95
10/27/2025,DC-01,North,SKU-501,160,7.3,522,568,0,0,206,360,95
11/3/2025,DC-01,North,SKU-501,146,7,568,422,0,0,0,360,95
11/10/2025,DC-01,North,SKU-501,166,8.1,422,440,0,0,184,360,95
11/17/2025,DC-01,North,SKU-501,65,5.3,440,545,0,0,170,360,95
11/24/2025,DC-01,North,SKU-501,183,6.7,545,362,0,0,0,360,95
12/1/2025,DC-01,North,SKU-501,119,8.7,362,470,0,0,228,360,95
12/8/2025,DC-01,North,SKU-501,207,7.8,470,464,0,0,201,360,95
12/15/2025,DC-01,North,SKU-501,148,6.8,464,536,0,0,220,360,95
12/22/2025,DC-01,North,SKU-501,237,8,536,513,0,0,214,360,95
12/29/2025,DC-01,North,SKU-501,195,6.2,513,499,0,0,181,360,95
1/5/2026,DC-01,North,SKU-501,170,7,499,521,0,0,192,360,95
1/12/2026,DC-01,North,SKU-501,135,8.9,521,611,0,0,225,360,95
1/19/2026,DC-01,North,SKU-501,89,7.3,611,522,0,0,0,360,95
1/26/2026,DC-01,North,SKU-501,120,7.3,522,573,0,0,171,360,95
2/2/2026,DC-01,North,SKU-501,272,8.2,573,300,0,0,0,360,95
2/9/2026,DC-01,North,SKU-501,169,7.2,300,309,0,0,177,360,95
2/16/2026,DC-01,North,SKU-501,166,6.8,309,313,0,0,169,360,95
2/23/2026,DC-01,North,SKU-501,308,7.1,313,218,0,0,214,360,95
3/2/2026,DC-01,North,SKU-501,192,6.3,218,225,0,0,198,360,95
3/9/2026,DC-01,North,SKU-501,266,6.3,225,164,1,41,164,360,95
3/16/2026,DC-01,North,SKU-501,167,4.9,164,227,1,3,227,360,95
3/23/2026,DC-01,North,SKU-501,214,7,227,213,0,0,200,360,95
3/30/2026,DC-01,North,SKU-501,211,6.3,213,176,0,0,174,360,95
4/6/2026,DC-01,North,SKU-501,176,7.8,176,197,0,0,196,360,95
4/13/2026,DC-01,North,SKU-501,209,7.4,197,186,1,12,186,360,95
4/20/2026,DC-01,North,SKU-501,167,8.1,186,229,0,0,210,360,95
4/27/2026,DC-01,North,SKU-501,311,5.5,229,200,1,82,200,360,95
5/4/2026,DC-01,North,SKU-501,195,7.1,200,170,0,0,166,360,95
5/11/2026,DC-01,North,SKU-501,285,7.3,170,213,1,115,213,360,95
5/18/2026,DC-01,North,SKU-501,168,10.1,213,221,0,0,176,360,95
5/25/2026,DC-01,North,SKU-501,202,7.7,221,223,0,0,204,360,95
6/1/2026,DC-01,North,SKU-501,148,8.4,223,298,0,0,223,360,95
6/8/2026,DC-01,North,SKU-501,212,6.1,298,296,0,0,211,360,95
6/15/2026,DC-01,North,SKU-501,138,6.7,296,325,0,0,167,360,95
6/22/2026,DC-01,North,SKU-501,196,7.6,325,320,0,0,190,360,95
6/29/2026,DC-01,North,SKU-501,272,5.4,320,255,0,0,207,360,95
7/6/2026,DC-01,North,SKU-501,280,7.7,255,192,1,25,192,360,95
7/13/2026,DC-01,North,SKU-501,166,6.9,192,255,0,0,228,360,95
7/20/2026,DC-01,North,SKU-501,79,6.8,255,350,0,0,175,360,95
7/27/2026,DC-01,North,SKU-501,176,7.6,350,361,0,0,186,360,95
8/3/2026,DC-01,North,SKU-501,211,6.9,361,331,0,0,181,360,95
8/10/2026,DC-01,North,SKU-501,81,6.1,331,483,0,0,233,360,95
8/17/2026,DC-01,North,SKU-501,222,5.5,483,429,0,0,168,360,95
8/24/2026,DC-01,North,SKU-501,272,6.2,429,354,0,0,197,360,95
9/2/2024,DC-01,North,SKU-502,238,8.1,939,701,0,0,0,626,95
9/9/2024,DC-01,North,SKU-502,315,6.5,701,699,0,0,314,626,95
9/16/2024,DC-01,North,SKU-502,283,7.7,699,736,0,0,319,626,95
9/23/2024,DC-01,North,SKU-502,283,8.4,736,783,0,0,330,626,95
9/30/2024,DC-01,North,SKU-502,274,7.6,783,794,0,0,286,626,95
10/7/2024,DC-01,North,SKU-502,216,7.4,794,942,0,0,364,626,95
10/14/2024,DC-01,North,SKU-502,264,6.4,942,678,0,0,0,626,95
10/21/2024,DC-01,North,SKU-502,245,7.3,678,808,0,0,375,626,95
10/28/2024,DC-01,North,SKU-502,335,8.5,808,779,0,0,306,626,95
11/4/2024,DC-01,North,SKU-502,310,7.8,779,774,0,0,305,626,95
11/11/2024,DC-01,North,SKU-502,187,6.7,774,954,0,0,366,626,95
11/18/2024,DC-01,North,SKU-502,272,5.8,954,681,0,0,0,626,95
11/25/2024,DC-01,North,SKU-502,391,7.4,681,642,0,0,351,626,95
12/2/2024,DC-01,North,SKU-502,265,8.4,642,676,0,0,299,626,95
12/9/2024,DC-01,North,SKU-502,376,7.7,676,612,0,0,312,626,95
12/16/2024,DC-01,North,SKU-502,250,5.9,612,742,0,0,380,626,95
12/23/2024,DC-01,North,SKU-502,423,7.2,742,696,0,0,376,626,95
12/30/2024,DC-01,North,SKU-502,350,6.9,696,708,0,0,362,626,95
1/6/2025,DC-01,North,SKU-502,335,7.7,708,769,0,0,397,626,95
1/13/2025,DC-01,North,SKU-502,272,7.9,769,904,0,0,406,626,95
1/20/2025,DC-01,North,SKU-502,259,7,904,939,0,0,294,626,95
1/27/2025,DC-01,North,SKU-502,351,6.4,939,588,0,0,0,626,95
2/3/2025,DC-01,North,SKU-502,391,6.2,588,545,0,0,348,626,95
2/10/2025,DC-01,North,SKU-502,322,5.8,545,619,0,0,396,626,95
2/17/2025,DC-01,North,SKU-502,443,6.6,619,574,0,0,397,626,95
2/24/2025,DC-01,North,SKU-502,240,5.7,574,629,0,0,296,626,95
3/3/2025,DC-01,North,SKU-502,347,7.5,629,637,0,0,354,626,95
3/10/2025,DC-01,North,SKU-502,304,7.8,637,620,0,0,287,626,95
3/17/2025,DC-01,North,SKU-502,437,6.3,620,541,0,0,358,626,95
3/24/2025,DC-01,North,SKU-502,405,7,541,467,0,0,331,626,95
3/31/2025,DC-01,North,SKU-502,365,8.1,467,446,0,0,344,626,95
4/7/2025,DC-01,North,SKU-502,337,7.2,446,401,0,0,292,626,95
4/14/2025,DC-01,North,SKU-502,322,4.9,401,454,0,0,375,626,95
4/21/2025,DC-01,North,SKU-502,357,5.7,454,494,0,0,397,626,95
4/28/2025,DC-01,North,SKU-502,276,6.6,494,545,0,0,327,626,95
5/5/2025,DC-01,North,SKU-502,419,7,545,476,0,0,350,626,95
5/12/2025,DC-01,North,SKU-502,291,7.5,476,550,0,0,365,626,95
5/19/2025,DC-01,North,SKU-502,415,7.1,550,418,0,0,284,626,95
5/26/2025,DC-01,North,SKU-502,236,6.4,418,508,0,0,327,626,95
6/2/2025,DC-01,North,SKU-502,239,6.7,508,632,0,0,362,626,95
6/9/2025,DC-01,North,SKU-502,337,7.3,632,631,0,0,336,626,95
6/16/2025,DC-01,North,SKU-502,366,6.3,631,660,0,0,396,626,95
6/23/2025,DC-01,North,SKU-502,221,6.2,660,809,0,0,369,626,95
6/30/2025,DC-01,North,SKU-502,320,7.2,809,845,0,0,355,626,95
7/7/2025,DC-01,North,SKU-502,314,5.8,845,841,0,0,310,626,95
7/14/2025,DC-01,North,SKU-502,345,6,841,878,0,0,381,626,95
7/21/2025,DC-01,North,SKU-502,260,7.2,878,995,0,0,376,626,95
7/28/2025,DC-01,North,SKU-502,222,6.5,995,773,0,0,0,626,95
8/4/2025,DC-01,North,SKU-502,298,6.5,773,773,0,0,298,626,95
8/11/2025,DC-01,North,SKU-502,332,6.3,773,842,0,0,401,626,95
8/18/2025,DC-01,North,SKU-502,269,6.8,842,961,0,0,388,626,95
8/25/2025,DC-01,North,SKU-502,314,8.9,961,647,0,0,0,626,95
9/1/2025,DC-01,North,SKU-502,208,6.1,647,779,0,0,340,626,95
9/8/2025,DC-01,North,SKU-502,304,6.3,779,846,0,0,370,626,95
9/15/2025,DC-01,North,SKU-502,240,7,846,987,0,0,381,626,95
9/22/2025,DC-01,North,SKU-502,310,7.4,987,677,0,0,0,626,95
9/29/2025,DC-01,North,SKU-502,385,8.3,677,633,0,0,342,626,95
10/6/2025,DC-01,North,SKU-502,229,7.3,633,760,0,0,356,626,95
10/13/2025,DC-01,North,SKU-502,246,6.6,760,804,0,0,290,626,95
10/20/2025,DC-01,North,SKU-502,298,7,804,791,0,0,285,626,95
10/27/2025,DC-01,North,SKU-502,169,6.7,791,1025,0,0,404,626,95
11/3/2025,DC-01,North,SKU-502,370,6.8,1025,655,0,0,0,626,95
11/10/2025,DC-01,North,SKU-502,287,8.1,655,692,0,0,324,626,95
11/17/2025,DC-01,North,SKU-502,302,6.2,692,711,0,0,320,626,95
11/24/2025,DC-01,North,SKU-502,308,7.3,711,756,0,0,354,626,95
12/1/2025,DC-01,North,SKU-502,178,5.4,756,984,0,0,405,626,95
12/8/2025,DC-01,North,SKU-502,289,6.7,984,695,0,0,0,626,95
12/15/2025,DC-01,North,SKU-502,212,6.8,695,794,0,0,311,626,95
12/22/2025,DC-01,North,SKU-502,334,9,794,837,0,0,376,626,95
12/29/2025,DC-01,North,SKU-502,317,7.3,837,832,0,0,313,626,95
1/5/2026,DC-01,North,SKU-502,415,7.7,832,753,0,0,336,626,95
1/12/2026,DC-01,North,SKU-502,280,5.7,753,821,0,0,349,626,95
1/19/2026,DC-01,North,SKU-502,423,8.8,821,787,0,0,388,626,95
1/26/2026,DC-01,North,SKU-502,417,8.8,787,721,0,0,352,626,95
2/2/2026,DC-01,North,SKU-502,318,7.8,721,760,0,0,356,626,95
2/9/2026,DC-01,North,SKU-502,267,9.5,760,890,0,0,398,626,95
2/16/2026,DC-01,North,SKU-502,286,6.7,890,960,0,0,356,626,95
2/23/2026,DC-01,North,SKU-502,422,6.4,960,539,0,0,0,626,95
3/2/2026,DC-01,North,SKU-502,353,7.5,539,551,0,0,366,626,95
3/9/2026,DC-01,North,SKU-502,389,6.1,551,495,0,0,333,626,95
3/16/2026,DC-01,North,SKU-502,297,8,495,576,0,0,377,626,95
3/23/2026,DC-01,North,SKU-502,380,6.4,576,498,0,0,303,626,95
3/30/2026,DC-01,North,SKU-502,399,5.6,498,437,0,0,338,626,95
4/6/2026,DC-01,North,SKU-502,293,6.3,437,456,0,0,312,626,95
4/13/2026,DC-01,North,SKU-502,320,7.1,456,497,0,0,361,626,95
4/20/2026,DC-01,North,SKU-502,273,8.4,497,596,0,0,372,626,95
4/27/2026,DC-01,North,SKU-502,380,6.7,596,611,0,0,394,626,95
5/4/2026,DC-01,North,SKU-502,427,6.5,611,517,0,0,333,626,95
5/11/2026,DC-01,North,SKU-502,333,4.9,517,551,0,0,366,626,95
5/18/2026,DC-01,North,SKU-502,352,7.8,551,565,0,0,367,626,95
5/25/2026,DC-01,North,SKU-502,253,7.2,565,606,0,0,294,626,95
6/1/2026,DC-01,North,SKU-502,364,7.7,606,534,0,0,293,626,95
6/8/2026,DC-01,North,SKU-502,407,7.3,534,444,0,0,317,626,95
6/15/2026,DC-01,North,SKU-502,372,7.3,444,393,0,0,321,626,95
6/22/2026,DC-01,North,SKU-502,196,9.3,393,555,0,0,358,626,95
6/29/2026,DC-01,North,SKU-502,346,7.1,555,537,0,0,328,626,95
7/6/2026,DC-01,North,SKU-502,355,5.7,537,564,0,0,382,626,95
7/13/2026,DC-01,North,SKU-502,342,8.2,564,522,0,0,300,626,95
7/20/2026,DC-01,North,SKU-502,381,5.7,522,456,0,0,316,626,95
7/27/2026,DC-01,North,SKU-502,276,8,456,556,0,0,375,626,95
8/3/2026,DC-01,North,SKU-502,358,5.7,556,529,0,0,330,626,95
8/10/2026,DC-01,North,SKU-502,191,7.1,529,634,0,0,296,626,95
8/17/2026,DC-01,North,SKU-502,393,7.5,634,588,0,0,347,626,95
8/24/2026,DC-01,North,SKU-502,263,7,588,724,0,0,400,626,95
9/2/2024,DC-01,North,SKU-503,225,7,828,603,0,0,0,552,95
9/9/2024,DC-01,North,SKU-503,200,7.5,603,717,0,0,315,552,95
9/16/2024,DC-01,North,SKU-503,268,6.3,717,732,0,0,283,552,95
9/23/2024,DC-01,North,SKU-503,169,6.9,732,871,0,0,309,552,95
9/30/2024,DC-01,North,SKU-503,248,6.3,871,624,0,0,0,552,95
10/7/2024,DC-01,North,SKU-503,163,5.1,624,816,0,0,355,552,95
10/14/2024,DC-01,North,SKU-503,165,7.5,816,962,0,0,311,552,95
10/21/2024,DC-01,North,SKU-503,253,7,962,709,0,0,0,552,95
10/28/2024,DC-01,North,SKU-503,249,7.9,709,769,0,0,310,552,95
11/4/2024,DC-01,North,SKU-503,322,7.7,769,753,0,0,305,552,95
11/11/2024,DC-01,North,SKU-503,236,7.1,753,774,0,0,258,552,95
11/18/2024,DC-01,North,SKU-503,162,6,774,922,0,0,309,552,95
11/25/2024,DC-01,North,SKU-503,246,5.8,922,675,0,0,0,552,95
12/2/2024,DC-01,North,SKU-503,304,7.1,675,668,0,0,296,552,95
12/9/2024,DC-01,North,SKU-503,223,7,668,725,0,0,281,552,95
12/16/2024,DC-01,North,SKU-503,173,5.5,725,895,0,0,343,552,95
12/23/2024,DC-01,North,SKU-503,208,5.6,895,688,0,0,0,552,95
12/30/2024,DC-01,North,SKU-503,281,7,688,699,0,0,292,552,95
1/6/2025,DC-01,North,SKU-503,296,6.9,699,754,0,0,351,552,95
1/13/2025,DC-01,North,SKU-503,268,7.2,754,768,0,0,282,552,95
1/20/2025,DC-01,North,SKU-503,310,3.8,768,748,0,0,290,552,95
1/27/2025,DC-01,North,SKU-503,316,6.1,748,734,0,0,302,552,95
2/3/2025,DC-01,North,SKU-503,362,7.2,734,655,0,0,283,552,95
2/10/2025,DC-01,North,SKU-503,265,7.9,655,651,0,0,262,552,95
2/17/2025,DC-01,North,SKU-503,251,7.1,651,731,0,0,331,552,95
2/24/2025,DC-01,North,SKU-503,356,8.6,731,634,0,0,258,552,95
3/3/2025,DC-01,North,SKU-503,313,6.5,634,624,0,0,303,552,95
3/10/2025,DC-01,North,SKU-503,269,6.1,624,706,0,0,350,552,95
3/17/2025,DC-01,North,SKU-503,312,9.5,706,746,0,0,353,552,95
3/24/2025,DC-01,North,SKU-503,349,7.9,746,706,0,0,309,552,95
3/31/2025,DC-01,North,SKU-503,371,7.5,706,637,0,0,303,552,95
4/7/2025,DC-01,North,SKU-503,273,8,637,645,0,0,281,552,95
4/14/2025,DC-01,North,SKU-503,384,7.7,645,571,0,0,310,552,95
4/21/2025,DC-01,North,SKU-503,253,5.7,571,618,0,0,300,552,95
4/28/2025,DC-01,North,SKU-503,370,6.6,618,510,0,0,262,552,95
5/5/2025,DC-01,North,SKU-503,323,7.9,510,439,0,0,253,552,95
5/12/2025,DC-01,North,SKU-503,326,6.9,439,372,0,0,259,552,95
5/19/2025,DC-01,North,SKU-503,370,7.3,372,295,0,0,293,552,95
5/26/2025,DC-01,North,SKU-503,256,6.3,295,395,0,0,356,552,95
6/2/2025,DC-01,North,SKU-503,232,6.1,395,516,0,0,354,552,95
6/9/2025,DC-01,North,SKU-503,354,7.6,516,449,0,0,287,552,95
6/16/2025,DC-01,North,SKU-503,198,6.1,449,592,0,0,342,552,95
6/23/2025,DC-01,North,SKU-503,310,6.8,592,531,0,0,248,552,95
6/30/2025,DC-01,North,SKU-503,330,7,531,544,0,0,344,552,95
7/7/2025,DC-01,North,SKU-503,270,6.1,544,549,0,0,275,552,95
7/14/2025,DC-01,North,SKU-503,284,6.8,549,588,0,0,323,552,95
7/21/2025,DC-01,North,SKU-503,292,7.3,588,548,0,0,253,552,95
7/28/2025,DC-01,North,SKU-503,268,6.9,548,595,0,0,315,552,95
8/4/2025,DC-01,North,SKU-503,253,6.6,595,684,0,0,343,552,95
8/11/2025,DC-01,North,SKU-503,189,5.6,684,807,0,0,312,552,95
8/18/2025,DC-01,North,SKU-503,149,5.5,807,1005,0,0,347,552,95
8/25/2025,DC-01,North,SKU-503,242,6.7,1005,763,0,0,0,552,95
9/1/2025,DC-01,North,SKU-503,263,6.5,763,813,0,0,314,552,95
9/8/2025,DC-01,North,SKU-503,274,6.9,813,793,0,0,255,552,95
9/15/2025,DC-01,North,SKU-503,267,8.1,793,877,0,0,351,552,95
9/22/2025,DC-01,North,SKU-503,173,6.9,877,704,0,0,0,552,95
9/29/2025,DC-01,North,SKU-503,227,8.2,704,750,0,0,273,552,95
10/6/2025,DC-01,North,SKU-503,243,5.8,750,802,0,0,295,552,95
10/13/2025,DC-01,North,SKU-503,153,6.2,802,968,0,0,320,552,95
10/20/2025,DC-01,North,SKU-503,263,7.6,968,706,0,0,0,552,95
10/27/2025,DC-01,North,SKU-503,281,7.6,706,762,0,0,338,552,95
11/3/2025,DC-01,North,SKU-503,205,8.3,762,911,0,0,355,552,95
11/10/2025,DC-01,North,SKU-503,230,6.9,911,681,0,0,0,552,95
11/17/2025,DC-01,North,SKU-503,175,6.8,681,803,0,0,297,552,95
11/24/2025,DC-01,North,SKU-503,289,6.6,803,821,0,0,308,552,95
12/1/2025,DC-01,North,SKU-503,162,7.3,821,1013,0,0,353,552,95
12/8/2025,DC-01,North,SKU-503,236,7,1013,777,0,0,0,552,95
12/15/2025,DC-01,North,SKU-503,353,9.3,777,782,0,0,358,552,95
12/22/2025,DC-01,North,SKU-503,339,4.3,782,745,0,0,301,552,95
12/29/2025,DC-01,North,SKU-503,188,6.6,745,915,0,0,358,552,95
1/5/2026,DC-01,North,SKU-503,354,7,915,561,0,0,0,552,95
1/12/2026,DC-01,North,SKU-503,323,6.7,561,533,0,0,294,552,95
1/19/2026,DC-01,North,SKU-503,291,8.9,533,520,0,0,278,552,95
1/26/2026,DC-01,North,SKU-503,308,6,520,526,0,0,313,552,95
2/2/2026,DC-01,North,SKU-503,268,7.6,526,607,0,0,350,552,95
2/9/2026,DC-01,North,SKU-503,204,7.4,607,753,0,0,351,552,95
2/16/2026,DC-01,North,SKU-503,340,7.6,753,708,0,0,295,552,95
2/23/2026,DC-01,North,SKU-503,331,5.7,708,659,0,0,283,552,95
3/2/2026,DC-01,North,SKU-503,404,8.2,659,582,0,0,327,552,95
3/9/2026,DC-01,North,SKU-503,312,6.4,582,543,0,0,273,552,95
3/16/2026,DC-01,North,SKU-503,367,5.5,543,512,0,0,335,552,95
3/23/2026,DC-01,North,SKU-503,297,8.2,512,473,0,0,259,552,95
3/30/2026,DC-01,North,SKU-503,285,6.9,473,512,0,0,323,552,95
4/6/2026,DC-01,North,SKU-503,348,6,512,469,0,0,305,552,95
4/13/2026,DC-01,North,SKU-503,304,9.4,469,489,0,0,324,552,95
4/20/2026,DC-01,North,SKU-503,376,6.6,489,389,0,0,277,552,95
4/27/2026,DC-01,North,SKU-503,380,7.5,389,354,0,0,345,552,95
5/4/2026,DC-01,North,SKU-503,289,8.4,354,387,0,0,321,552,95
5/11/2026,DC-01,North,SKU-503,285,6.3,387,417,0,0,315,552,95
5/18/2026,DC-01,North,SKU-503,234,7.3,417,504,0,0,321,552,95
5/25/2026,DC-01,North,SKU-503,233,6.7,504,591,0,0,320,552,95
6/1/2026,DC-01,North,SKU-503,259,7.1,591,582,0,0,250,552,95
6/8/2026,DC-01,North,SKU-503,271,9,582,638,0,0,326,552,95
6/15/2026,DC-01,North,SKU-503,294,7.1,638,667,0,0,323,552,95
6/22/2026,DC-01,North,SKU-503,287,6.2,667,648,0,0,268,552,95
6/29/2026,DC-01,North,SKU-503,272,8,648,713,0,0,337,552,95
7/6/2026,DC-01,North,SKU-503,297,7.9,713,723,0,0,307,552,95
7/13/2026,DC-01,North,SKU-503,266,8.1,723,763,0,0,306,552,95
7/20/2026,DC-01,North,SKU-503,217,6,763,860,0,0,314,552,95
7/27/2026,DC-01,North,SKU-503,224,7,860,637,0,0,0,552,95
8/3/2026,DC-01,North,SKU-503,321,6.2,637,617,0,0,302,552,95
8/10/2026,DC-01,North,SKU-503,193,8.2,617,701,0,0,277,552,95
8/17/2026,DC-01,North,SKU-503,153,5.8,701,843,0,0,295,552,95
8/24/2026,DC-01,North,SKU-503,246,8.1,843,597,0,0,0,552,95
9/2/2024,DC-02,South,SKU-SKU-101,108,12.9,703,596,0,0,0,469,95
9/9/2024,DC-02,South,SKU-SKU-101,194,7.8,596,686,0,0,284,469,95
9/16/2024,DC-02,South,SKU-SKU-101,201,8,686,771,0,0,286,469,95
9/23/2024,DC-02,South,SKU-SKU-101,160,8,771,611,0,0,0,469,95
9/30/2024,DC-02,South,SKU-SKU-101,266,10.7,611,620,0,0,274,469,95
10/7/2024,DC-02,South,SKU-SKU-101,283,8.4,620,630,0,0,294,469,95
10/14/2024,DC-02,South,SKU-SKU-101,0,10.1,630,866,0,0,236,469,95
10/21/2024,DC-02,South,SKU-SKU-101,181,7.7,866,685,0,0,0,469,95
10/28/2024,DC-02,South,SKU-SKU-101,321,7.2,685,668,0,0,304,469,95
11/4/2024,DC-02,South,SKU-SKU-101,43,9.2,668,906,0,0,280,469,95
11/11/2024,DC-02,South,SKU-SKU-101,129,10.3,906,777,0,0,0,469,95
11/18/2024,DC-02,South,SKU-SKU-101,249,9.3,777,528,0,0,0,469,95
11/25/2024,DC-02,South,SKU-SKU-101,163,14.9,528,613,0,0,247,469,95
12/2/2024,DC-02,South,SKU-SKU-101,531,13.1,613,321,0,0,239,469,95
12/9/2024,DC-02,South,SKU-SKU-101,173,13.3,321,440,0,0,292,469,95
12/16/2024,DC-02,South,SKU-SKU-101,383,9.6,440,289,0,0,232,469,95
12/23/2024,DC-02,South,SKU-SKU-101,111,9.3,289,391,0,0,213,469,95
12/30/2024,DC-02,South,SKU-SKU-101,160,6.6,391,442,0,0,211,469,95
1/6/2025,DC-02,South,SKU-SKU-101,409,13,442,279,0,0,246,469,95
1/13/2025,DC-02,South,SKU-SKU-101,228,12.4,279,341,0,0,290,469,95
1/20/2025,DC-02,South,SKU-SKU-101,318,13.2,341,312,0,0,289,469,95
1/27/2025,DC-02,South,SKU-SKU-101,78,7.9,312,532,0,0,298,469,95
2/3/2025,DC-02,South,SKU-SKU-101,140,9.1,532,604,0,0,212,469,95
2/10/2025,DC-02,South,SKU-SKU-101,236,7.9,604,611,0,0,243,469,95
2/17/2025,DC-02,South,SKU-SKU-101,243,6.7,611,617,0,0,249,469,95
2/24/2025,DC-02,South,SKU-SKU-101,204,5.9,617,700,0,0,287,469,95
3/3/2025,DC-02,South,SKU-SKU-101,407,9.3,700,551,0,0,259,469,95
3/10/2025,DC-02,South,SKU-SKU-101,328,8.5,551,488,0,0,264,469,95
3/17/2025,DC-02,South,SKU-SKU-101,346,9.8,488,398,0,0,256,469,95
3/24/2025,DC-02,South,SKU-SKU-101,314,10.5,398,359,0,0,275,469,95
3/31/2025,DC-02,South,SKU-SKU-101,9,8.4,359,653,0,0,302,469,95
4/7/2025,DC-02,South,SKU-SKU-101,527,13.1,653,383,0,0,257,469,95
4/14/2025,DC-02,South,SKU-SKU-101,177,7,383,471,0,0,265,469,95
4/21/2025,DC-02,South,SKU-SKU-101,333,13.5,471,384,0,0,246,469,95
4/28/2025,DC-02,South,SKU-SKU-101,346,9.3,384,304,0,0,266,469,95
5/5/2025,DC-02,South,SKU-SKU-101,160,9.3,304,382,0,0,239,469,95
5/12/2025,DC-02,South,SKU-SKU-101,104,10.2,382,505,0,0,227,469,95
5/19/2025,DC-02,South,SKU-SKU-101,197,9.8,505,564,0,0,256,469,95
5/26/2025,DC-02,South,SKU-SKU-101,84,10.1,564,734,0,0,254,469,95
6/2/2025,DC-02,South,SKU-SKU-101,252,8.2,734,482,0,0,0,469,95
6/9/2025,DC-02,South,SKU-SKU-101,273,6.3,482,426,0,0,218,469,95
6/16/2025,DC-02,South,SKU-SKU-101,413,10.6,426,267,0,0,254,469,95
6/23/2025,DC-02,South,SKU-SKU-101,235,7.1,267,318,0,0,287,469,95
6/30/2025,DC-02,South,SKU-SKU-101,159,8.4,318,435,0,0,276,469,95
7/7/2025,DC-02,South,SKU-SKU-101,201,6.8,435,523,0,0,289,469,95
7/14/2025,DC-02,South,SKU-SKU-101,266,6.5,523,513,0,0,256,469,95
7/21/2025,DC-02,South,SKU-SKU-101,376,8,513,423,0,0,287,469,95
7/28/2025,DC-02,South,SKU-SKU-101,317,7.6,423,327,0,0,222,469,95
8/4/2025,DC-02,South,SKU-SKU-101,181,10.6,327,368,0,0,222,469,95
8/11/2025,DC-02,South,SKU-SKU-101,179,6.5,368,491,0,0,301,469,95
8/18/2025,DC-02,South,SKU-SKU-101,120,9.2,491,602,0,0,232,469,95
8/25/2025,DC-02,South,SKU-SKU-101,12,9.4,602,880,0,0,290,469,95
9/1/2025,DC-02,South,SKU-SKU-101,242,7.1,880,638,0,0,0,469,95
9/8/2025,DC-02,South,SKU-SKU-101,216,9.6,638,655,0,0,233,469,95
9/15/2025,DC-02,South,SKU-SKU-101,275,10.3,655,636,0,0,256,469,95
9/22/2025,DC-02,South,SKU-SKU-101,198,8,636,722,0,0,284,469,95
9/29/2025,DC-02,South,SKU-SKU-101,120,10.5,722,602,0,0,0,469,95
10/6/2025,DC-02,South,SKU-SKU-101,270,7,602,606,0,0,275,469,95
10/13/2025,DC-02,South,SKU-SKU-101,365,12.6,606,466,0,0,225,469,95
10/20/2025,DC-02,South,SKU-SKU-101,177,9.1,466,528,0,0,239,469,95
10/27/2025,DC-02,South,SKU-SKU-101,191,12.5,528,552,0,0,215,469,95
11/3/2025,DC-02,South,SKU-SKU-101,63,11.8,552,731,0,0,241,469,95
11/10/2025,DC-02,South,SKU-SKU-101,97,9.7,731,634,0,0,0,469,95
11/17/2025,DC-02,South,SKU-SKU-101,171,9.8,634,750,0,0,287,469,95
11/24/2025,DC-02,South,SKU-SKU-101,249,10.6,750,501,0,0,0,469,95
12/1/2025,DC-02,South,SKU-SKU-101,228,5.8,501,507,0,0,234,469,95
12/8/2025,DC-02,South,SKU-SKU-101,76,8.1,507,686,0,0,255,469,95
12/15/2025,DC-02,South,SKU-SKU-101,283,5.8,686,653,0,0,250,469,95
12/22/2025,DC-02,South,SKU-SKU-101,215,11.3,653,731,0,0,293,469,95
12/29/2025,DC-02,South,SKU-SKU-101,289,9.9,731,443,0,0,0,469,95
1/5/2026,DC-02,South,SKU-SKU-101,420,8.7,443,257,0,0,234,469,95
1/12/2026,DC-02,South,SKU-SKU-101,177,11.3,257,359,0,0,279,469,95
1/19/2026,DC-02,South,SKU-SKU-101,222,9.5,359,436,0,0,299,469,95
1/26/2026,DC-02,South,SKU-SKU-101,615,9.2,436,269,1,179,269,469,95
2/2/2026,DC-02,South,SKU-SKU-101,174,6.7,269,311,0,0,216,469,95
2/9/2026,DC-02,South,SKU-SKU-101,275,10,311,268,0,0,232,469,95
2/16/2026,DC-02,South,SKU-SKU-101,210,10,268,313,0,0,254,469,95
2/23/2026,DC-02,South,SKU-SKU-101,210,7.4,313,405,0,0,302,469,95
3/2/2026,DC-02,South,SKU-SKU-101,120,9.1,405,546,0,0,262,469,95
3/9/2026,DC-02,South,SKU-SKU-101,332,7.3,546,432,0,0,219,469,95
3/16/2026,DC-02,South,SKU-SKU-101,319,11.2,432,384,0,0,270,469,95
3/23/2026,DC-02,South,SKU-SKU-101,317,11.1,384,287,0,0,220,469,95
3/30/2026,DC-02,South,SKU-SKU-101,82,10.7,287,492,0,0,287,469,95
4/6/2026,DC-02,South,SKU-SKU-101,301,12,492,425,0,0,233,469,95
4/13/2026,DC-02,South,SKU-SKU-101,306,9.6,425,421,0,0,302,469,95
4/20/2026,DC-02,South,SKU-SKU-101,502,4.8,421,276,1,81,276,469,95
4/27/2026,DC-02,South,SKU-SKU-101,306,7.1,276,292,1,31,292,469,95
5/4/2026,DC-02,South,SKU-SKU-101,365,10.6,292,303,1,73,303,469,95
5/11/2026,DC-02,South,SKU-SKU-101,433,13.4,303,271,1,129,271,469,95
5/18/2026,DC-02,South,SKU-SKU-101,463,10.4,271,287,1,192,287,469,95
5/25/2026,DC-02,South,SKU-SKU-101,251,11.6,287,279,0,0,243,469,95
6/1/2026,DC-02,South,SKU-SKU-101,195,7.4,279,296,0,0,212,469,95
6/8/2026,DC-02,South,SKU-SKU-101,326,9.5,296,251,1,30,251,469,95
6/15/2026,DC-02,South,SKU-SKU-101,233,7.3,251,317,0,0,299,469,95
6/22/2026,DC-02,South,SKU-SKU-101,39,10.1,317,547,0,0,269,469,95
6/29/2026,DC-02,South,SKU-SKU-101,236,10.7,547,548,0,0,237,469,95
7/6/2026,DC-02,South,SKU-SKU-101,279,11.1,548,482,0,0,213,469,95
7/13/2026,DC-02,South,SKU-SKU-101,349,6.3,482,419,0,0,286,469,95
7/20/2026,DC-02,South,SKU-SKU-101,194,8.8,419,481,0,0,256,469,95
7/27/2026,DC-02,South,SKU-SKU-101,42,8.7,481,737,0,0,297,469,95
8/3/2026,DC-02,South,SKU-SKU-101,319,11.4,737,418,0,0,0,469,95
8/10/2026,DC-02,South,SKU-SKU-101,372,9.5,418,271,0,0,225,469,95
8/17/2026,DC-02,South,SKU-SKU-101,34,15,271,541,0,0,304,469,95
8/24/2026,DC-02,South,SKU-SKU-101,113,13.3,541,703,0,0,275,469,95
9/2/2024,DC-02,South,SKU-SKU-102,146,7.9,507,361,0,0,0,338,95
9/9/2024,DC-02,South,SKU-SKU-102,203,12.3,361,317,0,0,158,338,95
9/16/2024,DC-02,South,SKU-SKU-102,155,7.7,317,368,0,0,206,338,95
9/23/2024,DC-02,South,SKU-SKU-102,172,8.4,368,374,0,0,178,338,95
9/30/2024,DC-02,South,SKU-SKU-102,154,8.3,374,406,0,0,186,338,95
10/7/2024,DC-02,South,SKU-SKU-102,158,11.5,406,466,0,0,218,338,95
10/14/2024,DC-02,South,SKU-SKU-102,215,7.7,466,446,0,0,195,338,95
10/21/2024,DC-02,South,SKU-SKU-102,0,14.3,446,603,0,0,157,338,95
10/28/2024,DC-02,South,SKU-SKU-102,268,8.1,603,335,0,0,0,338,95
11/4/2024,DC-02,South,SKU-SKU-102,179,9.2,335,351,0,0,196,338,95
11/11/2024,DC-02,South,SKU-SKU-102,191,8.6,351,337,0,0,176,338,95
11/18/2024,DC-02,South,SKU-SKU-102,138,12.2,337,350,0,0,152,338,95
11/25/2024,DC-02,South,SKU-SKU-102,67,15.8,350,444,0,0,160,338,95
12/2/2024,DC-02,South,SKU-SKU-102,78,14.4,444,560,0,0,194,338,95
12/9/2024,DC-02,South,SKU-SKU-102,73,12,560,487,0,0,0,338,95
12/16/2024,DC-02,South,SKU-SKU-102,74,11.4,487,597,0,0,184,338,95
12/23/2024,DC-02,South,SKU-SKU-102,368,12.1,597,229,0,0,0,338,95
12/30/2024,DC-02,South,SKU-SKU-102,128,8.2,229,269,0,0,168,338,95
1/6/2025,DC-02,South,SKU-SKU-102,67,10.6,269,385,0,0,184,338,95
1/13/2025,DC-02,South,SKU-SKU-102,193,5.6,385,355,0,0,163,338,95
1/20/2025,DC-02,South,SKU-SKU-102,128,11.2,355,430,0,0,202,338,95
1/27/2025,DC-02,South,SKU-SKU-102,274,9.8,430,346,0,0,190,338,95
2/3/2025,DC-02,South,SKU-SKU-102,236,10.8,346,295,0,0,185,338,95
2/10/2025,DC-02,South,SKU-SKU-102,203,11.4,295,284,0,0,192,338,95
2/17/2025,DC-02,South,SKU-SKU-102,209,12.4,284,227,0,0,153,338,95
2/24/2025,DC-02,South,SKU-SKU-102,146,6.8,227,264,0,0,183,338,95
3/3/2025,DC-02,South,SKU-SKU-102,154,11.5,264,324,0,0,214,338,95
3/10/2025,DC-02,South,SKU-SKU-102,155,8,324,351,0,0,181,338,95
3/17/2025,DC-02,South,SKU-SKU-102,305,6.5,351,215,0,0,169,338,95
3/24/2025,DC-02,South,SKU-SKU-102,142,11.2,215,270,0,0,197,338,95
3/31/2025,DC-02,South,SKU-SKU-102,69,13.1,270,404,0,0,203,338,95
4/7/2025,DC-02,South,SKU-SKU-102,205,6.7,404,389,0,0,189,338,95
4/14/2025,DC-02,South,SKU-SKU-102,117,9.5,389,457,0,0,186,338,95
4/21/2025,DC-02,South,SKU-SKU-102,199,11.5,457,448,0,0,189,338,95
4/28/2025,DC-02,South,SKU-SKU-102,211,7.5,448,430,0,0,193,338,95
5/5/2025,DC-02,South,SKU-SKU-102,85,9.3,430,527,0,0,182,338,95
5/12/2025,DC-02,South,SKU-SKU-102,91,13.1,527,436,0,0,0,338,95
5/19/2025,DC-02,South,SKU-SKU-102,321,8.6,436,291,0,0,177,338,95
5/26/2025,DC-02,South,SKU-SKU-102,284,11.9,291,176,0,0,169,338,95
6/2/2025,DC-02,South,SKU-SKU-102,290,10,176,176,1,114,176,338,95
6/9/2025,DC-02,South,SKU-SKU-102,171,8.8,176,164,0,0,159,338,95
6/16/2025,DC-02,South,SKU-SKU-102,268,10.1,164,203,1,104,203,338,95
6/23/2025,DC-02,South,SKU-SKU-102,336,10.1,203,200,1,133,200,338,95
6/30/2025,DC-02,South,SKU-SKU-102,64,8.1,200,288,0,0,152,338,95
7/7/2025,DC-02,South,SKU-SKU-102,172,10.4,288,308,0,0,192,338,95
7/14/2025,DC-02,South,SKU-SKU-102,508,6.3,308,181,1,200,181,338,95
7/21/2025,DC-02,South,SKU-SKU-102,196,14,181,214,1,14,214,338,95
7/28/2025,DC-02,South,SKU-SKU-102,152,8.9,214,216,0,0,155,338,95
8/4/2025,DC-02,South,SKU-SKU-102,149,11.6,216,265,0,0,197,338,95
8/11/2025,DC-02,South,SKU-SKU-102,113,11.9,265,367,0,0,215,338,95
8/18/2025,DC-02,South,SKU-SKU-102,169,8.3,367,407,0,0,209,338,95
8/25/2025,DC-02,South,SKU-SKU-102,235,7.6,407,387,0,0,214,338,95
9/1/2025,DC-02,South,SKU-SKU-102,110,13.9,387,487,0,0,210,338,95
9/8/2025,DC-02,South,SKU-SKU-102,0,7.1,487,672,0,0,185,338,95
9/15/2025,DC-02,South,SKU-SKU-102,354,10.8,672,318,0,0,0,338,95
9/22/2025,DC-02,South,SKU-SKU-102,157,9.7,318,332,0,0,170,338,95
9/29/2025,DC-02,South,SKU-SKU-102,24,11.6,332,524,0,0,216,338,95
10/6/2025,DC-02,South,SKU-SKU-102,207,9.9,524,317,0,0,0,338,95
10/13/2025,DC-02,South,SKU-SKU-102,251,8.3,317,226,0,0,160,338,95
10/20/2025,DC-02,South,SKU-SKU-102,49,9.8,226,381,0,0,204,338,95
10/27/2025,DC-02,South,SKU-SKU-102,25,8.7,381,525,0,0,169,338,95
11/3/2025,DC-02,South,SKU-SKU-102,275,10,525,250,0,0,0,338,95
11/10/2025,DC-02,South,SKU-SKU-102,220,9.8,250,245,0,0,214,338,95
11/17/2025,DC-02,South,SKU-SKU-102,159,9.9,245,243,0,0,157,338,95
11/24/2025,DC-02,South,SKU-SKU-102,42,13.9,243,370,0,0,169,338,95
12/1/2025,DC-02,South,SKU-SKU-102,151,10.3,370,436,0,0,217,338,95
12/8/2025,DC-02,South,SKU-SKU-102,203,11.2,436,412,0,0,178,338,95
12/15/2025,DC-02,South,SKU-SKU-102,62,4.2,412,549,0,0,198,338,95
12/22/2025,DC-02,South,SKU-SKU-102,266,7.2,549,283,0,0,0,338,95
12/29/2025,DC-02,South,SKU-SKU-102,45,7.3,283,437,0,0,200,338,95
1/5/2026,DC-02,South,SKU-SKU-102,83,10,437,532,0,0,178,338,95
1/12/2026,DC-02,South,SKU-SKU-102,177,8.5,532,356,0,0,0,338,95
1/19/2026,DC-02,South,SKU-SKU-102,86,6.5,356,465,0,0,196,338,95
1/26/2026,DC-02,South,SKU-SKU-102,236,6.1,465,416,0,0,187,338,95
2/2/2026,DC-02,South,SKU-SKU-102,76,6.8,416,540,0,0,200,338,95
2/9/2026,DC-02,South,SKU-SKU-102,299,10.7,540,241,0,0,0,338,95
2/16/2026,DC-02,South,SKU-SKU-102,68,11.4,241,354,0,0,181,338,95
2/23/2026,DC-02,South,SKU-SKU-102,376,8.5,354,163,1,23,163,338,95
3/2/2026,DC-02,South,SKU-SKU-102,100,5.5,163,230,0,0,167,338,95
3/9/2026,DC-02,South,SKU-SKU-102,192,8,230,251,0,0,213,338,95
3/16/2026,DC-02,South,SKU-SKU-102,250,9.7,251,168,0,0,167,338,95
3/23/2026,DC-02,South,SKU-SKU-102,93,10.2,168,273,0,0,197,338,95
3/30/2026,DC-02,South,SKU-SKU-102,222,11.5,273,222,0,0,171,338,95
4/6/2026,DC-02,South,SKU-SKU-102,208,10.9,222,196,0,0,181,338,95
4/13/2026,DC-02,South,SKU-SKU-102,185,9.6,196,173,0,0,162,338,95
4/20/2026,DC-02,South,SKU-SKU-102,190,9.1,173,182,1,17,182,338,95
4/27/2026,DC-02,South,SKU-SKU-102,18,10.8,182,378,0,0,215,338,95
5/4/2026,DC-02,South,SKU-SKU-102,207,10.5,378,358,0,0,187,338,95
5/11/2026,DC-02,South,SKU-SKU-102,360,11.6,358,169,1,2,169,338,95
5/18/2026,DC-02,South,SKU-SKU-102,114,9.5,169,217,0,0,162,338,95
5/25/2026,DC-02,South,SKU-SKU-102,314,5.2,217,157,1,97,157,338,95
6/1/2026,DC-02,South,SKU-SKU-102,193,12.1,157,190,1,36,190,338,95
6/8/2026,DC-02,South,SKU-SKU-102,8,13.9,190,394,0,0,211,338,95
6/15/2026,DC-02,South,SKU-SKU-102,264,9.1,394,323,0,0,194,338,95
6/22/2026,DC-02,South,SKU-SKU-102,243,12.4,323,272,0,0,192,338,95
6/29/2026,DC-02,South,SKU-SKU-102,296,10.9,272,211,1,24,211,338,95
7/6/2026,DC-02,South,SKU-SKU-102,294,11.1,211,196,1,84,196,338,95
7/13/2026,DC-02,South,SKU-SKU-102,148,7.6,196,201,0,0,153,338,95
7/20/2026,DC-02,South,SKU-SKU-102,211,10.1,201,163,1,10,163,338,95
7/27/2026,DC-02,South,SKU-SKU-102,102,7.8,163,238,0,0,178,338,95
8/3/2026,DC-02,South,SKU-SKU-102,177,8.9,238,270,0,0,209,338,95
8/10/2026,DC-02,South,SKU-SKU-102,233,11.9,270,202,0,0,165,338,95
8/17/2026,DC-02,South,SKU-SKU-102,0,10.7,202,406,0,0,204,338,95
8/24/2026,DC-02,South,SKU-SKU-102,149,8.8,406,459,0,0,202,338,95
9/2/2024,DC-02,South,SKU-SKU-103,481,11.5,980,498,0,0,0,653,95
9/9/2024,DC-02,South,SKU-SKU-103,392,9.5,498,509,0,0,403,653,95
9/16/2024,DC-02,South,SKU-SKU-103,353,10.5,509,538,0,0,383,653,95
9/23/2024,DC-02,South,SKU-SKU-103,354,11.1,538,606,0,0,421,653,95
9/30/2024,DC-02,South,SKU-SKU-103,344,11.9,606,669,0,0,408,653,95
10/7/2024,DC-02,South,SKU-SKU-103,488,12.8,669,523,0,0,342,653,95
10/14/2024,DC-02,South,SKU-SKU-103,242,7.9,523,621,0,0,341,653,95
10/21/2024,DC-02,South,SKU-SKU-103,317,10.1,621,642,0,0,338,653,95
10/28/2024,DC-02,South,SKU-SKU-103,201,9.8,642,771,0,0,330,653,95
11/4/2024,DC-02,South,SKU-SKU-103,202,10,771,903,0,0,333,653,95
11/11/2024,DC-02,South,SKU-SKU-103,392,10.4,903,920,0,0,410,653,95
11/18/2024,DC-02,South,SKU-SKU-103,273,8.9,920,1058,0,0,411,653,95
11/25/2024,DC-02,South,SKU-SKU-103,314,10.7,1058,744,0,0,0,653,95
12/2/2024,DC-02,South,SKU-SKU-103,227,11.2,744,940,0,0,424,653,95
12/9/2024,DC-02,South,SKU-SKU-103,388,9.3,940,971,0,0,418,653,95
12/16/2024,DC-02,South,SKU-SKU-103,200,11,971,1082,0,0,311,653,95
12/23/2024,DC-02,South,SKU-SKU-103,349,9.4,1082,733,0,0,0,653,95
12/30/2024,DC-02,South,SKU-SKU-103,289,10.1,733,820,0,0,376,653,95
1/6/2025,DC-02,South,SKU-SKU-103,257,6.2,820,930,0,0,366,653,95
1/13/2025,DC-02,South,SKU-SKU-103,360,11.6,930,895,0,0,326,653,95
1/20/2025,DC-02,South,SKU-SKU-103,295,10.3,895,960,0,0,361,653,95
1/27/2025,DC-02,South,SKU-SKU-103,360,8.7,960,901,0,0,300,653,95
2/3/2025,DC-02,South,SKU-SKU-103,407,10.3,901,854,0,0,360,653,95
2/10/2025,DC-02,South,SKU-SKU-103,577,12.4,854,692,0,0,414,653,95
2/17/2025,DC-02,South,SKU-SKU-103,466,11.2,692,638,0,0,412,653,95
2/24/2025,DC-02,South,SKU-SKU-103,251,11.9,638,715,0,0,328,653,95
3/3/2025,DC-02,South,SKU-SKU-103,284,11.7,715,834,0,0,403,653,95
3/10/2025,DC-02,South,SKU-SKU-103,213,11.2,834,964,0,0,343,653,95
3/17/2025,DC-02,South,SKU-SKU-103,356,10.5,964,1015,0,0,408,653,95
3/24/2025,DC-02,South,SKU-SKU-103,219,5.4,1015,796,0,0,0,653,95
3/31/2025,DC-02,South,SKU-SKU-103,359,6.4,796,840,0,0,402,653,95
4/7/2025,DC-02,South,SKU-SKU-103,466,12.6,840,733,0,0,359,653,95
4/14/2025,DC-02,South,SKU-SKU-103,492,10,733,646,0,0,405,653,95
4/21/2025,DC-02,South,SKU-SKU-103,599,7.1,646,386,0,0,340,653,95
4/28/2025,DC-02,South,SKU-SKU-103,166,9.8,386,592,0,0,372,653,95
5/5/2025,DC-02,South,SKU-SKU-103,311,10.4,592,647,0,0,365,653,95
5/12/2025,DC-02,South,SKU-SKU-103,425,9.4,647,570,0,0,349,653,95
5/19/2025,DC-02,South,SKU-SKU-103,375,9.1,570,572,0,0,376,653,95
5/26/2025,DC-02,South,SKU-SKU-103,316,10.2,572,572,0,0,317,653,95
6/2/2025,DC-02,South,SKU-SKU-103,293,7.4,572,641,0,0,361,653,95
6/9/2025,DC-02,South,SKU-SKU-103,242,10.5,641,815,0,0,416,653,95
6/16/2025,DC-02,South,SKU-SKU-103,500,9.6,815,721,0,0,406,653,95
6/23/2025,DC-02,South,SKU-SKU-103,393,10.1,721,717,0,0,388,653,95
6/30/2025,DC-02,South,SKU-SKU-103,226,9.8,717,870,0,0,380,653,95
7/7/2025,DC-02,South,SKU-SKU-103,177,11.9,870,1007,0,0,313,653,95
7/14/2025,DC-02,South,SKU-SKU-103,381,11.2,1007,626,0,0,0,653,95
7/21/2025,DC-02,South,SKU-SKU-103,123,12.4,626,867,0,0,364,653,95
7/28/2025,DC-02,South,SKU-SKU-103,403,7.1,867,778,0,0,314,653,95
8/4/2025,DC-02,South,SKU-SKU-103,227,10.3,778,881,0,0,330,653,95
8/11/2025,DC-02,South,SKU-SKU-103,321,9.3,881,884,0,0,324,653,95
8/18/2025,DC-02,South,SKU-SKU-103,420,12.5,884,838,0,0,375,653,95
8/25/2025,DC-02,South,SKU-SKU-103,289,9.6,838,959,0,0,410,653,95
9/1/2025,DC-02,South,SKU-SKU-103,212,7.2,959,1062,0,0,314,653,95
9/8/2025,DC-02,South,SKU-SKU-103,205,11.1,1062,857,0,0,0,653,95
9/15/2025,DC-02,South,SKU-SKU-103,366,5.7,857,874,0,0,383,653,95
9/22/2025,DC-02,South,SKU-SKU-103,324,10.2,874,889,0,0,339,653,95
9/29/2025,DC-02,South,SKU-SKU-103,299,9.4,889,921,0,0,331,653,95
10/6/2025,DC-02,South,SKU-SKU-103,327,7.1,921,903,0,0,308,653,95
10/13/2025,DC-02,South,SKU-SKU-103,276,11.5,903,1000,0,0,374,653,95
10/20/2025,DC-02,South,SKU-SKU-103,521,11.7,1000,480,0,0,0,653,95
10/27/2025,DC-02,South,SKU-SKU-103,241,6.2,480,626,0,0,387,653,95
11/3/2025,DC-02,South,SKU-SKU-103,205,8.6,626,741,0,0,320,653,95
11/10/2025,DC-02,South,SKU-SKU-103,162,8.7,741,990,0,0,411,653,95
11/17/2025,DC-02,South,SKU-SKU-103,212,8.5,990,779,0,0,0,653,95
11/24/2025,DC-02,South,SKU-SKU-103,497,11.4,779,658,0,0,377,653,95
12/1/2025,DC-02,South,SKU-SKU-103,127,11,658,857,0,0,326,653,95
12/8/2025,DC-02,South,SKU-SKU-103,500,9.5,857,722,0,0,365,653,95
12/15/2025,DC-02,South,SKU-SKU-103,202,10.4,722,882,0,0,363,653,95
12/22/2025,DC-02,South,SKU-SKU-103,381,12.3,882,838,0,0,337,653,95
12/29/2025,DC-02,South,SKU-SKU-103,158,9,838,1016,0,0,335,653,95
1/5/2026,DC-02,South,SKU-SKU-103,164,9.9,1016,852,0,0,0,653,95
1/12/2026,DC-02,South,SKU-SKU-103,298,7.1,852,959,0,0,405,653,95
1/19/2026,DC-02,South,SKU-SKU-103,265,14.4,959,1071,0,0,377,653,95
1/26/2026,DC-02,South,SKU-SKU-103,469,13.4,1071,601,0,0,0,653,95
2/2/2026,DC-02,South,SKU-SKU-103,394,10,601,595,0,0,388,653,95
2/9/2026,DC-02,South,SKU-SKU-103,540,10.5,595,436,0,0,381,653,95
2/16/2026,DC-02,South,SKU-SKU-103,213,10.5,436,630,0,0,406,653,95
2/23/2026,DC-02,South,SKU-SKU-103,469,12.5,630,578,0,0,417,653,95
3/2/2026,DC-02,South,SKU-SKU-103,366,11.1,578,555,0,0,343,653,95
3/9/2026,DC-02,South,SKU-SKU-103,346,8.9,555,537,0,0,327,653,95
3/16/2026,DC-02,South,SKU-SKU-103,377,12.5,537,576,0,0,417,653,95
3/23/2026,DC-02,South,SKU-SKU-103,234,10.9,576,655,0,0,313,653,95
3/30/2026,DC-02,South,SKU-SKU-103,406,9.3,655,560,0,0,311,653,95
4/6/2026,DC-02,South,SKU-SKU-103,551,9,560,310,0,0,301,653,95
4/13/2026,DC-02,South,SKU-SKU-103,298,7.5,310,398,0,0,386,653,95
4/20/2026,DC-02,South,SKU-SKU-103,496,8.5,398,413,1,98,413,653,95
4/27/2026,DC-02,South,SKU-SKU-103,478,10.3,413,408,1,65,408,653,95
5/4/2026,DC-02,South,SKU-SKU-103,293,11.1,408,479,0,0,364,653,95
5/11/2026,DC-02,South,SKU-SKU-103,423,8.7,479,386,0,0,330,653,95
5/18/2026,DC-02,South,SKU-SKU-103,471,10.8,386,354,1,85,354,653,95
5/25/2026,DC-02,South,SKU-SKU-103,232,10,354,512,0,0,390,653,95
6/1/2026,DC-02,South,SKU-SKU-103,429,14.1,512,442,0,0,359,653,95
6/8/2026,DC-02,South,SKU-SKU-103,328,11.2,442,441,0,0,327,653,95
6/15/2026,DC-02,South,SKU-SKU-103,274,10.8,441,495,0,0,329,653,95
6/22/2026,DC-02,South,SKU-SKU-103,321,9,495,567,0,0,393,653,95
6/29/2026,DC-02,South,SKU-SKU-103,281,9.5,567,669,0,0,384,653,95
7/6/2026,DC-02,South,SKU-SKU-103,228,8.6,669,818,0,0,378,653,95
7/13/2026,DC-02,South,SKU-SKU-103,318,8.5,818,814,0,0,313,653,95
7/20/2026,DC-02,South,SKU-SKU-103,326,8.8,814,839,0,0,352,653,95
7/27/2026,DC-02,South,SKU-SKU-103,372,6.9,839,839,0,0,372,653,95
8/3/2026,DC-02,South,SKU-SKU-103,414,7.3,839,808,0,0,383,653,95
8/10/2026,DC-02,South,SKU-SKU-103,166,7.7,808,1058,0,0,415,653,95
8/17/2026,DC-02,South,SKU-SKU-103,146,12.8,1058,912,0,0,0,653,95
8/24/2026,DC-02,South,SKU-SKU-103,412,6.8,912,919,0,0,419,653,95
9/2/2024,DC-02,South,SKU-SKU-201,1309,9.5,1520,211,0,0,0,1013,95
9/9/2024,DC-02,South,SKU-SKU-201,257,10.9,211,556,1,46,556,1013,95
9/16/2024,DC-02,South,SKU-SKU-201,16,8.9,556,1025,0,0,485,1013,95
9/23/2024,DC-02,South,SKU-SKU-201,0,7.9,1025,1503,0,0,478,1013,95
9/30/2024,DC-02,South,SKU-SKU-201,429,4.6,1503,1581,0,0,507,1013,95
10/7/2024,DC-02,South,SKU-SKU-201,539,9.8,1581,1042,0,0,0,1013,95
10/14/2024,DC-02,South,SKU-SKU-201,667,9.2,1042,900,0,0,525,1013,95
10/21/2024,DC-02,South,SKU-SKU-201,436,10.1,900,952,0,0,489,1013,95
10/28/2024,DC-02,South,SKU-SKU-201,649,10.6,952,955,0,0,652,1013,95
11/4/2024,DC-02,South,SKU-SKU-201,922,8.1,955,605,0,0,571,1013,95
11/11/2024,DC-02,South,SKU-SKU-201,0,9.3,605,1243,0,0,638,1013,95
11/18/2024,DC-02,South,SKU-SKU-201,484,8,1243,1266,0,0,506,1013,95
11/25/2024,DC-02,South,SKU-SKU-201,299,8.5,1266,1476,0,0,509,1013,95
12/2/2024,DC-02,South,SKU-SKU-201,590,12.4,1476,1456,0,0,571,1013,95
12/9/2024,DC-02,South,SKU-SKU-201,638,10.1,1456,1387,0,0,569,1013,95
12/16/2024,DC-02,South,SKU-SKU-201,316,5,1387,1534,0,0,463,1013,95
12/23/2024,DC-02,South,SKU-SKU-201,695,9.2,1534,839,0,0,0,1013,95
12/30/2024,DC-02,South,SKU-SKU-201,643,13.9,839,730,0,0,534,1013,95
1/6/2025,DC-02,South,SKU-SKU-201,694,10.1,730,581,0,0,545,1013,95
1/13/2025,DC-02,South,SKU-SKU-201,471,7.5,581,758,0,0,647,1013,95
1/20/2025,DC-02,South,SKU-SKU-201,816,9.6,758,651,1,58,651,1013,95
1/27/2025,DC-02,South,SKU-SKU-201,483,11.7,651,703,0,0,535,1013,95
2/3/2025,DC-02,South,SKU-SKU-201,689,6.8,703,604,0,0,589,1013,95
2/10/2025,DC-02,South,SKU-SKU-201,583,11.6,604,656,0,0,636,1013,95
2/17/2025,DC-02,South,SKU-SKU-201,972,9,656,553,1,315,553,1013,95
2/24/2025,DC-02,South,SKU-SKU-201,1125,6.5,553,626,1,572,626,1013,95
3/3/2025,DC-02,South,SKU-SKU-201,575,9.2,626,691,0,0,640,1013,95
3/10/2025,DC-02,South,SKU-SKU-201,610,14.5,691,700,0,0,618,1013,95
3/17/2025,DC-02,South,SKU-SKU-201,688,9.9,700,542,0,0,531,1013,95
3/24/2025,DC-02,South,SKU-SKU-201,229,5,542,957,0,0,644,1013,95
3/31/2025,DC-02,South,SKU-SKU-201,523,11.6,957,915,0,0,481,1013,95
4/7/2025,DC-02,South,SKU-SKU-201,506,12.6,915,1038,0,0,630,1013,95
4/14/2025,DC-02,South,SKU-SKU-201,594,9.8,1038,971,0,0,527,1013,95
4/21/2025,DC-02,South,SKU-SKU-201,269,11.5,971,1206,0,0,505,1013,95
4/28/2025,DC-02,South,SKU-SKU-201,971,8.4,1206,814,0,0,579,1013,95
5/5/2025,DC-02,South,SKU-SKU-201,19,9.6,814,1353,0,0,557,1013,95
5/12/2025,DC-02,South,SKU-SKU-201,396,8.4,1353,1603,0,0,647,1013,95
5/19/2025,DC-02,South,SKU-SKU-201,457,9.9,1603,1146,0,0,0,1013,95
5/26/2025,DC-02,South,SKU-SKU-201,0,7.6,1146,1689,0,0,543,1013,95
6/2/2025,DC-02,South,SKU-SKU-201,602,8.5,1689,1087,0,0,0,1013,95
6/9/2025,DC-02,South,SKU-SKU-201,576,8.4,1087,979,0,0,468,1013,95
6/16/2025,DC-02,South,SKU-SKU-201,599,10.1,979,1003,0,0,622,1013,95
6/23/2025,DC-02,South,SKU-SKU-201,668,8.5,1003,966,0,0,632,1013,95
6/30/2025,DC-02,South,SKU-SKU-201,886,13.9,966,626,0,0,546,1013,95
7/7/2025,DC-02,South,SKU-SKU-201,820,7.6,626,587,1,195,587,1013,95
7/14/2025,DC-02,South,SKU-SKU-201,391,9.1,587,713,0,0,517,1013,95
7/21/2025,DC-02,South,SKU-SKU-201,570,10.5,713,739,0,0,596,1013,95
7/28/2025,DC-02,South,SKU-SKU-201,244,10.2,739,1028,0,0,533,1013,95
8/4/2025,DC-02,South,SKU-SKU-201,277,9.4,1028,1269,0,0,518,1013,95
8/11/2025,DC-02,South,SKU-SKU-201,645,8.9,1269,1214,0,0,590,1013,95
8/18/2025,DC-02,South,SKU-SKU-201,584,12.1,1214,1162,0,0,532,1013,95
8/25/2025,DC-02,South,SKU-SKU-201,255,10.7,1162,1517,0,0,610,1013,95
9/1/2025,DC-02,South,SKU-SKU-201,527,11.5,1517,1528,0,0,539,1013,95
9/8/2025,DC-02,South,SKU-SKU-201,734,8.6,1528,795,0,0,0,1013,95
9/15/2025,DC-02,South,SKU-SKU-201,229,11.7,795,1104,0,0,538,1013,95
9/22/2025,DC-02,South,SKU-SKU-201,384,9.8,1104,1310,0,0,590,1013,95
9/29/2025,DC-02,South,SKU-SKU-201,372,7.1,1310,1412,0,0,475,1013,95
10/6/2025,DC-02,South,SKU-SKU-201,387,6.4,1412,1582,0,0,557,1013,95
10/13/2025,DC-02,South,SKU-SKU-201,0,12.3,1582,1582,0,0,0,1013,95
10/20/2025,DC-02,South,SKU-SKU-201,1004,10.4,1582,578,0,0,0,1013,95
10/27/2025,DC-02,South,SKU-SKU-201,392,12.3,578,809,0,0,623,1013,95
11/3/2025,DC-02,South,SKU-SKU-201,540,10.5,809,890,0,0,620,1013,95
11/10/2025,DC-02,South,SKU-SKU-201,0,12.2,890,1456,0,0,566,1013,95
11/17/2025,DC-02,South,SKU-SKU-201,256,6.5,1456,1842,0,0,642,1013,95
11/24/2025,DC-02,South,SKU-SKU-201,579,11,1842,1263,0,0,0,1013,95
12/1/2025,DC-02,South,SKU-SKU-201,345,9.1,1263,1387,0,0,469,1013,95
12/8/2025,DC-02,South,SKU-SKU-201,558,9.8,1387,1369,0,0,540,1013,95
12/15/2025,DC-02,South,SKU-SKU-201,132,9.1,1369,1869,0,0,633,1013,95
12/22/2025,DC-02,South,SKU-SKU-201,320,8,1869,1549,0,0,0,1013,95
12/29/2025,DC-02,South,SKU-SKU-201,445,10.4,1549,1105,0,0,0,1013,95
1/5/2026,DC-02,South,SKU-SKU-201,476,8.5,1105,1244,0,0,615,1013,95
1/12/2026,DC-02,South,SKU-SKU-201,577,10.7,1244,1319,0,0,652,1013,95
1/19/2026,DC-02,South,SKU-SKU-201,1242,12.9,1319,610,0,0,532,1013,95
1/26/2026,DC-02,South,SKU-SKU-201,275,9,610,822,0,0,487,1013,95
2/2/2026,DC-02,South,SKU-SKU-201,433,9.1,822,1015,0,0,625,1013,95
2/9/2026,DC-02,South,SKU-SKU-201,505,10.5,1015,1048,0,0,537,1013,95
2/16/2026,DC-02,South,SKU-SKU-201,0,5.5,1048,1669,0,0,621,1013,95
2/23/2026,DC-02,South,SKU-SKU-201,547,10.1,1669,1122,0,0,0,1013,95
3/2/2026,DC-02,South,SKU-SKU-201,659,10.3,1122,1098,0,0,635,1013,95
3/9/2026,DC-02,South,SKU-SKU-201,957,10.3,1098,631,0,0,490,1013,95
3/16/2026,DC-02,South,SKU-SKU-201,430,7.3,631,678,0,0,478,1013,95
3/23/2026,DC-02,South,SKU-SKU-201,824,10.3,678,537,1,145,537,1013,95
3/30/2026,DC-02,South,SKU-SKU-201,765,8.7,537,492,1,228,492,1013,95
4/6/2026,DC-02,South,SKU-SKU-201,1020,9.6,492,526,1,529,526,1013,95
4/13/2026,DC-02,South,SKU-SKU-201,500,6,526,555,0,0,529,1013,95
4/20/2026,DC-02,South,SKU-SKU-201,544,11.6,555,482,0,0,471,1013,95
4/27/2026,DC-02,South,SKU-SKU-201,426,12.7,482,542,0,0,486,1013,95
5/4/2026,DC-02,South,SKU-SKU-201,1004,8.4,542,658,1,463,658,1013,95
5/11/2026,DC-02,South,SKU-SKU-201,1228,11.4,658,616,1,570,616,1013,95
5/18/2026,DC-02,South,SKU-SKU-201,678,12.1,616,561,1,61,561,1013,95
5/25/2026,DC-02,South,SKU-SKU-201,440,7.6,561,778,0,0,657,1013,95
6/1/2026,DC-02,South,SKU-SKU-201,447,5.4,778,941,0,0,611,1013,95
6/8/2026,DC-02,South,SKU-SKU-201,985,9.6,941,527,1,43,527,1013,95
6/15/2026,DC-02,South,SKU-SKU-201,365,8,527,816,0,0,654,1013,95
6/22/2026,DC-02,South,SKU-SKU-201,313,5.9,816,1034,0,0,531,1013,95
6/29/2026,DC-02,South,SKU-SKU-201,441,7.9,1034,1074,0,0,482,1013,95
7/6/2026,DC-02,South,SKU-SKU-201,419,10.8,1074,1291,0,0,635,1013,95
7/13/2026,DC-02,South,SKU-SKU-201,0,9.4,1291,1936,0,0,645,1013,95
7/20/2026,DC-02,South,SKU-SKU-201,313,11.4,1936,1623,0,0,0,1013,95
7/27/2026,DC-02,South,SKU-SKU-201,742,12.3,1623,881,0,0,0,1013,95
8/3/2026,DC-02,South,SKU-SKU-201,151,7.8,881,1212,0,0,482,1013,95
8/10/2026,DC-02,South,SKU-SKU-201,0,7.5,1212,1714,0,0,502,1013,95
8/17/2026,DC-02,South,SKU-SKU-201,0,5.9,1714,1714,0,0,0,1013,95
8/24/2026,DC-02,South,SKU-SKU-201,590,6.3,1714,1124,0,0,0,1013,95
9/2/2024,DC-02,South,SKU-SKU-202,274,7.5,1581,1307,0,0,0,1054,95
9/9/2024,DC-02,South,SKU-SKU-202,201,9.7,1307,1610,0,0,504,1054,95
9/16/2024,DC-02,South,SKU-SKU-202,513,9.2,1610,1097,0,0,0,1054,95
9/23/2024,DC-02,South,SKU-SKU-202,606,9.3,1097,1158,0,0,668,1054,95
9/30/2024,DC-02,South,SKU-SKU-202,485,5.5,1158,1357,0,0,684,1054,95
10/7/2024,DC-02,South,SKU-SKU-202,746,5.9,1357,1104,0,0,493,1054,95
10/14/2024,DC-02,South,SKU-SKU-202,29,6.3,1104,1669,0,0,594,1054,95
10/21/2024,DC-02,South,SKU-SKU-202,527,9.4,1669,1142,0,0,0,1054,95
10/28/2024,DC-02,South,SKU-SKU-202,526,8.6,1142,1119,0,0,502,1054,95
11/4/2024,DC-02,South,SKU-SKU-202,468,11.8,1119,1329,0,0,677,1054,95
11/11/2024,DC-02,South,SKU-SKU-202,280,9.4,1329,1555,0,0,505,1054,95
11/18/2024,DC-02,South,SKU-SKU-202,531,12.8,1555,1657,0,0,634,1054,95
11/25/2024,DC-02,South,SKU-SKU-202,387,12,1657,1271,0,0,0,1054,95
12/2/2024,DC-02,South,SKU-SKU-202,453,9.4,1271,1405,0,0,587,1054,95
12/9/2024,DC-02,South,SKU-SKU-202,273,6.8,1405,1631,0,0,499,1054,95
12/16/2024,DC-02,South,SKU-SKU-202,466,12,1631,1165,0,0,0,1054,95
12/23/2024,DC-02,South,SKU-SKU-202,408,8.7,1165,1245,0,0,488,1054,95
12/30/2024,DC-02,South,SKU-SKU-202,371,8.8,1245,1349,0,0,475,1054,95
1/6/2025,DC-02,South,SKU-SKU-202,645,11.8,1349,1366,0,0,663,1054,95
1/13/2025,DC-02,South,SKU-SKU-202,503,9.3,1366,1457,0,0,593,1054,95
1/20/2025,DC-02,South,SKU-SKU-202,822,14.5,1457,1186,0,0,551,1054,95
1/27/2025,DC-02,South,SKU-SKU-202,759,7.6,1186,983,0,0,557,1054,95
2/3/2025,DC-02,South,SKU-SKU-202,515,9.5,983,985,0,0,517,1054,95
2/10/2025,DC-02,South,SKU-SKU-202,820,11.6,985,795,0,0,629,1054,95
2/17/2025,DC-02,South,SKU-SKU-202,737,13,795,576,0,0,518,1054,95
2/24/2025,DC-02,South,SKU-SKU-202,632,14.2,576,599,1,56,599,1054,95
3/3/2025,DC-02,South,SKU-SKU-202,318,7.7,599,841,0,0,559,1054,95
3/10/2025,DC-02,South,SKU-SKU-202,765,12.5,841,615,0,0,539,1054,95
3/17/2025,DC-02,South,SKU-SKU-202,499,8.8,615,724,0,0,608,1054,95
3/24/2025,DC-02,South,SKU-SKU-202,607,10.6,724,720,0,0,603,1054,95
3/31/2025,DC-02,South,SKU-SKU-202,417,7.9,720,936,0,0,633,1054,95
4/7/2025,DC-02,South,SKU-SKU-202,389,7.9,936,1086,0,0,539,1054,95
4/14/2025,DC-02,South,SKU-SKU-202,859,10.6,1086,745,0,0,518,1054,95
4/21/2025,DC-02,South,SKU-SKU-202,719,8.6,745,599,0,0,573,1054,95
4/28/2025,DC-02,South,SKU-SKU-202,668,8,599,532,1,69,532,1054,95
5/5/2025,DC-02,South,SKU-SKU-202,340,10.2,532,699,0,0,507,1054,95
5/12/2025,DC-02,South,SKU-SKU-202,949,10.3,699,528,1,250,528,1054,95
5/19/2025,DC-02,South,SKU-SKU-202,152,11.2,528,918,0,0,543,1054,95
5/26/2025,DC-02,South,SKU-SKU-202,770,9.5,918,661,0,0,513,1054,95
6/2/2025,DC-02,South,SKU-SKU-202,773,9.6,661,633,1,112,633,1054,95
6/9/2025,DC-02,South,SKU-SKU-202,488,5,633,707,0,0,561,1054,95
6/16/2025,DC-02,South,SKU-SKU-202,554,11.1,707,655,0,0,502,1054,95
6/23/2025,DC-02,South,SKU-SKU-202,622,6.1,655,583,0,0,550,1054,95
6/30/2025,DC-02,South,SKU-SKU-202,922,11.3,583,600,1,339,600,1054,95
7/7/2025,DC-02,South,SKU-SKU-202,460,12,600,737,0,0,598,1054,95
7/14/2025,DC-02,South,SKU-SKU-202,878,10.8,737,630,1,141,630,1054,95
7/21/2025,DC-02,South,SKU-SKU-202,356,10.5,630,879,0,0,605,1054,95
7/28/2025,DC-02,South,SKU-SKU-202,555,11,879,1003,0,0,679,1054,95
8/4/2025,DC-02,South,SKU-SKU-202,155,7.4,1003,1457,0,0,609,1054,95
8/11/2025,DC-02,South,SKU-SKU-202,460,9.8,1457,1493,0,0,496,1054,95
8/18/2025,DC-02,South,SKU-SKU-202,523,13.1,1493,1488,0,0,518,1054,95
8/25/2025,DC-02,South,SKU-SKU-202,339,10.5,1488,1817,0,0,667,1054,95
9/1/2025,DC-02,South,SKU-SKU-202,788,10.3,1817,1029,0,0,0,1054,95
9/8/2025,DC-02,South,SKU-SKU-202,554,8.8,1029,1093,0,0,617,1054,95
9/15/2025,DC-02,South,SKU-SKU-202,261,8.4,1093,1507,0,0,676,1054,95
9/22/2025,DC-02,South,SKU-SKU-202,600,12.7,1507,1513,0,0,606,1054,95
9/29/2025,DC-02,South,SKU-SKU-202,616,10.4,1513,1486,0,0,589,1054,95
10/6/2025,DC-02,South,SKU-SKU-202,357,9.9,1486,1605,0,0,476,1054,95
10/13/2025,DC-02,South,SKU-SKU-202,607,7.9,1605,997,0,0,0,1054,95
10/20/2025,DC-02,South,SKU-SKU-202,360,10.6,997,1237,0,0,599,1054,95
10/27/2025,DC-02,South,SKU-SKU-202,721,11.7,1237,1019,0,0,503,1054,95
11/3/2025,DC-02,South,SKU-SKU-202,289,9.5,1019,1291,0,0,561,1054,95
11/10/2025,DC-02,South,SKU-SKU-202,365,6.3,1291,1406,0,0,480,1054,95
11/17/2025,DC-02,South,SKU-SKU-202,538,8.8,1406,1499,0,0,632,1054,95
11/24/2025,DC-02,South,SKU-SKU-202,347,12.8,1499,1775,0,0,623,1054,95
12/1/2025,DC-02,South,SKU-SKU-202,564,14.8,1775,1211,0,0,0,1054,95
12/8/2025,DC-02,South,SKU-SKU-202,713,8.4,1211,980,0,0,481,1054,95
12/15/2025,DC-02,South,SKU-SKU-202,385,10.5,980,1216,0,0,622,1054,95
12/22/2025,DC-02,South,SKU-SKU-202,159,8.8,1216,1705,0,0,647,1054,95
12/29/2025,DC-02,South,SKU-SKU-202,779,11.6,1705,926,0,0,0,1054,95
1/5/2026,DC-02,South,SKU-SKU-202,527,12.1,926,897,0,0,498,1054,95
1/12/2026,DC-02,South,SKU-SKU-202,651,9.9,897,846,0,0,601,1054,95
1/19/2026,DC-02,South,SKU-SKU-202,456,11.5,846,913,0,0,523,1054,95
1/26/2026,DC-02,South,SKU-SKU-202,510,5,913,969,0,0,566,1054,95
2/2/2026,DC-02,South,SKU-SKU-202,444,11.3,969,1059,0,0,534,1054,95
2/9/2026,DC-02,South,SKU-SKU-202,504,8.4,1059,1097,0,0,542,1054,95
2/16/2026,DC-02,South,SKU-SKU-202,657,7.9,1097,994,0,0,554,1054,95
2/23/2026,DC-02,South,SKU-SKU-202,481,8.8,994,1069,0,0,556,1054,95
3/2/2026,DC-02,South,SKU-SKU-202,508,11.4,1069,1107,0,0,546,1054,95
3/9/2026,DC-02,South,SKU-SKU-202,333,9.4,1107,1320,0,0,546,1054,95
3/16/2026,DC-02,South,SKU-SKU-202,839,14.6,1320,1128,0,0,646,1054,95
3/23/2026,DC-02,South,SKU-SKU-202,547,8.1,1128,1136,0,0,555,1054,95
3/30/2026,DC-02,South,SKU-SKU-202,659,11,1136,1040,0,0,563,1054,95
4/6/2026,DC-02,South,SKU-SKU-202,495,8,1040,1077,0,0,531,1054,95
4/13/2026,DC-02,South,SKU-SKU-202,715,11.5,1077,852,0,0,491,1054,95
4/20/2026,DC-02,South,SKU-SKU-202,667,11.6,852,726,0,0,541,1054,95
4/27/2026,DC-02,South,SKU-SKU-202,778,12.3,726,657,1,52,657,1054,95
5/4/2026,DC-02,South,SKU-SKU-202,964,7.4,657,624,1,307,624,1054,95
5/11/2026,DC-02,South,SKU-SKU-202,525,8.9,624,763,0,0,664,1054,95
5/18/2026,DC-02,South,SKU-SKU-202,496,9.6,763,798,0,0,531,1054,95
5/25/2026,DC-02,South,SKU-SKU-202,656,11.4,798,663,0,0,521,1054,95
6/1/2026,DC-02,South,SKU-SKU-202,660,9.7,663,626,0,0,623,1054,95
6/8/2026,DC-02,South,SKU-SKU-202,735,11.2,626,665,1,110,665,1054,95
6/15/2026,DC-02,South,SKU-SKU-202,1029,8.7,665,511,1,363,511,1054,95
6/22/2026,DC-02,South,SKU-SKU-202,566,6.4,511,551,1,56,551,1054,95
6/29/2026,DC-02,South,SKU-SKU-202,197,10,551,976,0,0,623,1054,95
7/6/2026,DC-02,South,SKU-SKU-202,502,10.3,976,965,0,0,491,1054,95
7/13/2026,DC-02,South,SKU-SKU-202,465,11.9,965,1095,0,0,595,1054,95
7/20/2026,DC-02,South,SKU-SKU-202,512,5.1,1095,1221,0,0,638,1054,95
7/27/2026,DC-02,South,SKU-SKU-202,722,11.6,1221,1060,0,0,561,1054,95
8/3/2026,DC-02,South,SKU-SKU-202,412,13.6,1060,1290,0,0,643,1054,95
8/10/2026,DC-02,South,SKU-SKU-202,490,11.3,1290,1320,0,0,520,1054,95
8/17/2026,DC-02,South,SKU-SKU-202,446,8.3,1320,1552,0,0,678,1054,95
8/24/2026,DC-02,South,SKU-SKU-202,300,8.8,1552,1819,0,0,568,1054,95
9/2/2024,DC-02,South,SKU-SKU-203,225,7.9,1113,889,0,0,0,742,95
9/9/2024,DC-02,South,SKU-SKU-203,342,10.2,889,989,0,0,443,742,95
9/16/2024,DC-02,South,SKU-SKU-203,201,6.5,989,1229,0,0,441,742,95
9/23/2024,DC-02,South,SKU-SKU-203,235,10.1,1229,994,0,0,0,742,95
9/30/2024,DC-02,South,SKU-SKU-203,252,11.1,994,1137,0,0,396,742,95
10/7/2024,DC-02,South,SKU-SKU-203,270,9.8,1137,867,0,0,0,742,95
10/14/2024,DC-02,South,SKU-SKU-203,258,9.9,867,969,0,0,361,742,95
10/21/2024,DC-02,South,SKU-SKU-203,504,9.2,969,863,0,0,397,742,95
10/28/2024,DC-02,South,SKU-SKU-203,101,7.5,863,1198,0,0,437,742,95
11/4/2024,DC-02,South,SKU-SKU-203,309,9.1,1198,889,0,0,0,742,95
11/11/2024,DC-02,South,SKU-SKU-203,426,12.6,889,859,0,0,396,742,95
11/18/2024,DC-02,South,SKU-SKU-203,310,5.3,859,955,0,0,406,742,95
11/25/2024,DC-02,South,SKU-SKU-203,699,9,955,630,0,0,375,742,95
12/2/2024,DC-02,South,SKU-SKU-203,341,10.3,630,757,0,0,468,742,95
12/9/2024,DC-02,South,SKU-SKU-203,393,6.8,757,699,0,0,335,742,95
12/16/2024,DC-02,South,SKU-SKU-203,444,7.2,699,674,0,0,419,742,95
12/23/2024,DC-02,South,SKU-SKU-203,302,10.2,674,723,0,0,350,742,95
12/30/2024,DC-02,South,SKU-SKU-203,475,7.9,723,691,0,0,443,742,95
1/6/2025,DC-02,South,SKU-SKU-203,580,12.5,691,506,0,0,395,742,95
1/13/2025,DC-02,South,SKU-SKU-203,486,10.4,506,376,0,0,356,742,95
1/20/2025,DC-02,South,SKU-SKU-203,621,8.4,376,407,1,245,407,742,95
1/27/2025,DC-02,South,SKU-SKU-203,421,8.5,407,393,1,14,393,742,95
2/3/2025,DC-02,South,SKU-SKU-203,372,8.3,393,413,0,0,392,742,95
2/10/2025,DC-02,South,SKU-SKU-203,223,6.5,413,582,0,0,393,742,95
2/17/2025,DC-02,South,SKU-SKU-203,466,6.2,582,513,0,0,396,742,95
2/24/2025,DC-02,South,SKU-SKU-203,360,10.6,513,508,0,0,356,742,95
3/3/2025,DC-02,South,SKU-SKU-203,545,9.5,508,406,1,36,406,742,95
3/10/2025,DC-02,South,SKU-SKU-203,679,10,406,336,1,273,336,742,95
3/17/2025,DC-02,South,SKU-SKU-203,410,12.8,336,384,1,73,384,742,95
3/24/2025,DC-02,South,SKU-SKU-203,255,8.3,384,565,0,0,437,742,95
3/31/2025,DC-02,South,SKU-SKU-203,337,8.2,565,617,0,0,388,742,95
4/7/2025,DC-02,South,SKU-SKU-203,532,10.6,617,543,0,0,458,742,95
4/14/2025,DC-02,South,SKU-SKU-203,356,9.6,543,567,0,0,380,742,95
4/21/2025,DC-02,South,SKU-SKU-203,320,12,567,677,0,0,431,742,95
4/28/2025,DC-02,South,SKU-SKU-203,578,11.8,677,582,0,0,482,742,95
5/5/2025,DC-02,South,SKU-SKU-203,342,4.8,582,667,0,0,427,742,95
5/12/2025,DC-02,South,SKU-SKU-203,285,12.7,667,716,0,0,334,742,95
5/19/2025,DC-02,South,SKU-SKU-203,458,8.7,716,600,0,0,343,742,95
5/26/2025,DC-02,South,SKU-SKU-203,480,9.4,600,570,0,0,449,742,95
6/2/2025,DC-02,South,SKU-SKU-203,455,7.5,570,488,0,0,373,742,95
6/9/2025,DC-02,South,SKU-SKU-203,413,6,488,515,0,0,440,742,95
6/16/2025,DC-02,South,SKU-SKU-203,296,8.7,515,683,0,0,464,742,95
6/23/2025,DC-02,South,SKU-SKU-203,315,7.8,683,794,0,0,425,742,95
6/30/2025,DC-02,South,SKU-SKU-203,443,11.8,794,825,0,0,474,742,95
7/7/2025,DC-02,South,SKU-SKU-203,217,7.8,825,978,0,0,370,742,95
7/14/2025,DC-02,South,SKU-SKU-203,27,7.1,978,1364,0,0,413,742,95
7/21/2025,DC-02,South,SKU-SKU-203,370,11.6,1364,994,0,0,0,742,95
7/28/2025,DC-02,South,SKU-SKU-203,325,12.9,994,1108,0,0,439,742,95
8/4/2025,DC-02,South,SKU-SKU-203,503,8,1108,1075,0,0,470,742,95
8/11/2025,DC-02,South,SKU-SKU-203,356,12.3,1075,1103,0,0,384,742,95
8/18/2025,DC-02,South,SKU-SKU-203,199,4.8,1103,1335,0,0,431,742,95
8/25/2025,DC-02,South,SKU-SKU-203,370,9.8,1335,965,0,0,0,742,95
9/1/2025,DC-02,South,SKU-SKU-203,681,11,965,721,0,0,437,742,95
9/8/2025,DC-02,South,SKU-SKU-203,155,8.6,721,1015,0,0,450,742,95
9/15/2025,DC-02,South,SKU-SKU-203,355,9.9,1015,1049,0,0,388,742,95
9/22/2025,DC-02,South,SKU-SKU-203,231,10.7,1049,1176,0,0,359,742,95
9/29/2025,DC-02,South,SKU-SKU-203,669,8.2,1176,507,0,0,0,742,95
10/6/2025,DC-02,South,SKU-SKU-203,576,9.3,507,380,1,69,380,742,95
10/13/2025,DC-02,South,SKU-SKU-203,315,7.3,380,470,0,0,406,742,95
10/20/2025,DC-02,South,SKU-SKU-203,526,10.8,470,365,1,55,365,742,95
10/27/2025,DC-02,South,SKU-SKU-203,268,11.3,365,491,0,0,394,742,95
11/3/2025,DC-02,South,SKU-SKU-203,242,16.7,491,635,0,0,386,742,95
11/10/2025,DC-02,South,SKU-SKU-203,345,11,635,665,0,0,375,742,95
11/17/2025,DC-02,South,SKU-SKU-203,285,8.4,665,830,0,0,449,742,95
11/24/2025,DC-02,South,SKU-SKU-203,254,12.3,830,930,0,0,354,742,95
12/1/2025,DC-02,South,SKU-SKU-203,330,10.1,930,955,0,0,356,742,95
12/8/2025,DC-02,South,SKU-SKU-203,523,10.7,955,824,0,0,392,742,95
12/15/2025,DC-02,South,SKU-SKU-203,479,6.7,824,788,0,0,442,742,95
12/22/2025,DC-02,South,SKU-SKU-203,353,7.9,788,816,0,0,381,742,95
12/29/2025,DC-02,South,SKU-SKU-203,382,7.4,816,892,0,0,458,742,95
1/5/2026,DC-02,South,SKU-SKU-203,384,11.2,892,861,0,0,354,742,95
1/12/2026,DC-02,South,SKU-SKU-203,715,9.4,861,523,0,0,376,742,95
1/19/2026,DC-02,South,SKU-SKU-203,560,10.5,523,455,1,37,455,742,95
1/26/2026,DC-02,South,SKU-SKU-203,581,9,455,458,1,126,458,742,95
2/2/2026,DC-02,South,SKU-SKU-203,499,8.1,458,397,1,42,397,742,95
2/9/2026,DC-02,South,SKU-SKU-203,173,9.5,397,702,0,0,477,742,95
2/16/2026,DC-02,South,SKU-SKU-203,421,6.2,702,762,0,0,482,742,95
2/23/2026,DC-02,South,SKU-SKU-203,340,9.9,762,759,0,0,337,742,95
3/2/2026,DC-02,South,SKU-SKU-203,531,10.8,759,602,0,0,374,742,95
3/9/2026,DC-02,South,SKU-SKU-203,424,8.3,602,564,0,0,386,742,95
3/16/2026,DC-02,South,SKU-SKU-203,389,13.1,564,522,0,0,347,742,95
3/23/2026,DC-02,South,SKU-SKU-203,262,10.2,522,698,0,0,439,742,95
3/30/2026,DC-02,South,SKU-SKU-203,343,7.7,698,803,0,0,448,742,95
4/6/2026,DC-02,South,SKU-SKU-203,446,13.1,803,800,0,0,442,742,95
4/13/2026,DC-02,South,SKU-SKU-203,266,7.6,800,977,0,0,444,742,95
4/20/2026,DC-02,South,SKU-SKU-203,445,8.1,977,902,0,0,370,742,95
4/27/2026,DC-02,South,SKU-SKU-203,355,9.1,902,892,0,0,344,742,95
5/4/2026,DC-02,South,SKU-SKU-203,424,12.7,892,853,0,0,386,742,95
5/11/2026,DC-02,South,SKU-SKU-203,547,5.6,853,645,0,0,339,742,95
5/18/2026,DC-02,South,SKU-SKU-203,268,7.6,645,818,0,0,440,742,95
5/25/2026,DC-02,South,SKU-SKU-203,446,8.8,818,785,0,0,414,742,95
6/1/2026,DC-02,South,SKU-SKU-203,473,9.2,785,756,0,0,443,742,95
6/8/2026,DC-02,South,SKU-SKU-203,393,8.8,756,826,0,0,464,742,95
6/15/2026,DC-02,South,SKU-SKU-203,408,13,826,857,0,0,439,742,95
6/22/2026,DC-02,South,SKU-SKU-203,159,9.9,857,1176,0,0,479,742,95
6/29/2026,DC-02,South,SKU-SKU-203,212,9.6,1176,964,0,0,0,742,95
7/6/2026,DC-02,South,SKU-SKU-203,264,10.4,964,1126,0,0,427,742,95
7/13/2026,DC-02,South,SKU-SKU-203,193,9.8,1126,934,0,0,0,742,95
7/20/2026,DC-02,South,SKU-SKU-203,324,14.6,934,984,0,0,374,742,95
7/27/2026,DC-02,South,SKU-SKU-203,261,6.2,984,1106,0,0,384,742,95
8/3/2026,DC-02,South,SKU-SKU-203,186,9.4,1106,1313,0,0,394,742,95
8/10/2026,DC-02,South,SKU-SKU-203,408,6.3,1313,905,0,0,0,742,95
8/17/2026,DC-02,South,SKU-SKU-203,191,10.3,905,1100,0,0,386,742,95
8/24/2026,DC-02,South,SKU-SKU-203,406,6.9,1100,1075,0,0,381,742,95
9/2/2024,DC-02,South,SKU-SKU-301,316,8.7,711,395,0,0,0,474,95
9/9/2024,DC-02,South,SKU-SKU-301,303,12.3,395,377,0,0,285,474,95
9/16/2024,DC-02,South,SKU-SKU-301,236,8.3,377,449,0,0,308,474,95
9/23/2024,DC-02,South,SKU-SKU-301,18,10,449,720,0,0,288,474,95
9/30/2024,DC-02,South,SKU-SKU-301,261,9.2,720,458,0,0,0,474,95
10/7/2024,DC-02,South,SKU-SKU-301,131,9.4,458,600,0,0,273,474,95
10/14/2024,DC-02,South,SKU-SKU-301,334,9,600,520,0,0,254,474,95
10/21/2024,DC-02,South,SKU-SKU-301,431,9.1,520,388,0,0,299,474,95
10/28/2024,DC-02,South,SKU-SKU-301,0,8.4,388,682,0,0,294,474,95
11/4/2024,DC-02,South,SKU-SKU-301,334,11.2,682,651,0,0,303,474,95
11/11/2024,DC-02,South,SKU-SKU-301,246,9,651,669,0,0,264,474,95
11/18/2024,DC-02,South,SKU-SKU-301,342,10.2,669,579,0,0,252,474,95
11/25/2024,DC-02,South,SKU-SKU-301,378,7.2,579,495,0,0,294,474,95
12/2/2024,DC-02,South,SKU-SKU-301,371,10,495,394,0,0,270,474,95
12/9/2024,DC-02,South,SKU-SKU-301,278,13.2,394,347,0,0,231,474,95
12/16/2024,DC-02,South,SKU-SKU-301,289,8.9,347,301,0,0,243,474,95
12/23/2024,DC-02,South,SKU-SKU-301,0,11.2,301,579,0,0,277,474,95
12/30/2024,DC-02,South,SKU-SKU-301,202,9.7,579,656,0,0,280,474,95
1/6/2025,DC-02,South,SKU-SKU-301,271,4.5,656,599,0,0,214,474,95
1/13/2025,DC-02,South,SKU-SKU-301,343,6,599,525,0,0,269,474,95
1/20/2025,DC-02,South,SKU-SKU-301,452,9.6,525,375,0,0,303,474,95
1/27/2025,DC-02,South,SKU-SKU-301,366,7.3,375,313,0,0,304,474,95
2/3/2025,DC-02,South,SKU-SKU-301,123,12.8,313,446,0,0,256,474,95
2/10/2025,DC-02,South,SKU-SKU-301,252,12.3,446,450,0,0,256,474,95
2/17/2025,DC-02,South,SKU-SKU-301,10,14.5,450,666,0,0,226,474,95
2/24/2025,DC-02,South,SKU-SKU-301,174,9.4,666,726,0,0,234,474,95
3/3/2025,DC-02,South,SKU-SKU-301,43,8.7,726,683,0,0,0,474,95
3/10/2025,DC-02,South,SKU-SKU-301,388,13,683,528,0,0,234,474,95
3/17/2025,DC-02,South,SKU-SKU-301,288,13.1,528,518,0,0,278,474,95
3/24/2025,DC-02,South,SKU-SKU-301,294,4,518,505,0,0,280,474,95
3/31/2025,DC-02,South,SKU-SKU-301,336,13.7,505,448,0,0,280,474,95
4/7/2025,DC-02,South,SKU-SKU-301,76,11.5,448,635,0,0,262,474,95
4/14/2025,DC-02,South,SKU-SKU-301,428,11.5,635,495,0,0,289,474,95
4/21/2025,DC-02,South,SKU-SKU-301,264,9.3,495,528,0,0,297,474,95
4/28/2025,DC-02,South,SKU-SKU-301,193,11.1,528,616,0,0,282,474,95
5/5/2025,DC-02,South,SKU-SKU-301,0,8.8,616,916,0,0,300,474,95
5/12/2025,DC-02,South,SKU-SKU-301,185,12.5,916,731,0,0,0,474,95
5/19/2025,DC-02,South,SKU-SKU-301,275,11.5,731,455,0,0,0,474,95
5/26/2025,DC-02,South,SKU-SKU-301,327,13,455,363,0,0,235,474,95
6/2/2025,DC-02,South,SKU-SKU-301,331,9.3,363,265,0,0,233,474,95
6/9/2025,DC-02,South,SKU-SKU-301,72,9.3,265,411,0,0,219,474,95
6/16/2025,DC-02,South,SKU-SKU-301,158,8.7,411,543,0,0,290,474,95
6/23/2025,DC-02,South,SKU-SKU-301,66,8.7,543,743,0,0,267,474,95
6/30/2025,DC-02,South,SKU-SKU-301,270,8.6,743,473,0,0,0,474,95
7/7/2025,DC-02,South,SKU-SKU-301,174,10.5,473,544,0,0,244,474,95
7/14/2025,DC-02,South,SKU-SKU-301,350,12.5,544,449,0,0,256,474,95
7/21/2025,DC-02,South,SKU-SKU-301,177,10.7,449,574,0,0,303,474,95
7/28/2025,DC-02,South,SKU-SKU-301,0,8.4,574,809,0,0,235,474,95
8/4/2025,DC-02,South,SKU-SKU-301,321,9.8,809,488,0,0,0,474,95
8/11/2025,DC-02,South,SKU-SKU-301,356,9.3,488,358,0,0,227,474,95
8/18/2025,DC-02,South,SKU-SKU-301,259,10,358,340,0,0,240,474,95
8/25/2025,DC-02,South,SKU-SKU-301,330,12.2,340,298,0,0,287,474,95
9/1/2025,DC-02,South,SKU-SKU-301,400,13,298,254,1,102,254,474,95
9/8/2025,DC-02,South,SKU-SKU-301,205,10.6,254,308,0,0,259,474,95
9/15/2025,DC-02,South,SKU-SKU-301,216,9.5,308,310,0,0,218,474,95
9/22/2025,DC-02,South,SKU-SKU-301,236,7.8,310,319,0,0,245,474,95
9/29/2025,DC-02,South,SKU-SKU-301,0,6.1,319,554,0,0,235,474,95
10/6/2025,DC-02,South,SKU-SKU-301,205,10.5,554,614,0,0,265,474,95
10/13/2025,DC-02,South,SKU-SKU-301,288,10.4,614,605,0,0,278,474,95
10/20/2025,DC-02,South,SKU-SKU-301,66,12.4,605,793,0,0,255,474,95
10/27/2025,DC-02,South,SKU-SKU-301,452,7,793,340,0,0,0,474,95
11/3/2025,DC-02,South,SKU-SKU-301,171,6.5,340,392,0,0,223,474,95
11/10/2025,DC-02,South,SKU-SKU-301,112,11.3,392,501,0,0,221,474,95
11/17/2025,DC-02,South,SKU-SKU-301,295,7.8,501,497,0,0,291,474,95
11/24/2025,DC-02,South,SKU-SKU-301,98,12.9,497,648,0,0,249,474,95
12/1/2025,DC-02,South,SKU-SKU-301,72,7.9,648,879,0,0,303,474,95
12/8/2025,DC-02,South,SKU-SKU-301,62,10.3,879,817,0,0,0,474,95
12/15/2025,DC-02,South,SKU-SKU-301,124,7.4,817,693,0,0,0,474,95
12/22/2025,DC-02,South,SKU-SKU-301,111,6.3,693,856,0,0,273,474,95
12/29/2025,DC-02,South,SKU-SKU-301,263,8,856,593,0,0,0,474,95
1/5/2026,DC-02,South,SKU-SKU-301,125,6.4,593,776,0,0,308,474,95
1/12/2026,DC-02,South,SKU-SKU-301,304,8.1,776,471,0,0,0,474,95
1/19/2026,DC-02,South,SKU-SKU-301,278,10.9,471,425,0,0,232,474,95
1/26/2026,DC-02,South,SKU-SKU-301,559,11.6,425,254,1,134,254,474,95
2/2/2026,DC-02,South,SKU-SKU-301,1,7.4,254,476,0,0,223,474,95
2/9/2026,DC-02,South,SKU-SKU-301,318,8.5,476,424,0,0,266,474,95
2/16/2026,DC-02,South,SKU-SKU-301,457,10.6,424,304,1,33,304,474,95
2/23/2026,DC-02,South,SKU-SKU-301,26,9.3,304,556,0,0,278,474,95
3/2/2026,DC-02,South,SKU-SKU-301,333,7.5,556,461,0,0,238,474,95
3/9/2026,DC-02,South,SKU-SKU-301,344,12.8,461,358,0,0,241,474,95
3/16/2026,DC-02,South,SKU-SKU-301,520,10.8,358,235,1,163,235,474,95
3/23/2026,DC-02,South,SKU-SKU-301,122,5,235,418,0,0,305,474,95
3/30/2026,DC-02,South,SKU-SKU-301,480,8.7,418,268,1,62,268,474,95
4/6/2026,DC-02,South,SKU-SKU-301,146,9.8,268,427,0,0,304,474,95
4/13/2026,DC-02,South,SKU-SKU-301,318,9,427,344,0,0,235,474,95
4/20/2026,DC-02,South,SKU-SKU-301,253,7.3,344,381,0,0,290,474,95
4/27/2026,DC-02,South,SKU-SKU-301,118,9.3,381,515,0,0,252,474,95
5/4/2026,DC-02,South,SKU-SKU-301,205,9.6,515,590,0,0,280,474,95
5/11/2026,DC-02,South,SKU-SKU-301,151,13.3,590,720,0,0,281,474,95
5/18/2026,DC-02,South,SKU-SKU-301,425,10.6,720,295,0,0,0,474,95
5/25/2026,DC-02,South,SKU-SKU-301,313,11.9,295,273,1,18,273,474,95
6/1/2026,DC-02,South,SKU-SKU-301,272,9.9,273,272,0,0,270,474,95
6/8/2026,DC-02,South,SKU-SKU-301,388,9.7,272,239,1,116,239,474,95
6/15/2026,DC-02,South,SKU-SKU-301,89,10.2,239,392,0,0,242,474,95
6/22/2026,DC-02,South,SKU-SKU-301,0,9.5,392,665,0,0,273,474,95
6/29/2026,DC-02,South,SKU-SKU-301,342,9.7,665,566,0,0,244,474,95
7/6/2026,DC-02,South,SKU-SKU-301,369,5.2,566,419,0,0,222,474,95
7/13/2026,DC-02,South,SKU-SKU-301,181,9,419,478,0,0,240,474,95
7/20/2026,DC-02,South,SKU-SKU-301,94,11.7,478,671,0,0,287,474,95
7/27/2026,DC-02,South,SKU-SKU-301,12,10.4,671,926,0,0,267,474,95
8/3/2026,DC-02,South,SKU-SKU-301,67,9.4,926,859,0,0,0,474,95
8/10/2026,DC-02,South,SKU-SKU-301,427,4.9,859,432,0,0,0,474,95
8/17/2026,DC-02,South,SKU-SKU-301,0,7.6,432,653,0,0,221,474,95
8/24/2026,DC-02,South,SKU-SKU-301,31,11.8,653,887,0,0,265,474,95
9/2/2024,DC-02,South,SKU-SKU-302,66,9.7,591,525,0,0,0,394,95
9/9/2024,DC-02,South,SKU-SKU-302,226,10.4,525,494,0,0,195,394,95
9/16/2024,DC-02,South,SKU-SKU-302,347,12.1,494,376,0,0,229,394,95
9/23/2024,DC-02,South,SKU-SKU-302,236,12,376,334,0,0,194,394,95
9/30/2024,DC-02,South,SKU-SKU-302,82,12.2,334,490,0,0,238,394,95
10/7/2024,DC-02,South,SKU-SKU-302,268,9.9,490,441,0,0,219,394,95
10/14/2024,DC-02,South,SKU-SKU-302,122,10,441,524,0,0,205,394,95
10/21/2024,DC-02,South,SKU-SKU-302,126,6.6,524,638,0,0,239,394,95
10/28/2024,DC-02,South,SKU-SKU-302,158,5.3,638,479,0,0,0,394,95
11/4/2024,DC-02,South,SKU-SKU-302,12,10.4,479,689,0,0,222,394,95
11/11/2024,DC-02,South,SKU-SKU-302,286,8.6,689,403,0,0,0,394,95
11/18/2024,DC-02,South,SKU-SKU-302,114,10.9,403,489,0,0,200,394,95
11/25/2024,DC-02,South,SKU-SKU-302,99,10.2,489,620,0,0,230,394,95
12/2/2024,DC-02,South,SKU-SKU-302,239,10,620,381,0,0,0,394,95
12/9/2024,DC-02,South,SKU-SKU-302,88,9,381,472,0,0,178,394,95
12/16/2024,DC-02,South,SKU-SKU-302,318,11.2,472,382,0,0,227,394,95
12/23/2024,DC-02,South,SKU-SKU-302,259,12.5,382,336,0,0,213,394,95
12/30/2024,DC-02,South,SKU-SKU-302,202,6.3,336,331,0,0,197,394,95
1/6/2025,DC-02,South,SKU-SKU-302,155,12.7,331,363,0,0,187,394,95
1/13/2025,DC-02,South,SKU-SKU-302,411,9.2,363,198,1,48,198,394,95
1/20/2025,DC-02,South,SKU-SKU-302,205,12.6,198,247,1,7,247,394,95
1/27/2025,DC-02,South,SKU-SKU-302,119,6.1,247,322,0,0,194,394,95
2/3/2025,DC-02,South,SKU-SKU-302,250,10.2,322,326,0,0,254,394,95
2/10/2025,DC-02,South,SKU-SKU-302,234,6.6,326,306,0,0,215,394,95
2/17/2025,DC-02,South,SKU-SKU-302,282,11.3,306,241,0,0,216,394,95
2/24/2025,DC-02,South,SKU-SKU-302,232,13.9,241,232,0,0,223,394,95
3/3/2025,DC-02,South,SKU-SKU-302,156,7.5,232,290,0,0,214,394,95
3/10/2025,DC-02,South,SKU-SKU-302,352,9.6,290,193,1,62,193,394,95
3/17/2025,DC-02,South,SKU-SKU-302,296,9.7,193,210,1,103,210,394,95
3/24/2025,DC-02,South,SKU-SKU-302,224,9.7,210,235,1,15,235,394,95
3/31/2025,DC-02,South,SKU-SKU-302,128,10.8,235,350,0,0,243,394,95
4/7/2025,DC-02,South,SKU-SKU-302,338,7.6,350,214,0,0,202,394,95
4/14/2025,DC-02,South,SKU-SKU-302,183,9.8,214,211,0,0,180,394,95
4/21/2025,DC-02,South,SKU-SKU-302,177,13.3,211,218,0,0,184,394,95
4/28/2025,DC-02,South,SKU-SKU-302,88,9.3,218,368,0,0,237,394,95
5/5/2025,DC-02,South,SKU-SKU-302,360,7.4,368,213,0,0,205,394,95
5/12/2025,DC-02,South,SKU-SKU-302,146,5.6,213,312,0,0,245,394,95
5/19/2025,DC-02,South,SKU-SKU-302,241,8.2,312,270,0,0,199,394,95
5/26/2025,DC-02,South,SKU-SKU-302,51,7.4,270,400,0,0,182,394,95
6/2/2025,DC-02,South,SKU-SKU-302,59,9.2,400,549,0,0,209,394,95
6/9/2025,DC-02,South,SKU-SKU-302,164,6.8,549,626,0,0,241,394,95
6/16/2025,DC-02,South,SKU-SKU-302,80,9.4,626,547,0,0,0,394,95
6/23/2025,DC-02,South,SKU-SKU-302,180,9.9,547,601,0,0,234,394,95
6/30/2025,DC-02,South,SKU-SKU-302,220,8.3,601,381,0,0,0,394,95
7/7/2025,DC-02,South,SKU-SKU-302,242,11.7,381,376,0,0,237,394,95
7/14/2025,DC-02,South,SKU-SKU-302,129,13.2,376,450,0,0,204,394,95
7/21/2025,DC-02,South,SKU-SKU-302,105,7.3,450,584,0,0,239,394,95
7/28/2025,DC-02,South,SKU-SKU-302,147,7.4,584,684,0,0,247,394,95
8/4/2025,DC-02,South,SKU-SKU-302,52,10,684,633,0,0,0,394,95
8/11/2025,DC-02,South,SKU-SKU-302,201,8,633,431,0,0,0,394,95
8/18/2025,DC-02,South,SKU-SKU-302,206,8.1,431,472,0,0,247,394,95
8/25/2025,DC-02,South,SKU-SKU-302,14,10,472,670,0,0,213,394,95
9/1/2025,DC-02,South,SKU-SKU-302,18,11.3,670,652,0,0,0,394,95
9/8/2025,DC-02,South,SKU-SKU-302,111,11.7,652,542,0,0,0,394,95
9/15/2025,DC-02,South,SKU-SKU-302,340,10,542,447,0,0,245,394,95
9/22/2025,DC-02,South,SKU-SKU-302,204,11.9,447,466,0,0,222,394,95
9/29/2025,DC-02,South,SKU-SKU-302,234,8.3,466,477,0,0,245,394,95
10/6/2025,DC-02,South,SKU-SKU-302,62,8.8,477,657,0,0,242,394,95
10/13/2025,DC-02,South,SKU-SKU-302,207,11.4,657,450,0,0,0,394,95
10/20/2025,DC-02,South,SKU-SKU-302,224,8.6,450,419,0,0,193,394,95
10/27/2025,DC-02,South,SKU-SKU-302,289,10.4,419,315,0,0,184,394,95
11/3/2025,DC-02,South,SKU-SKU-302,40,11.3,315,514,0,0,239,394,95
11/10/2025,DC-02,South,SKU-SKU-302,273,12,514,427,0,0,186,394,95
11/17/2025,DC-02,South,SKU-SKU-302,181,9.7,427,460,0,0,215,394,95
11/24/2025,DC-02,South,SKU-SKU-302,147,11.2,460,511,0,0,198,394,95
12/1/2025,DC-02,South,SKU-SKU-302,341,8.4,511,371,0,0,201,394,95
12/8/2025,DC-02,South,SKU-SKU-302,2,10.2,371,598,0,0,229,394,95
12/15/2025,DC-02,South,SKU-SKU-302,172,11.8,598,426,0,0,0,394,95
12/22/2025,DC-02,South,SKU-SKU-302,349,8.1,426,325,0,0,248,394,95
12/29/2025,DC-02,South,SKU-SKU-302,32,9.9,325,486,0,0,192,394,95
1/5/2026,DC-02,South,SKU-SKU-302,161,9.5,486,527,0,0,203,394,95
1/12/2026,DC-02,South,SKU-SKU-302,180,14,527,565,0,0,218,394,95
1/19/2026,DC-02,South,SKU-SKU-302,67,8.1,565,698,0,0,200,394,95
1/26/2026,DC-02,South,SKU-SKU-302,276,9.7,698,421,0,0,0,394,95
2/2/2026,DC-02,South,SKU-SKU-302,212,10.1,421,410,0,0,200,394,95
2/9/2026,DC-02,South,SKU-SKU-302,211,7,410,385,0,0,186,394,95
2/16/2026,DC-02,South,SKU-SKU-302,157,7.1,385,472,0,0,244,394,95
2/23/2026,DC-02,South,SKU-SKU-302,250,9.6,472,471,0,0,249,394,95
3/2/2026,DC-02,South,SKU-SKU-302,391,11.3,471,301,0,0,221,394,95
3/9/2026,DC-02,South,SKU-SKU-302,71,10.9,301,478,0,0,248,394,95
3/16/2026,DC-02,South,SKU-SKU-302,336,6.9,478,393,0,0,251,394,95
3/23/2026,DC-02,South,SKU-SKU-302,162,7.5,393,457,0,0,226,394,95
3/30/2026,DC-02,South,SKU-SKU-302,227,9.4,457,431,0,0,202,394,95
4/6/2026,DC-02,South,SKU-SKU-302,188,8.8,431,452,0,0,209,394,95
4/13/2026,DC-02,South,SKU-SKU-302,204,9.1,452,445,0,0,196,394,95
4/20/2026,DC-02,South,SKU-SKU-302,218,10.2,445,430,0,0,203,394,95
4/27/2026,DC-02,South,SKU-SKU-302,323,9,430,355,0,0,248,394,95
5/4/2026,DC-02,South,SKU-SKU-302,287,8.5,355,307,0,0,239,394,95
5/11/2026,DC-02,South,SKU-SKU-302,243,5.8,307,281,0,0,217,394,95
5/18/2026,DC-02,South,SKU-SKU-302,221,8.2,281,283,0,0,222,394,95
5/25/2026,DC-02,South,SKU-SKU-302,378,10.4,283,236,1,95,236,394,95
6/1/2026,DC-02,South,SKU-SKU-302,181,7.7,236,291,0,0,236,394,95
6/8/2026,DC-02,South,SKU-SKU-302,146,10.1,291,386,0,0,242,394,95
6/15/2026,DC-02,South,SKU-SKU-302,113,8.1,386,457,0,0,183,394,95
6/22/2026,DC-02,South,SKU-SKU-302,312,7.6,457,385,0,0,240,394,95
6/29/2026,DC-02,South,SKU-SKU-302,247,10.9,385,337,0,0,199,394,95
7/6/2026,DC-02,South,SKU-SKU-302,214,7.3,337,303,0,0,180,394,95
7/13/2026,DC-02,South,SKU-SKU-302,208,6.2,303,316,0,0,221,394,95
7/20/2026,DC-02,South,SKU-SKU-302,148,11.1,316,413,0,0,246,394,95
7/27/2026,DC-02,South,SKU-SKU-302,288,9.8,413,338,0,0,213,394,95
8/3/2026,DC-02,South,SKU-SKU-302,38,10.3,338,489,0,0,188,394,95
8/10/2026,DC-02,South,SKU-SKU-302,192,10.5,489,476,0,0,179,394,95
8/17/2026,DC-02,South,SKU-SKU-302,0,13.3,476,729,0,0,253,394,95
8/24/2026,DC-02,South,SKU-SKU-302,111,9.9,729,618,0,0,0,394,95
9/2/2024,DC-02,South,SKU-SKU-303,122,6.6,1374,1251,0,0,0,916,95
9/9/2024,DC-02,South,SKU-SKU-303,693,9,1251,1024,0,0,465,916,95
9/16/2024,DC-02,South,SKU-SKU-303,181,13.3,1024,1366,0,0,523,916,95
9/23/2024,DC-02,South,SKU-SKU-303,274,13.1,1366,1544,0,0,452,916,95
9/30/2024,DC-02,South,SKU-SKU-303,556,11.7,1544,987,0,0,0,916,95
10/7/2024,DC-02,South,SKU-SKU-303,315,13.7,987,1239,0,0,567,916,95
10/14/2024,DC-02,South,SKU-SKU-303,761,4.8,1239,1051,0,0,573,916,95
10/21/2024,DC-02,South,SKU-SKU-303,472,9.1,1051,992,0,0,412,916,95
10/28/2024,DC-02,South,SKU-SKU-303,396,12.7,992,1046,0,0,450,916,95
11/4/2024,DC-02,South,SKU-SKU-303,478,10.8,1046,1049,0,0,481,916,95
11/11/2024,DC-02,South,SKU-SKU-303,825,10.6,1049,793,0,0,569,916,95
11/18/2024,DC-02,South,SKU-SKU-303,619,11.1,793,653,0,0,480,916,95
11/25/2024,DC-02,South,SKU-SKU-303,680,6.1,653,577,1,27,577,916,95
12/2/2024,DC-02,South,SKU-SKU-303,155,11.9,577,976,0,0,555,916,95
12/9/2024,DC-02,South,SKU-SKU-303,577,5.3,976,922,0,0,523,916,95
12/16/2024,DC-02,South,SKU-SKU-303,623,7.6,922,869,0,0,569,916,95
12/23/2024,DC-02,South,SKU-SKU-303,734,10.4,869,592,0,0,457,916,95
12/30/2024,DC-02,South,SKU-SKU-303,105,9.5,592,1028,0,0,541,916,95
1/6/2025,DC-02,South,SKU-SKU-303,327,8.4,1028,1182,0,0,481,916,95
1/13/2025,DC-02,South,SKU-SKU-303,327,12.9,1182,1389,0,0,534,916,95
1/20/2025,DC-02,South,SKU-SKU-303,491,14.4,1389,898,0,0,0,916,95
1/27/2025,DC-02,South,SKU-SKU-303,476,10.9,898,1006,0,0,583,916,95
2/3/2025,DC-02,South,SKU-SKU-303,499,11.3,1006,992,0,0,486,916,95
2/10/2025,DC-02,South,SKU-SKU-303,328,7,992,1217,0,0,552,916,95
2/17/2025,DC-02,South,SKU-SKU-303,599,5.6,1217,1043,0,0,425,916,95
2/24/2025,DC-02,South,SKU-SKU-303,586,5.5,1043,928,0,0,472,916,95
3/3/2025,DC-02,South,SKU-SKU-303,195,7.6,928,1268,0,0,534,916,95
3/10/2025,DC-02,South,SKU-SKU-303,269,7.8,1268,1498,0,0,500,916,95
3/17/2025,DC-02,South,SKU-SKU-303,506,8.8,1498,992,0,0,0,916,95
3/24/2025,DC-02,South,SKU-SKU-303,494,13.5,992,967,0,0,469,916,95
3/31/2025,DC-02,South,SKU-SKU-303,244,13.1,967,1267,0,0,544,916,95
4/7/2025,DC-02,South,SKU-SKU-303,509,7.7,1267,1221,0,0,462,916,95
4/14/2025,DC-02,South,SKU-SKU-303,563,10,1221,1160,0,0,503,916,95
4/21/2025,DC-02,South,SKU-SKU-303,287,9.5,1160,1306,0,0,433,916,95
4/28/2025,DC-02,South,SKU-SKU-303,398,12,1306,1434,0,0,525,916,95
5/5/2025,DC-02,South,SKU-SKU-303,836,9,1434,597,0,0,0,916,95
5/12/2025,DC-02,South,SKU-SKU-303,440,7.7,597,733,0,0,575,916,95
5/19/2025,DC-02,South,SKU-SKU-303,739,11.6,733,570,1,6,570,916,95
5/26/2025,DC-02,South,SKU-SKU-303,423,9.2,570,729,0,0,583,916,95
6/2/2025,DC-02,South,SKU-SKU-303,530,11.4,729,702,0,0,503,916,95
6/9/2025,DC-02,South,SKU-SKU-303,477,11.3,702,694,0,0,469,916,95
6/16/2025,DC-02,South,SKU-SKU-303,488,9.5,694,751,0,0,545,916,95
6/23/2025,DC-02,South,SKU-SKU-303,558,11.3,751,768,0,0,574,916,95
6/30/2025,DC-02,South,SKU-SKU-303,379,7.2,768,805,0,0,417,916,95
7/7/2025,DC-02,South,SKU-SKU-303,421,12.7,805,798,0,0,414,916,95
7/14/2025,DC-02,South,SKU-SKU-303,323,11,798,1020,0,0,544,916,95
7/21/2025,DC-02,South,SKU-SKU-303,485,8.5,1020,1119,0,0,585,916,95
7/28/2025,DC-02,South,SKU-SKU-303,446,4.7,1119,1160,0,0,486,916,95
8/4/2025,DC-02,South,SKU-SKU-303,430,8.5,1160,1179,0,0,450,916,95
8/11/2025,DC-02,South,SKU-SKU-303,511,7.1,1179,1181,0,0,513,916,95
8/18/2025,DC-02,South,SKU-SKU-303,506,8.8,1181,1172,0,0,496,916,95
8/25/2025,DC-02,South,SKU-SKU-303,733,10.7,1172,884,0,0,446,916,95
9/1/2025,DC-02,South,SKU-SKU-303,420,6.5,884,1003,0,0,538,916,95
9/8/2025,DC-02,South,SKU-SKU-303,276,8.8,1003,1220,0,0,493,916,95
9/15/2025,DC-02,South,SKU-SKU-303,323,10.3,1220,1431,0,0,534,916,95
9/22/2025,DC-02,South,SKU-SKU-303,235,10,1431,1195,0,0,0,916,95
9/29/2025,DC-02,South,SKU-SKU-303,327,9.3,1195,1415,0,0,547,916,95
10/6/2025,DC-02,South,SKU-SKU-303,197,9.5,1415,1218,0,0,0,916,95
10/13/2025,DC-02,South,SKU-SKU-303,542,9.6,1218,1107,0,0,430,916,95
10/20/2025,DC-02,South,SKU-SKU-303,104,8.8,1107,1466,0,0,463,916,95
10/27/2025,DC-02,South,SKU-SKU-303,419,9.9,1466,1047,0,0,0,916,95
11/3/2025,DC-02,South,SKU-SKU-303,884,9,1047,700,0,0,536,916,95
11/10/2025,DC-02,South,SKU-SKU-303,583,11.2,700,551,0,0,435,916,95
11/17/2025,DC-02,South,SKU-SKU-303,938,8,551,581,1,386,581,916,95
11/24/2025,DC-02,South,SKU-SKU-303,575,6.3,581,576,0,0,570,916,95
12/1/2025,DC-02,South,SKU-SKU-303,687,10.4,576,476,1,111,476,916,95
12/8/2025,DC-02,South,SKU-SKU-303,691,9.4,476,525,1,215,525,916,95
12/15/2025,DC-02,South,SKU-SKU-303,797,9.4,525,503,1,273,503,916,95
12/22/2025,DC-02,South,SKU-SKU-303,299,5.5,503,716,0,0,512,916,95
12/29/2025,DC-02,South,SKU-SKU-303,749,8.2,716,490,1,33,490,916,95
1/5/2026,DC-02,South,SKU-SKU-303,792,9.4,490,576,1,302,576,916,95
1/12/2026,DC-02,South,SKU-SKU-303,257,12.4,576,754,0,0,435,916,95
1/19/2026,DC-02,South,SKU-SKU-303,649,6.7,754,583,0,0,479,916,95
1/26/2026,DC-02,South,SKU-SKU-303,561,8.2,583,555,0,0,532,916,95
2/2/2026,DC-02,South,SKU-SKU-303,393,10.3,555,644,0,0,482,916,95
2/9/2026,DC-02,South,SKU-SKU-303,833,5.4,644,556,1,189,556,916,95
2/16/2026,DC-02,South,SKU-SKU-303,180,15.2,556,874,0,0,498,916,95
2/23/2026,DC-02,South,SKU-SKU-303,508,10.7,874,803,0,0,437,916,95
3/2/2026,DC-02,South,SKU-SKU-303,393,8.2,803,914,0,0,505,916,95
3/9/2026,DC-02,South,SKU-SKU-303,0,12.6,914,1361,0,0,446,916,95
3/16/2026,DC-02,South,SKU-SKU-303,471,12.9,1361,1401,0,0,512,916,95
3/23/2026,DC-02,South,SKU-SKU-303,409,10.2,1401,992,0,0,0,916,95
3/30/2026,DC-02,South,SKU-SKU-303,631,8,992,869,0,0,509,916,95
4/6/2026,DC-02,South,SKU-SKU-303,581,4.9,869,857,0,0,569,916,95
4/13/2026,DC-02,South,SKU-SKU-303,474,8.5,857,835,0,0,452,916,95
4/20/2026,DC-02,South,SKU-SKU-303,616,6.3,835,665,0,0,446,916,95
4/27/2026,DC-02,South,SKU-SKU-303,487,12.5,665,693,0,0,515,916,95
5/4/2026,DC-02,South,SKU-SKU-303,707,11,693,474,1,14,474,916,95
5/11/2026,DC-02,South,SKU-SKU-303,465,15.3,474,432,0,0,423,916,95
5/18/2026,DC-02,South,SKU-SKU-303,270,8.8,432,583,0,0,421,916,95
5/25/2026,DC-02,South,SKU-SKU-303,559,6.5,583,543,0,0,519,916,95
6/1/2026,DC-02,South,SKU-SKU-303,628,9.2,543,561,1,85,561,916,95
6/8/2026,DC-02,South,SKU-SKU-303,545,8,561,453,0,0,436,916,95
6/15/2026,DC-02,South,SKU-SKU-303,379,10.4,453,600,0,0,526,916,95
6/22/2026,DC-02,South,SKU-SKU-303,146,9.5,600,1042,0,0,589,916,95
6/29/2026,DC-02,South,SKU-SKU-303,643,9.3,1042,837,0,0,438,916,95
7/6/2026,DC-02,South,SKU-SKU-303,364,10.1,837,918,0,0,445,916,95
7/13/2026,DC-02,South,SKU-SKU-303,482,6.3,918,874,0,0,439,916,95
7/20/2026,DC-02,South,SKU-SKU-303,845,10.6,874,586,0,0,556,916,95
7/27/2026,DC-02,South,SKU-SKU-303,314,12.8,586,768,0,0,496,916,95
8/3/2026,DC-02,South,SKU-SKU-303,153,14.1,768,1190,0,0,575,916,95
8/10/2026,DC-02,South,SKU-SKU-303,460,13,1190,1190,0,0,459,916,95
8/17/2026,DC-02,South,SKU-SKU-303,489,6.5,1190,1232,0,0,531,916,95
8/24/2026,DC-02,South,SKU-SKU-303,138,8.7,1232,1605,0,0,511,916,95
9/2/2024,DC-02,South,SKU-SKU-401,186,11.6,598,413,0,0,0,399,95
9/9/2024,DC-02,South,SKU-SKU-401,90,8.3,413,540,0,0,218,399,95
9/16/2024,DC-02,South,SKU-SKU-401,193,8.7,540,566,0,0,218,399,95
9/23/2024,DC-02,South,SKU-SKU-401,112,10.2,566,648,0,0,194,399,95
9/30/2024,DC-02,South,SKU-SKU-401,171,9.1,648,478,0,0,0,399,95
10/7/2024,DC-02,South,SKU-SKU-401,201,10.4,478,493,0,0,217,399,95
10/14/2024,DC-02,South,SKU-SKU-401,167,7.8,493,519,0,0,193,399,95
10/21/2024,DC-02,South,SKU-SKU-401,170,9.2,519,594,0,0,244,399,95
10/28/2024,DC-02,South,SKU-SKU-401,142,13.6,594,710,0,0,258,399,95
11/4/2024,DC-02,South,SKU-SKU-401,193,10.4,710,517,0,0,0,399,95
11/11/2024,DC-02,South,SKU-SKU-401,181,8.7,517,547,0,0,212,399,95
11/18/2024,DC-02,South,SKU-SKU-401,164,13.3,547,622,0,0,239,399,95
11/25/2024,DC-02,South,SKU-SKU-401,195,11.8,622,427,0,0,0,399,95
12/2/2024,DC-02,South,SKU-SKU-401,123,10.2,427,531,0,0,227,399,95
12/9/2024,DC-02,South,SKU-SKU-401,197,8.1,531,533,0,0,199,399,95
12/16/2024,DC-02,South,SKU-SKU-401,199,9,533,578,0,0,244,399,95
12/23/2024,DC-02,South,SKU-SKU-401,103,11.7,578,693,0,0,218,399,95
12/30/2024,DC-02,South,SKU-SKU-401,237,8.7,693,455,0,0,0,399,95
1/6/2025,DC-02,South,SKU-SKU-401,169,6.2,455,519,0,0,232,399,95
1/13/2025,DC-02,South,SKU-SKU-401,109,5.2,519,666,0,0,256,399,95
1/20/2025,DC-02,South,SKU-SKU-401,284,8.5,666,383,0,0,0,399,95
1/27/2025,DC-02,South,SKU-SKU-401,237,8.7,383,382,0,0,237,399,95
2/3/2025,DC-02,South,SKU-SKU-401,229,11.1,382,382,0,0,229,399,95
2/10/2025,DC-02,South,SKU-SKU-401,218,8.7,382,391,0,0,227,399,95
2/17/2025,DC-02,South,SKU-SKU-401,200,9.3,391,407,0,0,216,399,95
2/24/2025,DC-02,South,SKU-SKU-401,233,10,407,356,0,0,182,399,95
3/3/2025,DC-02,South,SKU-SKU-401,283,9.8,356,291,0,0,219,399,95
3/10/2025,DC-02,South,SKU-SKU-401,193,11.4,291,295,0,0,197,399,95
3/17/2025,DC-02,South,SKU-SKU-401,200,9.5,295,326,0,0,232,399,95
3/24/2025,DC-02,South,SKU-SKU-401,226,12.2,326,303,0,0,203,399,95
3/31/2025,DC-02,South,SKU-SKU-401,185,13.1,303,318,0,0,201,399,95
4/7/2025,DC-02,South,SKU-SKU-401,247,13,318,309,0,0,237,399,95
4/14/2025,DC-02,South,SKU-SKU-401,306,13.6,309,245,0,0,242,399,95
4/21/2025,DC-02,South,SKU-SKU-401,201,11.4,245,273,0,0,229,399,95
4/28/2025,DC-02,South,SKU-SKU-401,260,9.7,273,266,0,0,253,399,95
5/5/2025,DC-02,South,SKU-SKU-401,253,10.5,266,210,0,0,197,399,95
5/12/2025,DC-02,South,SKU-SKU-401,255,9.2,210,199,1,45,199,399,95
5/19/2025,DC-02,South,SKU-SKU-401,229,6.9,199,258,1,30,258,399,95
5/26/2025,DC-02,South,SKU-SKU-401,167,10,258,328,0,0,237,399,95
6/2/2025,DC-02,South,SKU-SKU-401,218,14.8,328,290,0,0,180,399,95
6/9/2025,DC-02,South,SKU-SKU-401,171,6.7,290,318,0,0,198,399,95
6/16/2025,DC-02,South,SKU-SKU-401,271,7.4,318,232,0,0,185,399,95
6/23/2025,DC-02,South,SKU-SKU-401,184,8.5,232,232,0,0,184,399,95
6/30/2025,DC-02,South,SKU-SKU-401,253,10.3,232,235,1,21,235,399,95
7/7/2025,DC-02,South,SKU-SKU-401,293,8.1,235,243,1,58,243,399,95
7/14/2025,DC-02,South,SKU-SKU-401,128,13.1,243,348,0,0,233,399,95
7/21/2025,DC-02,South,SKU-SKU-401,50,6.9,348,526,0,0,229,399,95
7/28/2025,DC-02,South,SKU-SKU-401,102,9.6,526,616,0,0,192,399,95
8/4/2025,DC-02,South,SKU-SKU-401,204,15.3,616,412,0,0,0,399,95
8/11/2025,DC-02,South,SKU-SKU-401,174,7.7,412,445,0,0,207,399,95
8/18/2025,DC-02,South,SKU-SKU-401,226,4.5,445,411,0,0,192,399,95
8/25/2025,DC-02,South,SKU-SKU-401,245,10,411,415,0,0,248,399,95
9/1/2025,DC-02,South,SKU-SKU-401,78,12.6,415,569,0,0,232,399,95
9/8/2025,DC-02,South,SKU-SKU-401,147,8.7,569,680,0,0,258,399,95
9/15/2025,DC-02,South,SKU-SKU-401,133,8.1,680,546,0,0,0,399,95
9/22/2025,DC-02,South,SKU-SKU-401,240,10.4,546,521,0,0,215,399,95
9/29/2025,DC-02,South,SKU-SKU-401,125,7.5,521,595,0,0,199,399,95
10/6/2025,DC-02,South,SKU-SKU-401,185,9.7,595,592,0,0,183,399,95
10/13/2025,DC-02,South,SKU-SKU-401,164,8.1,592,610,0,0,182,399,95
10/20/2025,DC-02,South,SKU-SKU-401,143,8.9,610,467,0,0,0,399,95
10/27/2025,DC-02,South,SKU-SKU-401,195,12.8,467,510,0,0,238,399,95
11/3/2025,DC-02,South,SKU-SKU-401,148,9.3,510,580,0,0,218,399,95
11/10/2025,DC-02,South,SKU-SKU-401,206,11.4,580,583,0,0,210,399,95
11/17/2025,DC-02,South,SKU-SKU-401,237,8.5,583,586,0,0,240,399,95
11/24/2025,DC-02,South,SKU-SKU-401,133,9.4,586,636,0,0,184,399,95
12/1/2025,DC-02,South,SKU-SKU-401,214,8.9,636,422,0,0,0,399,95
12/8/2025,DC-02,South,SKU-SKU-401,244,6.1,422,405,0,0,227,399,95
12/15/2025,DC-02,South,SKU-SKU-401,74,9.5,405,549,0,0,218,399,95
12/22/2025,DC-02,South,SKU-SKU-401,194,12.4,549,573,0,0,218,399,95
12/29/2025,DC-02,South,SKU-SKU-401,210,8,573,590,0,0,227,399,95
1/5/2026,DC-02,South,SKU-SKU-401,168,7.6,590,619,0,0,197,399,95
1/12/2026,DC-02,South,SKU-SKU-401,154,8,619,465,0,0,0,399,95
1/19/2026,DC-02,South,SKU-SKU-401,236,10.2,465,450,0,0,222,399,95
1/26/2026,DC-02,South,SKU-SKU-401,210,13.6,450,457,0,0,218,399,95
2/2/2026,DC-02,South,SKU-SKU-401,218,9.1,457,485,0,0,245,399,95
2/9/2026,DC-02,South,SKU-SKU-401,167,8.3,485,570,0,0,252,399,95
2/16/2026,DC-02,South,SKU-SKU-401,193,10.7,570,561,0,0,184,399,95
2/23/2026,DC-02,South,SKU-SKU-401,243,5.9,561,577,0,0,259,399,95
3/2/2026,DC-02,South,SKU-SKU-401,210,9,577,620,0,0,253,399,95
3/9/2026,DC-02,South,SKU-SKU-401,177,7.8,620,443,0,0,0,399,95
3/16/2026,DC-02,South,SKU-SKU-401,305,11.5,443,383,0,0,245,399,95
3/23/2026,DC-02,South,SKU-SKU-401,257,11,383,383,0,0,257,399,95
3/30/2026,DC-02,South,SKU-SKU-401,249,8.7,383,352,0,0,218,399,95
4/6/2026,DC-02,South,SKU-SKU-401,208,7.4,352,361,0,0,216,399,95
4/13/2026,DC-02,South,SKU-SKU-401,249,10.8,361,355,0,0,242,399,95
4/20/2026,DC-02,South,SKU-SKU-401,239,7.5,355,371,0,0,255,399,95
4/27/2026,DC-02,South,SKU-SKU-401,275,13.6,371,286,0,0,190,399,95
5/4/2026,DC-02,South,SKU-SKU-401,235,14.4,286,239,0,0,188,399,95
5/11/2026,DC-02,South,SKU-SKU-401,226,8.4,239,260,0,0,248,399,95
5/18/2026,DC-02,South,SKU-SKU-401,190,10.6,260,278,0,0,208,399,95
5/25/2026,DC-02,South,SKU-SKU-401,235,7,278,300,0,0,257,399,95
6/1/2026,DC-02,South,SKU-SKU-401,201,7.8,300,348,0,0,250,399,95
6/8/2026,DC-02,South,SKU-SKU-401,201,9.9,348,383,0,0,236,399,95
6/15/2026,DC-02,South,SKU-SKU-401,167,10.8,383,462,0,0,246,399,95
6/22/2026,DC-02,South,SKU-SKU-401,200,11.9,462,447,0,0,185,399,95
6/29/2026,DC-02,South,SKU-SKU-401,176,11.8,447,497,0,0,225,399,95
7/6/2026,DC-02,South,SKU-SKU-401,198,10.4,497,489,0,0,190,399,95
7/13/2026,DC-02,South,SKU-SKU-401,151,9.5,489,545,0,0,207,399,95
7/20/2026,DC-02,South,SKU-SKU-401,158,16.8,545,574,0,0,187,399,95
7/27/2026,DC-02,South,SKU-SKU-401,221,6.7,574,553,0,0,199,399,95
8/3/2026,DC-02,South,SKU-SKU-401,266,6.2,553,540,0,0,254,399,95
8/10/2026,DC-02,South,SKU-SKU-401,178,11.9,540,577,0,0,215,399,95
8/17/2026,DC-02,South,SKU-SKU-401,184,11.1,577,585,0,0,192,399,95
8/24/2026,DC-02,South,SKU-SKU-401,134,10.1,585,657,0,0,206,399,95
9/2/2024,DC-02,South,SKU-SKU-402,240,13,1260,1020,0,0,0,840,95
9/9/2024,DC-02,South,SKU-SKU-402,315,10.8,1020,1156,0,0,450,840,95
9/16/2024,DC-02,South,SKU-SKU-402,237,11.2,1156,1346,0,0,427,840,95
9/23/2024,DC-02,South,SKU-SKU-402,419,10.6,1346,927,0,0,0,840,95
9/30/2024,DC-02,South,SKU-SKU-402,443,10.5,927,897,0,0,413,840,95
10/7/2024,DC-02,South,SKU-SKU-402,534,8,897,856,0,0,492,840,95
10/14/2024,DC-02,South,SKU-SKU-402,397,12.1,856,901,0,0,443,840,95
10/21/2024,DC-02,South,SKU-SKU-402,389,8.4,901,920,0,0,407,840,95
10/28/2024,DC-02,South,SKU-SKU-402,275,12.5,920,1082,0,0,437,840,95
11/4/2024,DC-02,South,SKU-SKU-402,453,5.3,1082,1056,0,0,427,840,95
11/11/2024,DC-02,South,SKU-SKU-402,450,7.4,1056,1143,0,0,536,840,95
11/18/2024,DC-02,South,SKU-SKU-402,394,8.8,1143,1145,0,0,396,840,95
11/25/2024,DC-02,South,SKU-SKU-402,289,13.5,1145,1353,0,0,497,840,95
12/2/2024,DC-02,South,SKU-SKU-402,366,10.7,1353,986,0,0,0,840,95
12/9/2024,DC-02,South,SKU-SKU-402,388,8.8,986,1055,0,0,457,840,95
12/16/2024,DC-02,South,SKU-SKU-402,439,10.5,1055,1047,0,0,432,840,95
12/23/2024,DC-02,South,SKU-SKU-402,325,12.3,1047,1195,0,0,472,840,95
12/30/2024,DC-02,South,SKU-SKU-402,328,9,1195,1351,0,0,484,840,95
1/6/2025,DC-02,South,SKU-SKU-402,332,8.8,1351,1018,0,0,0,840,95
1/13/2025,DC-02,South,SKU-SKU-402,441,7,1018,1075,0,0,497,840,95
1/20/2025,DC-02,South,SKU-SKU-402,354,11.2,1075,1185,0,0,465,840,95
1/27/2025,DC-02,South,SKU-SKU-402,640,9.9,1185,1066,0,0,521,840,95
2/3/2025,DC-02,South,SKU-SKU-402,370,9.1,1066,1090,0,0,393,840,95
2/10/2025,DC-02,South,SKU-SKU-402,369,11.1,1090,1138,0,0,417,840,95
2/17/2025,DC-02,South,SKU-SKU-402,464,7.5,1138,1155,0,0,481,840,95
2/24/2025,DC-02,South,SKU-SKU-402,571,8.8,1155,1023,0,0,439,840,95
3/3/2025,DC-02,South,SKU-SKU-402,574,10.5,1023,980,0,0,531,840,95
3/10/2025,DC-02,South,SKU-SKU-402,443,7.1,980,1034,0,0,497,840,95
3/17/2025,DC-02,South,SKU-SKU-402,528,9.3,1034,1029,0,0,522,840,95
3/24/2025,DC-02,South,SKU-SKU-402,508,12.2,1029,902,0,0,381,840,95
3/31/2025,DC-02,South,SKU-SKU-402,477,13,902,939,0,0,513,840,95
4/7/2025,DC-02,South,SKU-SKU-402,521,12.9,939,890,0,0,472,840,95
4/14/2025,DC-02,South,SKU-SKU-402,470,10.6,890,825,0,0,405,840,95
4/21/2025,DC-02,South,SKU-SKU-402,620,10.7,825,700,0,0,494,840,95
4/28/2025,DC-02,South,SKU-SKU-402,608,10.2,700,539,0,0,448,840,95
5/5/2025,DC-02,South,SKU-SKU-402,310,8.9,539,696,0,0,467,840,95
5/12/2025,DC-02,South,SKU-SKU-402,533,9.8,696,657,0,0,494,840,95
5/19/2025,DC-02,South,SKU-SKU-402,485,6,657,564,0,0,392,840,95
5/26/2025,DC-02,South,SKU-SKU-402,553,6,564,440,0,0,429,840,95
6/2/2025,DC-02,South,SKU-SKU-402,468,13.6,440,526,1,28,526,840,95
6/9/2025,DC-02,South,SKU-SKU-402,463,10.3,526,540,0,0,478,840,95
6/16/2025,DC-02,South,SKU-SKU-402,403,8.2,540,530,0,0,393,840,95
6/23/2025,DC-02,South,SKU-SKU-402,370,9.9,530,581,0,0,421,840,95
6/30/2025,DC-02,South,SKU-SKU-402,415,12.1,581,555,0,0,389,840,95
7/7/2025,DC-02,South,SKU-SKU-402,387,10.9,555,572,0,0,404,840,95
7/14/2025,DC-02,South,SKU-SKU-402,319,12.1,572,723,0,0,471,840,95
7/21/2025,DC-02,South,SKU-SKU-402,317,13.1,723,942,0,0,536,840,95
7/28/2025,DC-02,South,SKU-SKU-402,371,11.7,942,998,0,0,427,840,95
8/4/2025,DC-02,South,SKU-SKU-402,413,9.9,998,1053,0,0,468,840,95
8/11/2025,DC-02,South,SKU-SKU-402,392,7.4,1053,1201,0,0,540,840,95
8/18/2025,DC-02,South,SKU-SKU-402,219,9.1,1201,1469,0,0,487,840,95
8/25/2025,DC-02,South,SKU-SKU-402,259,10.6,1469,1209,0,0,0,840,95
9/1/2025,DC-02,South,SKU-SKU-402,201,8.5,1209,1471,0,0,463,840,95
9/8/2025,DC-02,South,SKU-SKU-402,357,10.3,1471,1114,0,0,0,840,95
9/15/2025,DC-02,South,SKU-SKU-402,237,10.2,1114,1295,0,0,418,840,95
9/22/2025,DC-02,South,SKU-SKU-402,325,9.3,1295,971,0,0,0,840,95
9/29/2025,DC-02,South,SKU-SKU-402,253,11.7,971,1198,0,0,480,840,95
10/6/2025,DC-02,South,SKU-SKU-402,437,14.5,1198,1190,0,0,429,840,95
10/13/2025,DC-02,South,SKU-SKU-402,305,9.4,1190,1425,0,0,539,840,95
10/20/2025,DC-02,South,SKU-SKU-402,298,5.2,1425,1127,0,0,0,840,95
10/27/2025,DC-02,South,SKU-SKU-402,450,9.8,1127,1080,0,0,403,840,95
11/3/2025,DC-02,South,SKU-SKU-402,377,8,1080,1239,0,0,536,840,95
11/10/2025,DC-02,South,SKU-SKU-402,397,10.8,1239,1347,0,0,504,840,95
11/17/2025,DC-02,South,SKU-SKU-402,208,9.1,1347,1138,0,0,0,840,95
11/24/2025,DC-02,South,SKU-SKU-402,394,10.1,1138,1149,0,0,404,840,95
12/1/2025,DC-02,South,SKU-SKU-402,539,8.8,1149,1047,0,0,437,840,95
12/8/2025,DC-02,South,SKU-SKU-402,370,10.8,1047,1171,0,0,494,840,95
12/15/2025,DC-02,South,SKU-SKU-402,521,10.5,1171,1161,0,0,510,840,95
12/22/2025,DC-02,South,SKU-SKU-402,390,8.2,1161,1260,0,0,489,840,95
12/29/2025,DC-02,South,SKU-SKU-402,425,8.6,1260,1264,0,0,429,840,95
1/5/2026,DC-02,South,SKU-SKU-402,596,9.3,1264,668,0,0,0,840,95
1/12/2026,DC-02,South,SKU-SKU-402,279,9,668,915,0,0,526,840,95
1/19/2026,DC-02,South,SKU-SKU-402,503,8.2,915,806,0,0,394,840,95
1/26/2026,DC-02,South,SKU-SKU-402,403,7,806,928,0,0,524,840,95
2/2/2026,DC-02,South,SKU-SKU-402,467,6.6,928,1000,0,0,539,840,95
2/9/2026,DC-02,South,SKU-SKU-402,514,7.8,1000,1026,0,0,539,840,95
2/16/2026,DC-02,South,SKU-SKU-402,418,6.5,1026,990,0,0,382,840,95
2/23/2026,DC-02,South,SKU-SKU-402,500,11.5,990,872,0,0,382,840,95
3/2/2026,DC-02,South,SKU-SKU-402,606,10.2,872,802,0,0,536,840,95
3/9/2026,DC-02,South,SKU-SKU-402,476,7,802,715,0,0,389,840,95
3/16/2026,DC-02,South,SKU-SKU-402,381,7.5,715,716,0,0,383,840,95
3/23/2026,DC-02,South,SKU-SKU-402,413,10.6,716,769,0,0,466,840,95
3/30/2026,DC-02,South,SKU-SKU-402,535,11,769,659,0,0,424,840,95
4/6/2026,DC-02,South,SKU-SKU-402,475,11.3,659,583,0,0,399,840,95
4/13/2026,DC-02,South,SKU-SKU-402,580,11.7,583,468,0,0,465,840,95
4/20/2026,DC-02,South,SKU-SKU-402,562,13,468,518,1,94,518,840,95
4/27/2026,DC-02,South,SKU-SKU-402,554,7.5,518,498,1,36,498,840,95
5/4/2026,DC-02,South,SKU-SKU-402,391,12,498,544,0,0,437,840,95
5/11/2026,DC-02,South,SKU-SKU-402,488,9.9,544,592,0,0,537,840,95
5/18/2026,DC-02,South,SKU-SKU-402,497,12.5,592,501,0,0,406,840,95
5/25/2026,DC-02,South,SKU-SKU-402,483,11.6,501,408,0,0,389,840,95
6/1/2026,DC-02,South,SKU-SKU-402,329,5.7,408,520,0,0,441,840,95
6/8/2026,DC-02,South,SKU-SKU-402,511,6.8,520,417,0,0,407,840,95
6/15/2026,DC-02,South,SKU-SKU-402,542,7.4,417,397,1,125,397,840,95
6/22/2026,DC-02,South,SKU-SKU-402,272,8.5,397,661,0,0,537,840,95
6/29/2026,DC-02,South,SKU-SKU-402,473,8.3,661,673,0,0,485,840,95
7/6/2026,DC-02,South,SKU-SKU-402,400,6.9,673,684,0,0,412,840,95
7/13/2026,DC-02,South,SKU-SKU-402,412,8.1,684,736,0,0,463,840,95
7/20/2026,DC-02,South,SKU-SKU-402,471,8.1,736,657,0,0,392,840,95
7/27/2026,DC-02,South,SKU-SKU-402,304,15,657,772,0,0,419,840,95
8/3/2026,DC-02,South,SKU-SKU-402,307,10,772,952,0,0,487,840,95
8/10/2026,DC-02,South,SKU-SKU-402,377,8.6,952,970,0,0,395,840,95
8/17/2026,DC-02,South,SKU-SKU-402,315,8.7,970,1109,0,0,454,840,95
8/24/2026,DC-02,South,SKU-SKU-402,377,11,1109,1226,0,0,494,840,95
9/2/2024,DC-02,South,SKU-SKU-403,435,7.1,936,501,0,0,0,624,95
9/9/2024,DC-02,South,SKU-SKU-403,534,10,501,301,1,33,301,624,95
9/16/2024,DC-02,South,SKU-SKU-403,0,11.4,301,686,0,0,384,624,95
9/23/2024,DC-02,South,SKU-SKU-403,277,7.2,686,765,0,0,356,624,95
9/30/2024,DC-02,South,SKU-SKU-403,98,10.8,765,985,0,0,319,624,95
10/7/2024,DC-02,South,SKU-SKU-403,309,9.4,985,676,0,0,0,624,95
10/14/2024,DC-02,South,SKU-SKU-403,355,9.7,676,623,0,0,302,624,95
10/21/2024,DC-02,South,SKU-SKU-403,387,14.2,623,532,0,0,297,624,95
10/28/2024,DC-02,South,SKU-SKU-403,63,9.2,532,847,0,0,378,624,95
11/4/2024,DC-02,South,SKU-SKU-403,221,6.7,847,909,0,0,283,624,95
11/11/2024,DC-02,South,SKU-SKU-403,249,8.4,909,944,0,0,284,624,95
11/18/2024,DC-02,South,SKU-SKU-403,428,8.9,944,517,0,0,0,624,95
11/25/2024,DC-02,South,SKU-SKU-403,419,10,517,436,0,0,338,624,95
12/2/2024,DC-02,South,SKU-SKU-403,0,10.3,436,749,0,0,312,624,95
12/9/2024,DC-02,South,SKU-SKU-403,188,8.5,749,899,0,0,338,624,95
12/16/2024,DC-02,South,SKU-SKU-403,348,7.5,899,915,0,0,365,624,95
12/23/2024,DC-02,South,SKU-SKU-403,237,6.6,915,985,0,0,307,624,95
12/30/2024,DC-02,South,SKU-SKU-403,290,14.9,985,695,0,0,0,624,95
1/6/2025,DC-02,South,SKU-SKU-403,187,13.7,695,789,0,0,281,624,95
1/13/2025,DC-02,South,SKU-SKU-403,253,7.7,789,919,0,0,383,624,95
1/20/2025,DC-02,South,SKU-SKU-403,232,8.2,919,1018,0,0,330,624,95
1/27/2025,DC-02,South,SKU-SKU-403,222,11.7,1018,795,0,0,0,624,95
2/3/2025,DC-02,South,SKU-SKU-403,171,8.2,795,1003,0,0,379,624,95
2/10/2025,DC-02,South,SKU-SKU-403,216,11.8,1003,787,0,0,0,624,95
2/17/2025,DC-02,South,SKU-SKU-403,203,9.1,787,869,0,0,285,624,95
2/24/2025,DC-02,South,SKU-SKU-403,291,14.4,869,936,0,0,358,624,95
3/3/2025,DC-02,South,SKU-SKU-403,431,10.4,936,505,0,0,0,624,95
3/10/2025,DC-02,South,SKU-SKU-403,644,9.3,505,363,1,139,363,624,95
3/17/2025,DC-02,South,SKU-SKU-403,341,9.4,363,368,0,0,347,624,95
3/24/2025,DC-02,South,SKU-SKU-403,363,5.1,368,353,0,0,348,624,95
3/31/2025,DC-02,South,SKU-SKU-403,427,10.7,353,286,1,74,286,624,95
4/7/2025,DC-02,South,SKU-SKU-403,131,12.2,286,537,0,0,382,624,95
4/14/2025,DC-02,South,SKU-SKU-403,279,8.4,537,559,0,0,302,624,95
4/21/2025,DC-02,South,SKU-SKU-403,493,10.6,559,355,0,0,290,624,95
4/28/2025,DC-02,South,SKU-SKU-403,288,8.8,355,459,0,0,392,624,95
5/5/2025,DC-02,South,SKU-SKU-403,405,8.6,459,453,0,0,399,624,95
5/12/2025,DC-02,South,SKU-SKU-403,438,11.2,453,378,0,0,363,624,95
5/19/2025,DC-02,South,SKU-SKU-403,200,9.8,378,494,0,0,317,624,95
5/26/2025,DC-02,South,SKU-SKU-403,234,9.2,494,582,0,0,322,624,95
6/2/2025,DC-02,South,SKU-SKU-403,192,13.4,582,683,0,0,293,624,95
6/9/2025,DC-02,South,SKU-SKU-403,249,11.3,683,754,0,0,320,624,95
6/16/2025,DC-02,South,SKU-SKU-403,342,10.7,754,793,0,0,381,624,95
6/23/2025,DC-02,South,SKU-SKU-403,289,7.5,793,831,0,0,328,624,95
6/30/2025,DC-02,South,SKU-SKU-403,499,8.3,831,735,0,0,402,624,95
7/7/2025,DC-02,South,SKU-SKU-403,262,11,735,854,0,0,382,624,95
7/14/2025,DC-02,South,SKU-SKU-403,198,7.6,854,947,0,0,290,624,95
7/21/2025,DC-02,South,SKU-SKU-403,142,10,947,805,0,0,0,624,95
7/28/2025,DC-02,South,SKU-SKU-403,179,10.6,805,964,0,0,339,624,95
8/4/2025,DC-02,South,SKU-SKU-403,253,11.4,964,712,0,0,0,624,95
8/11/2025,DC-02,South,SKU-SKU-403,367,10.3,712,634,0,0,289,624,95
8/18/2025,DC-02,South,SKU-SKU-403,627,12.5,634,361,0,0,355,624,95
8/25/2025,DC-02,South,SKU-SKU-403,52,9.6,361,620,0,0,311,624,95
9/1/2025,DC-02,South,SKU-SKU-403,244,6.5,620,658,0,0,281,624,95
9/8/2025,DC-02,South,SKU-SKU-403,326,9.5,658,727,0,0,395,624,95
9/15/2025,DC-02,South,SKU-SKU-403,152,10,727,941,0,0,367,624,95
9/22/2025,DC-02,South,SKU-SKU-403,121,10.7,941,820,0,0,0,624,95
9/29/2025,DC-02,South,SKU-SKU-403,208,8.8,820,932,0,0,320,624,95
10/6/2025,DC-02,South,SKU-SKU-403,258,8.8,932,1024,0,0,350,624,95
10/13/2025,DC-02,South,SKU-SKU-403,124,2.9,1024,900,0,0,0,624,95
10/20/2025,DC-02,South,SKU-SKU-403,485,7.2,900,769,0,0,355,624,95
10/27/2025,DC-02,South,SKU-SKU-403,184,5.7,769,895,0,0,309,624,95
11/3/2025,DC-02,South,SKU-SKU-403,334,13.1,895,926,0,0,365,624,95
11/10/2025,DC-02,South,SKU-SKU-403,440,7.1,926,838,0,0,352,624,95
11/17/2025,DC-02,South,SKU-SKU-403,247,13.6,838,996,0,0,405,624,95
11/24/2025,DC-02,South,SKU-SKU-403,180,10.6,996,816,0,0,0,624,95
12/1/2025,DC-02,South,SKU-SKU-403,75,11.2,816,1089,0,0,348,624,95
12/8/2025,DC-02,South,SKU-SKU-403,407,9.4,1089,682,0,0,0,624,95
12/15/2025,DC-02,South,SKU-SKU-403,226,10.9,682,817,0,0,361,624,95
12/22/2025,DC-02,South,SKU-SKU-403,113,13.1,817,1102,0,0,398,624,95
12/29/2025,DC-02,South,SKU-SKU-403,453,9.5,1102,649,0,0,0,624,95
1/5/2026,DC-02,South,SKU-SKU-403,184,9.4,649,817,0,0,352,624,95
1/12/2026,DC-02,South,SKU-SKU-403,710,12,817,487,0,0,380,624,95
1/19/2026,DC-02,South,SKU-SKU-403,93,9.9,487,754,0,0,360,624,95
1/26/2026,DC-02,South,SKU-SKU-403,495,12.6,754,563,0,0,304,624,95
2/2/2026,DC-02,South,SKU-SKU-403,493,9.4,563,361,0,0,291,624,95
2/9/2026,DC-02,South,SKU-SKU-403,397,14.1,361,374,1,36,374,624,95
2/16/2026,DC-02,South,SKU-SKU-403,240,10.3,374,494,0,0,360,624,95
2/23/2026,DC-02,South,SKU-SKU-403,475,13.1,494,383,0,0,363,624,95
3/2/2026,DC-02,South,SKU-SKU-403,424,9.7,383,381,1,42,381,624,95
3/9/2026,DC-02,South,SKU-SKU-403,544,12.4,381,294,1,163,294,624,95
3/16/2026,DC-02,South,SKU-SKU-403,224,11.3,294,468,0,0,398,624,95
3/23/2026,DC-02,South,SKU-SKU-403,447,7.7,468,419,0,0,398,624,95
3/30/2026,DC-02,South,SKU-SKU-403,176,9.6,419,617,0,0,374,624,95
4/6/2026,DC-02,South,SKU-SKU-403,166,7.6,617,800,0,0,348,624,95
4/13/2026,DC-02,South,SKU-SKU-403,301,8.1,800,878,0,0,379,624,95
4/20/2026,DC-02,South,SKU-SKU-403,286,10.1,878,990,0,0,398,624,95
4/27/2026,DC-02,South,SKU-SKU-403,208,10.9,990,782,0,0,0,624,95
5/4/2026,DC-02,South,SKU-SKU-403,371,10,782,777,0,0,366,624,95
5/11/2026,DC-02,South,SKU-SKU-403,486,6.3,777,573,0,0,282,624,95
5/18/2026,DC-02,South,SKU-SKU-403,203,8.9,573,694,0,0,324,624,95
5/25/2026,DC-02,South,SKU-SKU-403,219,7.4,694,833,0,0,358,624,95
6/1/2026,DC-02,South,SKU-SKU-403,410,8.2,833,752,0,0,330,624,95
6/8/2026,DC-02,South,SKU-SKU-403,377,10.4,752,752,0,0,376,624,95
6/15/2026,DC-02,South,SKU-SKU-403,206,8.9,752,876,0,0,330,624,95
6/22/2026,DC-02,South,SKU-SKU-403,475,4.8,876,787,0,0,387,624,95
6/29/2026,DC-02,South,SKU-SKU-403,116,8.6,787,1063,0,0,391,624,95
7/6/2026,DC-02,South,SKU-SKU-403,280,8.4,1063,782,0,0,0,624,95
7/13/2026,DC-02,South,SKU-SKU-403,474,11,782,658,0,0,349,624,95
7/20/2026,DC-02,South,SKU-SKU-403,537,8.2,658,456,0,0,335,624,95
7/27/2026,DC-02,South,SKU-SKU-403,298,8.5,456,524,0,0,366,624,95
8/3/2026,DC-02,South,SKU-SKU-403,230,10.5,524,617,0,0,323,624,95
8/10/2026,DC-02,South,SKU-SKU-403,559,8.7,617,386,0,0,327,624,95
8/17/2026,DC-02,South,SKU-SKU-403,293,6.8,386,467,0,0,374,624,95
8/24/2026,DC-02,South,SKU-SKU-403,246,9.2,467,545,0,0,324,624,95
9/2/2024,DC-02,South,SKU-501,106,7.3,632,526,0,0,0,421,95
9/9/2024,DC-02,South,SKU-501,224,8.8,526,523,0,0,221,421,95
9/16/2024,DC-02,South,SKU-501,191,2.8,523,534,0,0,202,421,95
9/23/2024,DC-02,South,SKU-501,331,12,534,395,0,0,192,421,95
9/30/2024,DC-02,South,SKU-501,186,12.8,395,423,0,0,214,421,95
10/7/2024,DC-02,South,SKU-501,165,10.5,423,505,0,0,247,421,95
10/14/2024,DC-02,South,SKU-501,273,6.7,505,466,0,0,234,421,95
10/21/2024,DC-02,South,SKU-501,253,8.4,466,478,0,0,265,421,95
10/28/2024,DC-02,South,SKU-501,305,10.2,478,379,0,0,206,421,95
11/4/2024,DC-02,South,SKU-501,76,9.5,379,513,0,0,210,421,95
11/11/2024,DC-02,South,SKU-501,282,8.1,513,462,0,0,230,421,95
11/18/2024,DC-02,South,SKU-501,188,8.7,462,498,0,0,225,421,95
11/25/2024,DC-02,South,SKU-501,288,11.4,498,448,0,0,237,421,95
12/2/2024,DC-02,South,SKU-501,151,11.3,448,531,0,0,233,421,95
12/9/2024,DC-02,South,SKU-501,169,7.7,531,567,0,0,205,421,95
12/16/2024,DC-02,South,SKU-501,123,8,567,696,0,0,253,421,95
12/23/2024,DC-02,South,SKU-501,70,11.7,696,626,0,0,0,421,95
12/30/2024,DC-02,South,SKU-501,250,6.3,626,602,0,0,226,421,95
1/6/2025,DC-02,South,SKU-501,374,9.7,602,453,0,0,225,421,95
1/13/2025,DC-02,South,SKU-501,210,10.7,453,483,0,0,240,421,95
1/20/2025,DC-02,South,SKU-501,225,9.8,483,504,0,0,246,421,95
1/27/2025,DC-02,South,SKU-501,339,9.7,504,377,0,0,212,421,95
2/3/2025,DC-02,South,SKU-501,203,8.9,377,427,0,0,254,421,95
2/10/2025,DC-02,South,SKU-501,212,10.7,427,430,0,0,216,421,95
2/17/2025,DC-02,South,SKU-501,347,8.8,430,281,0,0,197,421,95
2/24/2025,DC-02,South,SKU-501,251,10.2,281,235,0,0,204,421,95
3/3/2025,DC-02,South,SKU-501,136,9.6,235,337,0,0,238,421,95
3/10/2025,DC-02,South,SKU-501,308,12.3,337,285,0,0,256,421,95
3/17/2025,DC-02,South,SKU-501,75,10.3,285,478,0,0,268,421,95
3/24/2025,DC-02,South,SKU-501,192,10.6,478,539,0,0,253,421,95
3/31/2025,DC-02,South,SKU-501,130,12,539,618,0,0,210,421,95
4/7/2025,DC-02,South,SKU-501,295,7.9,618,516,0,0,192,421,95
4/14/2025,DC-02,South,SKU-501,247,10,516,488,0,0,220,421,95
4/21/2025,DC-02,South,SKU-501,302,8.1,488,418,0,0,232,421,95
4/28/2025,DC-02,South,SKU-501,282,11,418,399,0,0,262,421,95
5/5/2025,DC-02,South,SKU-501,239,11.7,399,390,0,0,231,421,95
5/12/2025,DC-02,South,SKU-501,258,9.3,390,360,0,0,228,421,95
5/19/2025,DC-02,South,SKU-501,205,7.9,360,419,0,0,264,421,95
5/26/2025,DC-02,South,SKU-501,238,9.1,419,375,0,0,194,421,95
6/2/2025,DC-02,South,SKU-501,213,12.2,375,359,0,0,197,421,95
6/9/2025,DC-02,South,SKU-501,229,7.4,359,401,0,0,272,421,95
6/16/2025,DC-02,South,SKU-501,89,9.8,401,575,0,0,262,421,95
6/23/2025,DC-02,South,SKU-501,220,9.5,575,590,0,0,236,421,95
6/30/2025,DC-02,South,SKU-501,45,6.1,590,812,0,0,267,421,95
7/7/2025,DC-02,South,SKU-501,201,11.9,812,611,0,0,0,421,95
7/14/2025,DC-02,South,SKU-501,186,8,611,697,0,0,272,421,95
7/21/2025,DC-02,South,SKU-501,148,6.6,697,549,0,0,0,421,95
7/28/2025,DC-02,South,SKU-501,217,9.8,549,581,0,0,250,421,95
8/4/2025,DC-02,South,SKU-501,110,9.9,581,740,0,0,269,421,95
8/11/2025,DC-02,South,SKU-501,206,8.3,740,535,0,0,0,421,95
8/18/2025,DC-02,South,SKU-501,186,12.3,535,603,0,0,254,421,95
8/25/2025,DC-02,South,SKU-501,158,12.8,603,710,0,0,265,421,95
9/1/2025,DC-02,South,SKU-501,199,11.6,710,511,0,0,0,421,95
9/8/2025,DC-02,South,SKU-501,166,9.5,511,558,0,0,213,421,95
9/15/2025,DC-02,South,SKU-501,203,15,558,618,0,0,263,421,95
9/22/2025,DC-02,South,SKU-501,256,7.9,618,565,0,0,203,421,95
9/29/2025,DC-02,South,SKU-501,223,5.8,565,562,0,0,220,421,95
10/6/2025,DC-02,South,SKU-501,270,12.1,562,483,0,0,191,421,95
10/13/2025,DC-02,South,SKU-501,235,14.5,483,461,0,0,213,421,95
10/20/2025,DC-02,South,SKU-501,345,10.8,461,381,0,0,264,421,95
10/27/2025,DC-02,South,SKU-501,293,8.1,381,299,0,0,211,421,95
11/3/2025,DC-02,South,SKU-501,171,13.2,299,347,0,0,219,421,95
11/10/2025,DC-02,South,SKU-501,171,9.7,347,417,0,0,241,421,95
11/17/2025,DC-02,South,SKU-501,287,9.7,417,368,0,0,238,421,95
11/24/2025,DC-02,South,SKU-501,258,9.3,368,323,0,0,213,421,95
12/1/2025,DC-02,South,SKU-501,132,8.4,323,382,0,0,191,421,95
12/8/2025,DC-02,South,SKU-501,159,6.4,382,486,0,0,263,421,95
12/15/2025,DC-02,South,SKU-501,100,11.6,486,612,0,0,225,421,95
12/22/2025,DC-02,South,SKU-501,295,9.9,612,550,0,0,233,421,95
12/29/2025,DC-02,South,SKU-501,250,9.9,550,558,0,0,258,421,95
1/5/2026,DC-02,South,SKU-501,211,11.7,558,572,0,0,226,421,95
1/12/2026,DC-02,South,SKU-501,329,10.6,572,460,0,0,216,421,95
1/19/2026,DC-02,South,SKU-501,174,14.1,460,511,0,0,226,421,95
1/26/2026,DC-02,South,SKU-501,376,9.1,511,406,0,0,270,421,95
2/2/2026,DC-02,South,SKU-501,222,11.6,406,422,0,0,239,421,95
2/9/2026,DC-02,South,SKU-501,192,12.2,422,485,0,0,255,421,95
2/16/2026,DC-02,South,SKU-501,310,7.4,485,411,0,0,236,421,95
2/23/2026,DC-02,South,SKU-501,141,9.8,411,528,0,0,258,421,95
3/2/2026,DC-02,South,SKU-501,337,8.4,528,405,0,0,214,421,95
3/9/2026,DC-02,South,SKU-501,274,6.1,405,333,0,0,203,421,95
3/16/2026,DC-02,South,SKU-501,104,9.6,333,499,0,0,270,421,95
3/23/2026,DC-02,South,SKU-501,287,11.3,499,430,0,0,218,421,95
3/30/2026,DC-02,South,SKU-501,248,10.5,430,450,0,0,268,421,95
4/6/2026,DC-02,South,SKU-501,196,8.7,450,487,0,0,232,421,95
4/13/2026,DC-02,South,SKU-501,394,10.1,487,356,0,0,263,421,95
4/20/2026,DC-02,South,SKU-501,284,11.6,356,328,0,0,255,421,95
4/27/2026,DC-02,South,SKU-501,228,10.2,328,372,0,0,272,421,95
5/4/2026,DC-02,South,SKU-501,190,9.8,372,383,0,0,201,421,95
5/11/2026,DC-02,South,SKU-501,80,7.6,383,530,0,0,227,421,95
5/18/2026,DC-02,South,SKU-501,285,6.3,530,438,0,0,193,421,95
5/25/2026,DC-02,South,SKU-501,484,12.3,438,216,1,46,216,421,95
6/1/2026,DC-02,South,SKU-501,234,10.2,216,202,1,18,202,421,95
6/8/2026,DC-02,South,SKU-501,294,12.3,202,194,1,91,194,421,95
6/15/2026,DC-02,South,SKU-501,262,8.3,194,190,1,68,190,421,95
6/22/2026,DC-02,South,SKU-501,332,7.8,190,236,1,142,236,421,95
6/29/2026,DC-02,South,SKU-501,110,8.5,236,367,0,0,241,421,95
7/6/2026,DC-02,South,SKU-501,137,6.8,367,502,0,0,272,421,95
7/13/2026,DC-02,South,SKU-501,62,8,502,636,0,0,196,421,95
7/20/2026,DC-02,South,SKU-501,192,12.7,636,443,0,0,0,421,95
7/27/2026,DC-02,South,SKU-501,229,10.5,443,470,0,0,256,421,95
8/3/2026,DC-02,South,SKU-501,224,11.1,470,442,0,0,196,421,95
8/10/2026,DC-02,South,SKU-501,267,9,442,379,0,0,203,421,95
8/17/2026,DC-02,South,SKU-501,211,7,379,382,0,0,214,421,95
8/24/2026,DC-02,South,SKU-501,171,8.4,382,403,0,0,192,421,95
9/2/2024,DC-02,South,SKU-502,218,11.7,874,657,0,0,0,583,95
9/9/2024,DC-02,South,SKU-502,247,11.3,657,743,0,0,333,583,95
9/16/2024,DC-02,South,SKU-502,341,8.7,743,765,0,0,363,583,95
9/23/2024,DC-02,South,SKU-502,159,8.4,765,920,0,0,314,583,95
9/30/2024,DC-02,South,SKU-502,281,9.4,920,639,0,0,0,583,95
10/7/2024,DC-02,South,SKU-502,364,7,639,590,0,0,315,583,95
10/14/2024,DC-02,South,SKU-502,220,13.6,590,679,0,0,309,583,95
10/21/2024,DC-02,South,SKU-502,310,9.4,679,746,0,0,377,583,95
10/28/2024,DC-02,South,SKU-502,267,9.8,746,847,0,0,368,583,95
11/4/2024,DC-02,South,SKU-502,296,13.3,847,837,0,0,287,583,95
11/11/2024,DC-02,South,SKU-502,156,9.2,837,1005,0,0,324,583,95
11/18/2024,DC-02,South,SKU-502,307,8.5,1005,698,0,0,0,583,95
11/25/2024,DC-02,South,SKU-502,378,8,698,680,0,0,360,583,95
12/2/2024,DC-02,South,SKU-502,286,11.4,680,768,0,0,374,583,95
12/9/2024,DC-02,South,SKU-502,349,8.4,768,727,0,0,308,583,95
12/16/2024,DC-02,South,SKU-502,292,8.6,727,798,0,0,363,583,95
12/23/2024,DC-02,South,SKU-502,221,6.6,798,935,0,0,359,583,95
12/30/2024,DC-02,South,SKU-502,235,6.4,935,701,0,0,0,583,95
1/6/2025,DC-02,South,SKU-502,315,7.3,701,756,0,0,370,583,95
1/13/2025,DC-02,South,SKU-502,280,12.7,756,777,0,0,302,583,95
1/20/2025,DC-02,South,SKU-502,335,9.7,777,798,0,0,356,583,95
1/27/2025,DC-02,South,SKU-502,311,10.7,798,777,0,0,289,583,95
2/3/2025,DC-02,South,SKU-502,329,9.8,777,763,0,0,316,583,95
2/10/2025,DC-02,South,SKU-502,347,13.3,763,717,0,0,301,583,95
2/17/2025,DC-02,South,SKU-502,315,12.8,717,768,0,0,366,583,95
2/24/2025,DC-02,South,SKU-502,387,9.7,768,690,0,0,309,583,95
3/3/2025,DC-02,South,SKU-502,238,10.2,690,792,0,0,340,583,95
3/10/2025,DC-02,South,SKU-502,366,6.1,792,751,0,0,326,583,95
3/17/2025,DC-02,South,SKU-502,292,9.7,751,807,0,0,348,583,95
3/24/2025,DC-02,South,SKU-502,296,10,807,835,0,0,324,583,95
3/31/2025,DC-02,South,SKU-502,425,9,835,746,0,0,336,583,95
4/7/2025,DC-02,South,SKU-502,242,7.6,746,876,0,0,373,583,95
4/14/2025,DC-02,South,SKU-502,300,9.5,876,576,0,0,0,583,95
4/21/2025,DC-02,South,SKU-502,301,11.3,576,602,0,0,326,583,95
4/28/2025,DC-02,South,SKU-502,295,10.7,602,589,0,0,282,583,95
5/5/2025,DC-02,South,SKU-502,220,9.6,589,730,0,0,361,583,95
5/12/2025,DC-02,South,SKU-502,317,11.6,730,772,0,0,359,583,95
5/19/2025,DC-02,South,SKU-502,370,11.2,772,734,0,0,331,583,95
5/26/2025,DC-02,South,SKU-502,220,9.1,734,797,0,0,283,583,95
6/2/2025,DC-02,South,SKU-502,276,5.9,797,876,0,0,356,583,95
6/9/2025,DC-02,South,SKU-502,349,12.6,876,528,0,0,0,583,95
6/16/2025,DC-02,South,SKU-502,193,9.3,528,704,0,0,369,583,95
6/23/2025,DC-02,South,SKU-502,236,10.1,704,806,0,0,338,583,95
6/30/2025,DC-02,South,SKU-502,269,13.2,806,884,0,0,346,583,95
7/7/2025,DC-02,South,SKU-502,302,6.9,884,582,0,0,0,583,95
7/14/2025,DC-02,South,SKU-502,280,10.7,582,573,0,0,271,583,95
7/21/2025,DC-02,South,SKU-502,254,10.1,573,639,0,0,320,583,95
7/28/2025,DC-02,South,SKU-502,326,11,639,649,0,0,336,583,95
8/4/2025,DC-02,South,SKU-502,270,8.3,649,677,0,0,298,583,95
8/11/2025,DC-02,South,SKU-502,218,7.8,677,796,0,0,337,583,95
8/18/2025,DC-02,South,SKU-502,330,8.8,796,773,0,0,307,583,95
8/25/2025,DC-02,South,SKU-502,242,9.4,773,869,0,0,339,583,95
9/1/2025,DC-02,South,SKU-502,334,9.6,869,836,0,0,301,583,95
9/8/2025,DC-02,South,SKU-502,246,13.5,836,892,0,0,303,583,95
9/15/2025,DC-02,South,SKU-502,291,11.3,892,602,0,0,0,583,95
9/22/2025,DC-02,South,SKU-502,281,8.8,602,601,0,0,281,583,95
9/29/2025,DC-02,South,SKU-502,374,10.7,601,513,0,0,286,583,95
10/6/2025,DC-02,South,SKU-502,170,8.8,513,674,0,0,331,583,95
10/13/2025,DC-02,South,SKU-502,270,6.9,674,767,0,0,363,583,95
10/20/2025,DC-02,South,SKU-502,263,6.5,767,814,0,0,310,583,95
10/27/2025,DC-02,South,SKU-502,341,10.7,814,784,0,0,311,583,95
11/3/2025,DC-02,South,SKU-502,291,5.7,784,799,0,0,306,583,95
11/10/2025,DC-02,South,SKU-502,286,11.3,799,831,0,0,317,583,95
11/17/2025,DC-02,South,SKU-502,282,8.3,831,832,0,0,284,583,95
11/24/2025,DC-02,South,SKU-502,318,8.7,832,857,0,0,343,583,95
12/1/2025,DC-02,South,SKU-502,203,7,857,996,0,0,341,583,95
12/8/2025,DC-02,South,SKU-502,290,12.8,996,705,0,0,0,583,95
12/15/2025,DC-02,South,SKU-502,254,7.2,705,790,0,0,338,583,95
12/22/2025,DC-02,South,SKU-502,262,12.5,790,796,0,0,268,583,95
12/29/2025,DC-02,South,SKU-502,327,6.8,796,801,0,0,333,583,95
1/5/2026,DC-02,South,SKU-502,356,9.3,801,806,0,0,360,583,95
1/12/2026,DC-02,South,SKU-502,396,9.1,806,735,0,0,325,583,95
1/19/2026,DC-02,South,SKU-502,334,9.5,735,729,0,0,328,583,95
1/26/2026,DC-02,South,SKU-502,307,9.1,729,772,0,0,350,583,95
2/2/2026,DC-02,South,SKU-502,362,6.3,772,777,0,0,366,583,95
2/9/2026,DC-02,South,SKU-502,344,11.1,777,807,0,0,374,583,95
2/16/2026,DC-02,South,SKU-502,335,7.4,807,784,0,0,312,583,95
2/23/2026,DC-02,South,SKU-502,327,12.3,784,828,0,0,372,583,95
3/2/2026,DC-02,South,SKU-502,321,8.8,828,838,0,0,331,583,95
3/9/2026,DC-02,South,SKU-502,349,6.4,838,820,0,0,331,583,95
3/16/2026,DC-02,South,SKU-502,360,7.7,820,791,0,0,331,583,95
3/23/2026,DC-02,South,SKU-502,352,7.2,791,806,0,0,367,583,95
3/30/2026,DC-02,South,SKU-502,375,7.3,806,729,0,0,298,583,95
4/6/2026,DC-02,South,SKU-502,377,7.6,729,644,0,0,291,583,95
4/13/2026,DC-02,South,SKU-502,290,10.5,644,684,0,0,330,583,95
4/20/2026,DC-02,South,SKU-502,286,12.9,684,759,0,0,361,583,95
4/27/2026,DC-02,South,SKU-502,377,8.7,759,730,0,0,348,583,95
5/4/2026,DC-02,South,SKU-502,226,10.2,730,834,0,0,330,583,95
5/11/2026,DC-02,South,SKU-502,300,10.8,834,879,0,0,345,583,95
5/18/2026,DC-02,South,SKU-502,310,8.7,879,569,0,0,0,583,95
5/25/2026,DC-02,South,SKU-502,336,9.7,569,516,0,0,283,583,95
6/1/2026,DC-02,South,SKU-502,232,13.9,516,616,0,0,332,583,95
6/8/2026,DC-02,South,SKU-502,252,12.3,616,685,0,0,322,583,95
6/15/2026,DC-02,South,SKU-502,347,9.8,685,704,0,0,366,583,95
6/22/2026,DC-02,South,SKU-502,316,9.7,704,676,0,0,288,583,95
6/29/2026,DC-02,South,SKU-502,261,5.1,676,684,0,0,269,583,95
7/6/2026,DC-02,South,SKU-502,240,7.1,684,788,0,0,344,583,95
7/13/2026,DC-02,South,SKU-502,274,12.2,788,804,0,0,290,583,95
7/20/2026,DC-02,South,SKU-502,251,8.5,804,899,0,0,347,583,95
7/27/2026,DC-02,South,SKU-502,276,13.3,899,623,0,0,0,583,95
8/3/2026,DC-02,South,SKU-502,353,11.3,623,637,0,0,368,583,95
8/10/2026,DC-02,South,SKU-502,184,11,637,760,0,0,306,583,95
8/17/2026,DC-02,South,SKU-502,325,8.6,760,714,0,0,279,583,95
8/24/2026,DC-02,South,SKU-502,349,7.4,714,651,0,0,286,583,95
9/2/2024,DC-02,South,SKU-503,172,10.7,668,496,0,0,0,445,95
9/9/2024,DC-02,South,SKU-503,215,8.8,496,485,0,0,204,445,95
9/16/2024,DC-02,South,SKU-503,220,11.5,485,512,0,0,246,445,95
9/23/2024,DC-02,South,SKU-503,252,7.6,512,462,0,0,202,445,95
9/30/2024,DC-02,South,SKU-503,175,10.6,462,548,0,0,261,445,95
10/7/2024,DC-02,South,SKU-503,136,9.8,548,638,0,0,226,445,95
10/14/2024,DC-02,South,SKU-503,241,13.2,638,660,0,0,263,445,95
10/21/2024,DC-02,South,SKU-503,218,17,660,667,0,0,225,445,95
10/28/2024,DC-02,South,SKU-503,194,10.7,667,689,0,0,216,445,95
11/4/2024,DC-02,South,SKU-503,256,13.2,689,433,0,0,0,445,95
11/11/2024,DC-02,South,SKU-503,159,12.4,433,496,0,0,223,445,95
11/18/2024,DC-02,South,SKU-503,196,9.2,496,505,0,0,205,445,95
11/25/2024,DC-02,South,SKU-503,186,12.7,505,579,0,0,259,445,95
12/2/2024,DC-02,South,SKU-503,245,11,579,575,0,0,241,445,95
12/9/2024,DC-02,South,SKU-503,177,11.2,575,618,0,0,220,445,95
12/16/2024,DC-02,South,SKU-503,225,8.8,618,609,0,0,216,445,95
12/23/2024,DC-02,South,SKU-503,238,12.6,609,598,0,0,227,445,95
12/30/2024,DC-02,South,SKU-503,170,9.9,598,691,0,0,263,445,95
1/6/2025,DC-02,South,SKU-503,217,9.6,691,474,0,0,0,445,95
1/13/2025,DC-02,South,SKU-503,211,12.2,474,484,0,0,221,445,95
1/20/2025,DC-02,South,SKU-503,221,7.5,484,492,0,0,229,445,95
1/27/2025,DC-02,South,SKU-503,198,8.2,492,517,0,0,223,445,95
2/3/2025,DC-02,South,SKU-503,250,9,517,468,0,0,200,445,95
2/10/2025,DC-02,South,SKU-503,167,11.3,468,547,0,0,247,445,95
2/17/2025,DC-02,South,SKU-503,253,4.4,547,506,0,0,212,445,95
2/24/2025,DC-02,South,SKU-503,223,8.4,506,494,0,0,212,445,95
3/3/2025,DC-02,South,SKU-503,304,13.8,494,396,0,0,206,445,95
3/10/2025,DC-02,South,SKU-503,249,13.3,396,424,0,0,277,445,95
3/17/2025,DC-02,South,SKU-503,259,5.8,424,405,0,0,240,445,95
3/24/2025,DC-02,South,SKU-503,165,8.8,405,444,0,0,204,445,95
3/31/2025,DC-02,South,SKU-503,298,6.1,444,397,0,0,251,445,95
4/7/2025,DC-02,South,SKU-503,263,5.9,397,347,0,0,213,445,95
4/14/2025,DC-02,South,SKU-503,179,14.3,347,451,0,0,284,445,95
4/21/2025,DC-02,South,SKU-503,213,8.8,451,463,0,0,225,445,95
4/28/2025,DC-02,South,SKU-503,233,6.4,463,509,0,0,279,445,95
5/5/2025,DC-02,South,SKU-503,223,8.5,509,563,0,0,277,445,95
5/12/2025,DC-02,South,SKU-503,227,9.1,563,571,0,0,235,445,95
5/19/2025,DC-02,South,SKU-503,262,10.4,571,540,0,0,231,445,95
5/26/2025,DC-02,South,SKU-503,225,8.9,540,547,0,0,232,445,95
6/2/2025,DC-02,South,SKU-503,180,12.2,547,591,0,0,224,445,95
6/9/2025,DC-02,South,SKU-503,207,10.5,591,645,0,0,262,445,95
6/16/2025,DC-02,South,SKU-503,248,12.7,645,633,0,0,236,445,95
6/23/2025,DC-02,South,SKU-503,251,9.3,633,671,0,0,289,445,95
6/30/2025,DC-02,South,SKU-503,289,10.2,671,382,0,0,0,445,95
7/7/2025,DC-02,South,SKU-503,161,10.1,382,467,0,0,246,445,95
7/14/2025,DC-02,South,SKU-503,239,9,467,451,0,0,223,445,95
7/21/2025,DC-02,South,SKU-503,232,8.4,451,500,0,0,282,445,95
7/28/2025,DC-02,South,SKU-503,213,5,500,534,0,0,247,445,95
8/4/2025,DC-02,South,SKU-503,139,12.8,534,623,0,0,228,445,95
8/11/2025,DC-02,South,SKU-503,178,11.5,623,666,0,0,222,445,95
8/18/2025,DC-02,South,SKU-503,146,12.5,666,733,0,0,212,445,95
8/25/2025,DC-02,South,SKU-503,131,8.1,733,601,0,0,0,445,95
9/1/2025,DC-02,South,SKU-503,135,8.3,601,748,0,0,282,445,95
9/8/2025,DC-02,South,SKU-503,263,7.4,748,485,0,0,0,445,95
9/15/2025,DC-02,South,SKU-503,131,9.2,485,633,0,0,278,445,95
9/22/2025,DC-02,South,SKU-503,175,9.6,633,734,0,0,276,445,95
9/29/2025,DC-02,South,SKU-503,143,9.3,734,592,0,0,0,445,95
10/6/2025,DC-02,South,SKU-503,249,13.5,592,580,0,0,237,445,95
10/13/2025,DC-02,South,SKU-503,116,11.5,580,682,0,0,218,445,95
10/20/2025,DC-02,South,SKU-503,208,8.9,682,474,0,0,0,445,95
10/27/2025,DC-02,South,SKU-503,165,11.8,474,594,0,0,285,445,95
11/3/2025,DC-02,South,SKU-503,244,9.2,594,630,0,0,280,445,95
11/10/2025,DC-02,South,SKU-503,157,13.2,630,693,0,0,220,445,95
11/17/2025,DC-02,South,SKU-503,203,5.9,693,490,0,0,0,445,95
11/24/2025,DC-02,South,SKU-503,258,14.3,490,435,0,0,203,445,95
12/1/2025,DC-02,South,SKU-503,196,9.1,435,442,0,0,203,445,95
12/8/2025,DC-02,South,SKU-503,261,10.9,442,445,0,0,264,445,95
12/15/2025,DC-02,South,SKU-503,207,10.5,445,442,0,0,204,445,95
12/22/2025,DC-02,South,SKU-503,241,10.1,442,408,0,0,207,445,95
12/29/2025,DC-02,South,SKU-503,258,8.8,408,417,0,0,267,445,95
1/5/2026,DC-02,South,SKU-503,269,9.9,417,391,0,0,243,445,95
1/12/2026,DC-02,South,SKU-503,321,11.3,391,280,0,0,210,445,95
1/19/2026,DC-02,South,SKU-503,228,6.3,280,340,0,0,288,445,95
1/26/2026,DC-02,South,SKU-503,245,11.7,340,314,0,0,219,445,95
2/2/2026,DC-02,South,SKU-503,187,10.2,314,329,0,0,202,445,95
2/9/2026,DC-02,South,SKU-503,251,6.6,329,295,0,0,217,445,95
2/16/2026,DC-02,South,SKU-503,242,11.5,295,306,0,0,253,445,95
2/23/2026,DC-02,South,SKU-503,229,9.2,306,299,0,0,223,445,95
3/2/2026,DC-02,South,SKU-503,228,6.3,299,296,0,0,225,445,95
3/9/2026,DC-02,South,SKU-503,271,7.7,296,233,0,0,208,445,95
3/16/2026,DC-02,South,SKU-503,231,11.2,233,245,0,0,243,445,95
3/23/2026,DC-02,South,SKU-503,232,13.1,245,301,0,0,288,445,95
3/30/2026,DC-02,South,SKU-503,299,12.7,301,232,0,0,231,445,95
4/6/2026,DC-02,South,SKU-503,308,5.3,232,282,1,76,282,445,95
4/13/2026,DC-02,South,SKU-503,280,10.2,282,208,0,0,206,445,95
4/20/2026,DC-02,South,SKU-503,212,3.7,208,202,1,4,202,445,95
4/27/2026,DC-02,South,SKU-503,292,10,202,237,1,90,237,445,95
5/4/2026,DC-02,South,SKU-503,263,8,237,280,1,25,280,445,95
5/11/2026,DC-02,South,SKU-503,195,12,280,373,0,0,288,445,95
5/18/2026,DC-02,South,SKU-503,230,13.5,373,396,0,0,252,445,95
5/25/2026,DC-02,South,SKU-503,190,10.7,396,447,0,0,241,445,95
6/1/2026,DC-02,South,SKU-503,241,11,447,480,0,0,273,445,95
6/8/2026,DC-02,South,SKU-503,201,10.5,480,525,0,0,247,445,95
6/15/2026,DC-02,South,SKU-503,208,7.6,525,582,0,0,264,445,95
6/22/2026,DC-02,South,SKU-503,226,11.9,582,598,0,0,243,445,95
6/29/2026,DC-02,South,SKU-503,257,7.3,598,543,0,0,202,445,95
7/6/2026,DC-02,South,SKU-503,222,14.1,543,586,0,0,266,445,95
7/13/2026,DC-02,South,SKU-503,208,10.7,586,661,0,0,282,445,95
7/20/2026,DC-02,South,SKU-503,209,9.8,661,732,0,0,280,445,95
7/27/2026,DC-02,South,SKU-503,180,10.9,732,552,0,0,0,445,95
8/3/2026,DC-02,South,SKU-503,216,7.5,552,596,0,0,260,445,95
8/10/2026,DC-02,South,SKU-503,175,14.2,596,687,0,0,267,445,95
8/17/2026,DC-02,South,SKU-503,132,12.6,687,555,0,0,0,445,95
8/24/2026,DC-02,South,SKU-503,234,8.7,555,531,0,0,210,445,95
9/2/2024,DC-03,East,SKU-SKU-101,95,8,540,445,0,0,0,360,95
9/9/2024,DC-03,East,SKU-SKU-101,210,5.7,445,430,0,0,195,360,95
9/16/2024,DC-03,East,SKU-SKU-101,219,6.1,430,375,0,0,164,360,95
9/23/2024,DC-03,East,SKU-SKU-101,294,5.8,375,282,0,0,201,360,95
9/30/2024,DC-03,East,SKU-SKU-101,388,6.7,282,166,1,105,166,360,95
10/7/2024,DC-03,East,SKU-SKU-101,283,6.7,166,233,1,117,233,360,95
10/14/2024,DC-03,East,SKU-SKU-101,37,6.7,233,414,0,0,218,360,95
10/21/2024,DC-03,East,SKU-SKU-101,200,4.6,414,435,0,0,221,360,95
10/28/2024,DC-03,East,SKU-SKU-101,155,6.9,435,460,0,0,179,360,95
11/4/2024,DC-03,East,SKU-SKU-101,114,6.6,460,553,0,0,208,360,95
11/11/2024,DC-03,East,SKU-SKU-101,249,7.2,553,304,0,0,0,360,95
11/18/2024,DC-03,East,SKU-SKU-101,77,6.2,304,393,0,0,166,360,95
11/25/2024,DC-03,East,SKU-SKU-101,274,7,393,287,0,0,169,360,95
12/2/2024,DC-03,East,SKU-SKU-101,286,5.3,287,188,0,0,187,360,95
12/9/2024,DC-03,East,SKU-SKU-101,83,6,188,329,0,0,225,360,95
12/16/2024,DC-03,East,SKU-SKU-101,177,5,329,343,0,0,191,360,95
12/23/2024,DC-03,East,SKU-SKU-101,277,6.4,343,253,0,0,187,360,95
12/30/2024,DC-03,East,SKU-SKU-101,274,7.1,253,197,1,21,197,360,95
1/6/2025,DC-03,East,SKU-SKU-101,164,6.7,197,261,0,0,227,360,95
1/13/2025,DC-03,East,SKU-SKU-101,191,7.2,261,242,0,0,172,360,95
1/20/2025,DC-03,East,SKU-SKU-101,71,6.8,242,398,0,0,228,360,95
1/27/2025,DC-03,East,SKU-SKU-101,151,8.1,398,472,0,0,226,360,95
2/3/2025,DC-03,East,SKU-SKU-101,374,5.7,472,265,0,0,166,360,95
2/10/2025,DC-03,East,SKU-SKU-101,161,6.2,265,268,0,0,164,360,95
2/17/2025,DC-03,East,SKU-SKU-101,120,7,268,356,0,0,208,360,95
2/24/2025,DC-03,East,SKU-SKU-101,275,6.5,356,306,0,0,224,360,95
3/3/2025,DC-03,East,SKU-SKU-101,218,7,306,294,0,0,206,360,95
3/10/2025,DC-03,East,SKU-SKU-101,109,5.5,294,405,0,0,221,360,95
3/17/2025,DC-03,East,SKU-SKU-101,229,5.6,405,394,0,0,218,360,95
3/24/2025,DC-03,East,SKU-SKU-101,182,6.5,394,410,0,0,198,360,95
3/31/2025,DC-03,East,SKU-SKU-101,74,5.1,410,565,0,0,229,360,95
4/7/2025,DC-03,East,SKU-SKU-101,125,5.2,565,439,0,0,0,360,95
4/14/2025,DC-03,East,SKU-SKU-101,178,6.5,439,425,0,0,163,360,95
4/21/2025,DC-03,East,SKU-SKU-101,158,6.3,425,480,0,0,213,360,95
4/28/2025,DC-03,East,SKU-SKU-101,262,6.3,480,423,0,0,205,360,95
5/5/2025,DC-03,East,SKU-SKU-101,207,5.1,423,420,0,0,204,360,95
5/12/2025,DC-03,East,SKU-SKU-101,314,6.8,420,333,0,0,226,360,95
5/19/2025,DC-03,East,SKU-SKU-101,265,7.1,333,245,0,0,177,360,95
5/26/2025,DC-03,East,SKU-SKU-101,260,7.4,245,199,1,16,199,360,95
6/2/2025,DC-03,East,SKU-SKU-101,269,5.5,199,176,1,71,176,360,95
6/9/2025,DC-03,East,SKU-SKU-101,205,6.8,176,193,1,28,193,360,95
6/16/2025,DC-03,East,SKU-SKU-101,109,7.4,193,288,0,0,204,360,95
6/23/2025,DC-03,East,SKU-SKU-101,206,5.4,288,296,0,0,213,360,95
6/30/2025,DC-03,East,SKU-SKU-101,257,6.3,296,223,0,0,184,360,95
7/7/2025,DC-03,East,SKU-SKU-101,244,5.7,223,208,1,21,208,360,95
7/14/2025,DC-03,East,SKU-SKU-101,163,7,208,254,0,0,209,360,95
7/21/2025,DC-03,East,SKU-SKU-101,165,6.7,254,263,0,0,174,360,95
7/28/2025,DC-03,East,SKU-SKU-101,235,6.4,263,208,0,0,180,360,95
8/4/2025,DC-03,East,SKU-SKU-101,230,6.5,208,188,1,22,188,360,95
8/11/2025,DC-03,East,SKU-SKU-101,114,6.4,188,300,0,0,226,360,95
8/18/2025,DC-03,East,SKU-SKU-101,195,5.9,300,286,0,0,181,360,95
8/25/2025,DC-03,East,SKU-SKU-101,110,5.3,286,339,0,0,163,360,95
9/1/2025,DC-03,East,SKU-SKU-101,180,5.5,339,363,0,0,203,360,95
9/8/2025,DC-03,East,SKU-SKU-101,201,6.8,363,346,0,0,184,360,95
9/15/2025,DC-03,East,SKU-SKU-101,71,8,346,454,0,0,179,360,95
9/22/2025,DC-03,East,SKU-SKU-101,139,4.6,454,535,0,0,220,360,95
9/29/2025,DC-03,East,SKU-SKU-101,80,7.3,535,677,0,0,222,360,95
10/6/2025,DC-03,East,SKU-SKU-101,174,5.9,677,503,0,0,0,360,95
10/13/2025,DC-03,East,SKU-SKU-101,0,5.7,503,689,0,0,187,360,95
10/20/2025,DC-03,East,SKU-SKU-101,100,6.1,689,589,0,0,0,360,95
10/27/2025,DC-03,East,SKU-SKU-101,176,6.2,589,413,0,0,0,360,95
11/3/2025,DC-03,East,SKU-SKU-101,122,5.9,413,508,0,0,217,360,95
11/10/2025,DC-03,East,SKU-SKU-101,254,6.8,508,446,0,0,191,360,95
11/17/2025,DC-03,East,SKU-SKU-101,137,7.8,446,491,0,0,182,360,95
11/24/2025,DC-03,East,SKU-SKU-101,222,7,491,476,0,0,207,360,95
12/1/2025,DC-03,East,SKU-SKU-101,116,4.9,476,544,0,0,184,360,95
12/8/2025,DC-03,East,SKU-SKU-101,193,5.8,544,351,0,0,0,360,95
12/15/2025,DC-03,East,SKU-SKU-101,222,6.4,351,358,0,0,230,360,95
12/22/2025,DC-03,East,SKU-SKU-101,61,6,358,484,0,0,186,360,95
12/29/2025,DC-03,East,SKU-SKU-101,240,6.6,484,408,0,0,164,360,95
1/5/2026,DC-03,East,SKU-SKU-101,116,5.9,408,482,0,0,190,360,95
1/12/2026,DC-03,East,SKU-SKU-101,185,5.5,482,529,0,0,232,360,95
1/19/2026,DC-03,East,SKU-SKU-101,186,5.9,529,536,0,0,193,360,95
1/26/2026,DC-03,East,SKU-SKU-101,179,7.4,536,548,0,0,192,360,95
2/2/2026,DC-03,East,SKU-SKU-101,239,5.5,548,310,0,0,0,360,95
2/9/2026,DC-03,East,SKU-SKU-101,316,7.6,310,168,1,7,168,360,95
2/16/2026,DC-03,East,SKU-SKU-101,97,5,168,289,0,0,219,360,95
2/23/2026,DC-03,East,SKU-SKU-101,179,7.4,289,274,0,0,164,360,95
3/2/2026,DC-03,East,SKU-SKU-101,148,7,274,359,0,0,234,360,95
3/9/2026,DC-03,East,SKU-SKU-101,204,6.4,359,366,0,0,211,360,95
3/16/2026,DC-03,East,SKU-SKU-101,162,6.2,366,415,0,0,211,360,95
3/23/2026,DC-03,East,SKU-SKU-101,250,6.9,415,333,0,0,167,360,95
3/30/2026,DC-03,East,SKU-SKU-101,268,5.4,333,274,0,0,209,360,95
4/6/2026,DC-03,East,SKU-SKU-101,281,5.9,274,164,1,7,164,360,95
4/13/2026,DC-03,East,SKU-SKU-101,222,4,164,193,1,58,193,360,95
4/20/2026,DC-03,East,SKU-SKU-101,171,6.1,193,213,0,0,191,360,95
4/27/2026,DC-03,East,SKU-SKU-101,199,7.2,213,247,0,0,232,360,95
5/4/2026,DC-03,East,SKU-SKU-101,192,5.8,247,279,0,0,224,360,95
5/11/2026,DC-03,East,SKU-SKU-101,176,5.8,279,278,0,0,175,360,95
5/18/2026,DC-03,East,SKU-SKU-101,197,6.9,278,275,0,0,193,360,95
5/25/2026,DC-03,East,SKU-SKU-101,169,6.9,275,276,0,0,171,360,95
6/1/2026,DC-03,East,SKU-SKU-101,151,7.1,276,307,0,0,181,360,95
6/8/2026,DC-03,East,SKU-SKU-101,276,5.7,307,230,0,0,199,360,95
6/15/2026,DC-03,East,SKU-SKU-101,159,5.1,230,298,0,0,227,360,95
6/22/2026,DC-03,East,SKU-SKU-101,141,5.8,298,342,0,0,186,360,95
6/29/2026,DC-03,East,SKU-SKU-101,294,5.8,342,274,0,0,226,360,95
7/6/2026,DC-03,East,SKU-SKU-101,163,6.9,274,300,0,0,189,360,95
7/13/2026,DC-03,East,SKU-SKU-101,300,5.9,300,194,0,0,194,360,95
7/20/2026,DC-03,East,SKU-SKU-101,267,6.1,194,222,1,72,222,360,95
7/27/2026,DC-03,East,SKU-SKU-101,167,5.3,222,224,0,0,170,360,95
8/3/2026,DC-03,East,SKU-SKU-101,18,5.3,224,434,0,0,227,360,95
8/10/2026,DC-03,East,SKU-SKU-101,237,6.7,434,395,0,0,198,360,95
8/17/2026,DC-03,East,SKU-SKU-101,242,6.4,395,339,0,0,187,360,95
8/24/2026,DC-03,East,SKU-SKU-101,133,6.4,339,407,0,0,200,360,95
9/2/2024,DC-03,East,SKU-SKU-102,92,5.3,419,327,0,0,0,279,95
9/9/2024,DC-03,East,SKU-SKU-102,13,5.5,327,485,0,0,171,279,95
9/16/2024,DC-03,East,SKU-SKU-102,105,6.3,485,380,0,0,0,279,95
9/23/2024,DC-03,East,SKU-SKU-102,149,6.7,380,365,0,0,135,279,95
9/30/2024,DC-03,East,SKU-SKU-102,110,5.9,365,384,0,0,129,279,95
10/7/2024,DC-03,East,SKU-SKU-102,110,5.6,384,448,0,0,175,279,95
10/14/2024,DC-03,East,SKU-SKU-102,173,7.6,448,275,0,0,0,279,95
10/21/2024,DC-03,East,SKU-SKU-102,27,5.3,275,386,0,0,137,279,95
10/28/2024,DC-03,East,SKU-SKU-102,71,6.2,386,463,0,0,148,279,95
11/4/2024,DC-03,East,SKU-SKU-102,9,7.4,463,454,0,0,0,279,95
11/11/2024,DC-03,East,SKU-SKU-102,0,7.6,454,454,0,0,0,279,95
11/18/2024,DC-03,East,SKU-SKU-102,173,7.4,454,282,0,0,0,279,95
11/25/2024,DC-03,East,SKU-SKU-102,51,6,282,372,0,0,141,279,95
12/2/2024,DC-03,East,SKU-SKU-102,96,6.5,372,431,0,0,155,279,95
12/9/2024,DC-03,East,SKU-SKU-102,64,7.7,431,367,0,0,0,279,95
12/16/2024,DC-03,East,SKU-SKU-102,48,6.7,367,487,0,0,169,279,95
12/23/2024,DC-03,East,SKU-SKU-102,162,4.4,487,326,0,0,0,279,95
12/30/2024,DC-03,East,SKU-SKU-102,127,6.2,326,361,0,0,163,279,95
1/6/2025,DC-03,East,SKU-SKU-102,39,6.5,361,473,0,0,150,279,95
1/13/2025,DC-03,East,SKU-SKU-102,200,6.3,473,273,0,0,0,279,95
1/20/2025,DC-03,East,SKU-SKU-102,244,7,273,181,0,0,152,279,95
1/27/2025,DC-03,East,SKU-SKU-102,168,7.1,181,187,0,0,173,279,95
2/3/2025,DC-03,East,SKU-SKU-102,105,5.7,187,219,0,0,137,279,95
2/10/2025,DC-03,East,SKU-SKU-102,53,6.3,219,329,0,0,163,279,95
2/17/2025,DC-03,East,SKU-SKU-102,204,5.9,329,274,0,0,150,279,95
2/24/2025,DC-03,East,SKU-SKU-102,236,6.3,274,190,0,0,152,279,95
3/3/2025,DC-03,East,SKU-SKU-102,120,7.6,190,247,0,0,177,279,95
3/10/2025,DC-03,East,SKU-SKU-102,73,5.1,247,329,0,0,155,279,95
3/17/2025,DC-03,East,SKU-SKU-102,196,6.8,329,300,0,0,166,279,95
3/24/2025,DC-03,East,SKU-SKU-102,21,4.9,300,436,0,0,157,279,95
3/31/2025,DC-03,East,SKU-SKU-102,209,6.3,436,227,0,0,0,279,95
4/7/2025,DC-03,East,SKU-SKU-102,25,5.2,227,344,0,0,142,279,95
4/14/2025,DC-03,East,SKU-SKU-102,251,6.7,344,237,0,0,144,279,95
4/21/2025,DC-03,East,SKU-SKU-102,191,7.5,237,207,0,0,160,279,95
4/28/2025,DC-03,East,SKU-SKU-102,141,6.8,207,204,0,0,138,279,95
5/5/2025,DC-03,East,SKU-SKU-102,214,5.5,204,178,1,10,178,279,95
5/12/2025,DC-03,East,SKU-SKU-102,118,6.6,178,191,0,0,132,279,95
5/19/2025,DC-03,East,SKU-SKU-102,124,6.9,191,224,0,0,156,279,95
5/26/2025,DC-03,East,SKU-SKU-102,0,6.2,224,352,0,0,128,279,95
6/2/2025,DC-03,East,SKU-SKU-102,68,5.8,352,412,0,0,129,279,95
6/9/2025,DC-03,East,SKU-SKU-102,269,6.8,412,301,0,0,158,279,95
6/16/2025,DC-03,East,SKU-SKU-102,146,6.3,301,320,0,0,166,279,95
6/23/2025,DC-03,East,SKU-SKU-102,142,6.8,320,326,0,0,147,279,95
6/30/2025,DC-03,East,SKU-SKU-102,180,7,326,323,0,0,177,279,95
7/7/2025,DC-03,East,SKU-SKU-102,122,6.1,323,343,0,0,143,279,95
7/14/2025,DC-03,East,SKU-SKU-102,131,5.7,343,368,0,0,155,279,95
7/21/2025,DC-03,East,SKU-SKU-102,141,6.8,368,358,0,0,132,279,95
7/28/2025,DC-03,East,SKU-SKU-102,83,5.8,358,431,0,0,156,279,95
8/4/2025,DC-03,East,SKU-SKU-102,92,6.6,431,339,0,0,0,279,95
8/11/2025,DC-03,East,SKU-SKU-102,198,5.9,339,308,0,0,167,279,95
8/18/2025,DC-03,East,SKU-SKU-102,145,5.1,308,300,0,0,138,279,95
8/25/2025,DC-03,East,SKU-SKU-102,114,6.4,300,333,0,0,146,279,95
9/1/2025,DC-03,East,SKU-SKU-102,99,6.6,333,382,0,0,148,279,95
9/8/2025,DC-03,East,SKU-SKU-102,254,7.8,382,269,0,0,141,279,95
9/15/2025,DC-03,East,SKU-SKU-102,238,4.7,269,199,0,0,169,279,95
9/22/2025,DC-03,East,SKU-SKU-102,169,5.2,199,202,0,0,171,279,95
9/29/2025,DC-03,East,SKU-SKU-102,237,6,202,146,1,35,146,279,95
10/6/2025,DC-03,East,SKU-SKU-102,182,6.5,146,162,1,36,162,279,95
10/13/2025,DC-03,East,SKU-SKU-102,59,6.4,162,270,0,0,167,279,95
10/20/2025,DC-03,East,SKU-SKU-102,121,6.4,270,324,0,0,175,279,95
10/27/2025,DC-03,East,SKU-SKU-102,212,6.5,324,265,0,0,154,279,95
11/3/2025,DC-03,East,SKU-SKU-102,311,5.1,265,167,1,46,167,279,95
11/10/2025,DC-03,East,SKU-SKU-102,56,6.3,167,267,0,0,155,279,95
11/17/2025,DC-03,East,SKU-SKU-102,15,7.7,267,380,0,0,128,279,95
11/24/2025,DC-03,East,SKU-SKU-102,103,5.6,380,439,0,0,162,279,95
12/1/2025,DC-03,East,SKU-SKU-102,92,6.6,439,347,0,0,0,279,95
12/8/2025,DC-03,East,SKU-SKU-102,31,5.7,347,475,0,0,159,279,95
12/15/2025,DC-03,East,SKU-SKU-102,89,6.8,475,386,0,0,0,279,95
12/22/2025,DC-03,East,SKU-SKU-102,134,6.1,386,421,0,0,169,279,95
12/29/2025,DC-03,East,SKU-SKU-102,148,6.1,421,274,0,0,0,279,95
1/5/2026,DC-03,East,SKU-SKU-102,0,7.1,274,443,0,0,170,279,95
1/12/2026,DC-03,East,SKU-SKU-102,33,6.2,443,410,0,0,0,279,95
1/19/2026,DC-03,East,SKU-SKU-102,122,5.6,410,432,0,0,144,279,95
1/26/2026,DC-03,East,SKU-SKU-102,264,6,432,168,0,0,0,279,95
2/2/2026,DC-03,East,SKU-SKU-102,120,5.6,168,180,0,0,132,279,95
2/9/2026,DC-03,East,SKU-SKU-102,189,7.7,180,133,1,9,133,279,95
2/16/2026,DC-03,East,SKU-SKU-102,142,6.2,133,142,1,9,142,279,95
2/23/2026,DC-03,East,SKU-SKU-102,67,8.2,142,218,0,0,142,279,95
3/2/2026,DC-03,East,SKU-SKU-102,206,8,218,152,0,0,140,279,95
3/9/2026,DC-03,East,SKU-SKU-102,93,5.5,152,204,0,0,145,279,95
3/16/2026,DC-03,East,SKU-SKU-102,224,6.2,204,131,1,20,131,279,95
3/23/2026,DC-03,East,SKU-SKU-102,138,6.6,131,146,1,6,146,279,95
3/30/2026,DC-03,East,SKU-SKU-102,155,5.7,146,159,1,10,159,279,95
4/6/2026,DC-03,East,SKU-SKU-102,210,7.1,159,153,1,51,153,279,95
4/13/2026,DC-03,East,SKU-SKU-102,374,5.2,153,168,1,220,168,279,95
4/20/2026,DC-03,East,SKU-SKU-102,127,6.2,168,203,0,0,162,279,95
4/27/2026,DC-03,East,SKU-SKU-102,184,5.3,203,156,0,0,137,279,95
5/4/2026,DC-03,East,SKU-SKU-102,248,5.9,156,150,1,92,150,279,95
5/11/2026,DC-03,East,SKU-SKU-102,164,7,150,140,1,14,140,279,95
5/18/2026,DC-03,East,SKU-SKU-102,78,6.3,140,204,0,0,142,279,95
5/25/2026,DC-03,East,SKU-SKU-102,217,6.1,204,165,1,12,165,279,95
6/1/2026,DC-03,East,SKU-SKU-102,188,6.5,165,136,1,23,136,279,95
6/8/2026,DC-03,East,SKU-SKU-102,223,6.8,136,146,1,87,146,279,95
6/15/2026,DC-03,East,SKU-SKU-102,60,5.9,146,254,0,0,168,279,95
6/22/2026,DC-03,East,SKU-SKU-102,119,5.6,254,314,0,0,179,279,95
6/29/2026,DC-03,East,SKU-SKU-102,46,7,314,426,0,0,158,279,95
7/6/2026,DC-03,East,SKU-SKU-102,94,4.6,426,331,0,0,0,279,95
7/13/2026,DC-03,East,SKU-SKU-102,94,5.7,331,389,0,0,151,279,95
7/20/2026,DC-03,East,SKU-SKU-102,163,6.6,389,378,0,0,153,279,95
7/27/2026,DC-03,East,SKU-SKU-102,54,7.1,378,452,0,0,128,279,95
8/3/2026,DC-03,East,SKU-SKU-102,42,5.5,452,410,0,0,0,279,95
8/10/2026,DC-03,East,SKU-SKU-102,65,6.4,410,474,0,0,129,279,95
8/17/2026,DC-03,East,SKU-SKU-102,58,7.5,474,416,0,0,0,279,95
8/24/2026,DC-03,East,SKU-SKU-102,70,7,416,500,0,0,154,279,95
9/2/2024,DC-03,East,SKU-SKU-103,427,6.3,1378,952,0,0,0,919,95
9/9/2024,DC-03,East,SKU-SKU-103,343,5.7,952,1095,0,0,487,919,95
9/16/2024,DC-03,East,SKU-SKU-103,309,4.8,1095,1346,0,0,559,919,95
9/23/2024,DC-03,East,SKU-SKU-103,375,6.6,1346,1500,0,0,528,919,95
9/30/2024,DC-03,East,SKU-SKU-103,509,6.6,1500,990,0,0,0,919,95
10/7/2024,DC-03,East,SKU-SKU-103,373,6.6,990,1047,0,0,430,919,95
10/14/2024,DC-03,East,SKU-SKU-103,267,4.8,1047,1298,0,0,517,919,95
10/21/2024,DC-03,East,SKU-SKU-103,491,8.4,1298,1317,0,0,510,919,95
10/28/2024,DC-03,East,SKU-SKU-103,364,6.6,1317,1496,0,0,543,919,95
11/4/2024,DC-03,East,SKU-SKU-103,500,6.1,1496,996,0,0,0,919,95
11/11/2024,DC-03,East,SKU-SKU-103,607,5.6,996,932,0,0,543,919,95
11/18/2024,DC-03,East,SKU-SKU-103,659,6.8,932,693,0,0,420,919,95
11/25/2024,DC-03,East,SKU-SKU-103,448,7.9,693,823,0,0,578,919,95
12/2/2024,DC-03,East,SKU-SKU-103,331,6.4,823,1056,0,0,564,919,95
12/9/2024,DC-03,East,SKU-SKU-103,501,7.1,1056,1115,0,0,560,919,95
12/16/2024,DC-03,East,SKU-SKU-103,274,7.1,1115,1315,0,0,475,919,95
12/23/2024,DC-03,East,SKU-SKU-103,287,5.7,1315,1621,0,0,592,919,95
12/30/2024,DC-03,East,SKU-SKU-103,373,5,1621,1248,0,0,0,919,95
1/6/2025,DC-03,East,SKU-SKU-103,687,5.1,1248,1111,0,0,550,919,95
1/13/2025,DC-03,East,SKU-SKU-103,609,8.4,1111,996,0,0,494,919,95
1/20/2025,DC-03,East,SKU-SKU-103,432,7.4,996,1105,0,0,540,919,95
1/27/2025,DC-03,East,SKU-SKU-103,627,6.3,1105,1041,0,0,563,919,95
2/3/2025,DC-03,East,SKU-SKU-103,718,5.9,1041,812,0,0,490,919,95
2/10/2025,DC-03,East,SKU-SKU-103,321,5.2,812,1053,0,0,561,919,95
2/17/2025,DC-03,East,SKU-SKU-103,521,5.9,1053,1042,0,0,509,919,95
2/24/2025,DC-03,East,SKU-SKU-103,636,5.9,1042,869,0,0,463,919,95
3/3/2025,DC-03,East,SKU-SKU-103,711,6.6,869,642,0,0,484,919,95
3/10/2025,DC-03,East,SKU-SKU-103,432,7,642,649,0,0,439,919,95
3/17/2025,DC-03,East,SKU-SKU-103,242,4.8,649,947,0,0,541,919,95
3/24/2025,DC-03,East,SKU-SKU-103,380,6.4,947,1049,0,0,481,919,95
3/31/2025,DC-03,East,SKU-SKU-103,538,5.6,1049,938,0,0,427,919,95
4/7/2025,DC-03,East,SKU-SKU-103,414,7,938,1101,0,0,576,919,95
4/14/2025,DC-03,East,SKU-SKU-103,451,5.3,1101,1169,0,0,520,919,95
4/21/2025,DC-03,East,SKU-SKU-103,727,6.2,1169,876,0,0,433,919,95
4/28/2025,DC-03,East,SKU-SKU-103,563,5.9,876,754,0,0,441,919,95
5/5/2025,DC-03,East,SKU-SKU-103,447,7,754,837,0,0,530,919,95
5/12/2025,DC-03,East,SKU-SKU-103,609,6,837,785,0,0,557,919,95
5/19/2025,DC-03,East,SKU-SKU-103,718,5.5,785,579,0,0,512,919,95
5/26/2025,DC-03,East,SKU-SKU-103,659,5.9,579,567,1,80,567,919,95
6/2/2025,DC-03,East,SKU-SKU-103,349,6.8,567,784,0,0,566,919,95
6/9/2025,DC-03,East,SKU-SKU-103,504,6.6,784,738,0,0,458,919,95
6/16/2025,DC-03,East,SKU-SKU-103,83,7.4,738,1102,0,0,447,919,95
6/23/2025,DC-03,East,SKU-SKU-103,469,6.4,1102,1206,0,0,572,919,95
6/30/2025,DC-03,East,SKU-SKU-103,587,6.6,1206,1053,0,0,435,919,95
7/7/2025,DC-03,East,SKU-SKU-103,505,6.7,1053,993,0,0,444,919,95
7/14/2025,DC-03,East,SKU-SKU-103,627,6.2,993,875,0,0,509,919,95
7/21/2025,DC-03,East,SKU-SKU-103,528,5.6,875,839,0,0,492,919,95
7/28/2025,DC-03,East,SKU-SKU-103,247,6.2,839,1031,0,0,440,919,95
8/4/2025,DC-03,East,SKU-SKU-103,433,7.1,1031,1113,0,0,515,919,95
8/11/2025,DC-03,East,SKU-SKU-103,427,7.3,1113,1133,0,0,448,919,95
8/18/2025,DC-03,East,SKU-SKU-103,477,7,1133,1136,0,0,480,919,95
8/25/2025,DC-03,East,SKU-SKU-103,420,6,1136,1221,0,0,506,919,95
9/1/2025,DC-03,East,SKU-SKU-103,405,5.8,1221,1301,0,0,485,919,95
9/8/2025,DC-03,East,SKU-SKU-103,342,7.6,1301,1552,0,0,593,919,95
9/15/2025,DC-03,East,SKU-SKU-103,26,5.2,1552,1526,0,0,0,919,95
9/22/2025,DC-03,East,SKU-SKU-103,250,5.4,1526,1276,0,0,0,919,95
9/29/2025,DC-03,East,SKU-SKU-103,269,5.5,1276,1545,0,0,538,919,95
10/6/2025,DC-03,East,SKU-SKU-103,250,5.4,1545,1294,0,0,0,919,95
10/13/2025,DC-03,East,SKU-SKU-103,100,7.1,1294,1744,0,0,550,919,95
10/20/2025,DC-03,East,SKU-SKU-103,437,6.4,1744,1307,0,0,0,919,95
10/27/2025,DC-03,East,SKU-SKU-103,502,6.9,1307,1282,0,0,476,919,95
11/3/2025,DC-03,East,SKU-SKU-103,370,7,1282,1353,0,0,442,919,95
11/10/2025,DC-03,East,SKU-SKU-103,438,7.2,1353,1416,0,0,500,919,95
11/17/2025,DC-03,East,SKU-SKU-103,569,5.3,1416,847,0,0,0,919,95
11/24/2025,DC-03,East,SKU-SKU-103,323,7.2,847,1061,0,0,536,919,95
12/1/2025,DC-03,East,SKU-SKU-103,566,7.6,1061,1085,0,0,591,919,95
12/8/2025,DC-03,East,SKU-SKU-103,713,5.4,1085,916,0,0,543,919,95
12/15/2025,DC-03,East,SKU-SKU-103,333,6.3,916,1009,0,0,426,919,95
12/22/2025,DC-03,East,SKU-SKU-103,342,6.2,1009,1183,0,0,516,919,95
12/29/2025,DC-03,East,SKU-SKU-103,593,6.3,1183,1149,0,0,560,919,95
1/5/2026,DC-03,East,SKU-SKU-103,620,8.5,1149,1085,0,0,556,919,95
1/12/2026,DC-03,East,SKU-SKU-103,403,5,1085,1261,0,0,580,919,95
1/19/2026,DC-03,East,SKU-SKU-103,311,6.7,1261,1474,0,0,524,919,95
1/26/2026,DC-03,East,SKU-SKU-103,368,5.9,1474,1106,0,0,0,919,95
2/2/2026,DC-03,East,SKU-SKU-103,612,5.7,1106,1083,0,0,590,919,95
2/9/2026,DC-03,East,SKU-SKU-103,689,5.2,1083,901,0,0,507,919,95
2/16/2026,DC-03,East,SKU-SKU-103,493,6,901,918,0,0,510,919,95
2/23/2026,DC-03,East,SKU-SKU-103,288,6.6,918,1218,0,0,588,919,95
3/2/2026,DC-03,East,SKU-SKU-103,528,5.7,1218,1242,0,0,552,919,95
3/9/2026,DC-03,East,SKU-SKU-103,648,6.2,1242,1182,0,0,588,919,95
3/16/2026,DC-03,East,SKU-SKU-103,404,6.4,1182,1324,0,0,547,919,95
3/23/2026,DC-03,East,SKU-SKU-103,513,7.3,1324,1229,0,0,418,919,95
3/30/2026,DC-03,East,SKU-SKU-103,813,4.8,1229,1003,0,0,587,919,95
4/6/2026,DC-03,East,SKU-SKU-103,399,6.2,1003,1142,0,0,538,919,95
4/13/2026,DC-03,East,SKU-SKU-103,910,6.4,1142,699,0,0,467,919,95
4/20/2026,DC-03,East,SKU-SKU-103,397,6.1,699,837,0,0,536,919,95
4/27/2026,DC-03,East,SKU-SKU-103,288,5.4,837,1057,0,0,507,919,95
5/4/2026,DC-03,East,SKU-SKU-103,486,6.5,1057,1138,0,0,568,919,95
5/11/2026,DC-03,East,SKU-SKU-103,454,6.1,1138,1148,0,0,463,919,95
5/18/2026,DC-03,East,SKU-SKU-103,626,6.3,1148,1066,0,0,545,919,95
5/25/2026,DC-03,East,SKU-SKU-103,540,5,1066,1010,0,0,484,919,95
6/1/2026,DC-03,East,SKU-SKU-103,557,6.3,1010,970,0,0,516,919,95
6/8/2026,DC-03,East,SKU-SKU-103,277,8,970,1219,0,0,526,919,95
6/15/2026,DC-03,East,SKU-SKU-103,75,5.3,1219,1626,0,0,482,919,95
6/22/2026,DC-03,East,SKU-SKU-103,624,5.3,1626,1002,0,0,0,919,95
6/29/2026,DC-03,East,SKU-SKU-103,628,7.3,1002,922,0,0,548,919,95
7/6/2026,DC-03,East,SKU-SKU-103,627,6,922,793,0,0,497,919,95
7/13/2026,DC-03,East,SKU-SKU-103,580,7,793,676,0,0,463,919,95
7/20/2026,DC-03,East,SKU-SKU-103,304,6.7,676,911,0,0,538,919,95
7/27/2026,DC-03,East,SKU-SKU-103,407,6.9,911,1060,0,0,556,919,95
8/3/2026,DC-03,East,SKU-SKU-103,404,6.8,1060,1136,0,0,480,919,95
8/10/2026,DC-03,East,SKU-SKU-103,518,6.1,1136,1183,0,0,565,919,95
8/17/2026,DC-03,East,SKU-SKU-103,427,6.8,1183,1201,0,0,444,919,95
8/24/2026,DC-03,East,SKU-SKU-103,342,5.7,1201,1455,0,0,597,919,95
9/2/2024,DC-03,East,SKU-SKU-201,525,7,1542,1018,0,0,0,1028,95
9/9/2024,DC-03,East,SKU-SKU-201,624,7.3,1018,1017,0,0,624,1028,95
9/16/2024,DC-03,East,SKU-SKU-201,597,7.3,1017,943,0,0,523,1028,95
9/23/2024,DC-03,East,SKU-SKU-201,148,6.2,943,1387,0,0,592,1028,95
9/30/2024,DC-03,East,SKU-SKU-201,506,6.9,1387,1535,0,0,654,1028,95
10/7/2024,DC-03,East,SKU-SKU-201,1220,7.3,1535,965,0,0,650,1028,95
10/14/2024,DC-03,East,SKU-SKU-201,710,6.3,965,805,0,0,550,1028,95
10/21/2024,DC-03,East,SKU-SKU-201,543,5,805,889,0,0,626,1028,95
10/28/2024,DC-03,East,SKU-SKU-201,496,6.9,889,1029,0,0,636,1028,95
11/4/2024,DC-03,East,SKU-SKU-201,871,7,1029,695,0,0,537,1028,95
11/11/2024,DC-03,East,SKU-SKU-201,462,7,695,839,0,0,606,1028,95
11/18/2024,DC-03,East,SKU-SKU-201,67,5.8,839,1356,0,0,583,1028,95
11/25/2024,DC-03,East,SKU-SKU-201,139,6.8,1356,1859,0,0,643,1028,95
12/2/2024,DC-03,East,SKU-SKU-201,425,4.5,1859,1434,0,0,0,1028,95
12/9/2024,DC-03,East,SKU-SKU-201,814,5.7,1434,1144,0,0,525,1028,95
12/16/2024,DC-03,East,SKU-SKU-201,649,6.3,1144,1035,0,0,540,1028,95
12/23/2024,DC-03,East,SKU-SKU-201,470,5.9,1035,1151,0,0,586,1028,95
12/30/2024,DC-03,East,SKU-SKU-201,701,5.6,1151,995,0,0,545,1028,95
1/6/2025,DC-03,East,SKU-SKU-201,547,6.8,995,1023,0,0,575,1028,95
1/13/2025,DC-03,East,SKU-SKU-201,297,6.1,1023,1226,0,0,500,1028,95
1/20/2025,DC-03,East,SKU-SKU-201,513,4.6,1226,1218,0,0,504,1028,95
1/27/2025,DC-03,East,SKU-SKU-201,537,4.9,1218,1232,0,0,551,1028,95
2/3/2025,DC-03,East,SKU-SKU-201,581,6.2,1232,1208,0,0,557,1028,95
2/10/2025,DC-03,East,SKU-SKU-201,939,6.9,1208,833,0,0,563,1028,95
2/17/2025,DC-03,East,SKU-SKU-201,671,5.6,833,799,0,0,637,1028,95
2/24/2025,DC-03,East,SKU-SKU-201,303,6.8,799,972,0,0,476,1028,95
3/3/2025,DC-03,East,SKU-SKU-201,658,5.2,972,889,0,0,574,1028,95
3/10/2025,DC-03,East,SKU-SKU-201,492,6.6,889,961,0,0,565,1028,95
3/17/2025,DC-03,East,SKU-SKU-201,1221,7.7,961,663,1,260,663,1028,95
3/24/2025,DC-03,East,SKU-SKU-201,964,6.4,663,563,1,301,563,1028,95
3/31/2025,DC-03,East,SKU-SKU-201,710,7,563,547,1,147,547,1028,95
4/7/2025,DC-03,East,SKU-SKU-201,135,5.8,547,1046,0,0,633,1028,95
4/14/2025,DC-03,East,SKU-SKU-201,588,6.3,1046,1034,0,0,575,1028,95
4/21/2025,DC-03,East,SKU-SKU-201,372,6.8,1034,1327,0,0,666,1028,95
4/28/2025,DC-03,East,SKU-SKU-201,802,6.3,1327,994,0,0,469,1028,95
5/5/2025,DC-03,East,SKU-SKU-201,271,7.4,994,1332,0,0,609,1028,95
5/12/2025,DC-03,East,SKU-SKU-201,694,6.2,1332,1259,0,0,621,1028,95
5/19/2025,DC-03,East,SKU-SKU-201,172,5.7,1259,1723,0,0,636,1028,95
5/26/2025,DC-03,East,SKU-SKU-201,876,7.1,1723,847,0,0,0,1028,95
6/2/2025,DC-03,East,SKU-SKU-201,754,6.5,847,725,0,0,632,1028,95
6/9/2025,DC-03,East,SKU-SKU-201,600,8.1,725,660,0,0,535,1028,95
6/16/2025,DC-03,East,SKU-SKU-201,634,6.8,660,618,0,0,592,1028,95
6/23/2025,DC-03,East,SKU-SKU-201,1040,5.9,618,478,1,421,478,1028,95
6/30/2025,DC-03,East,SKU-SKU-201,548,5.7,478,653,1,70,653,1028,95
7/7/2025,DC-03,East,SKU-SKU-201,0,7,653,1137,0,0,484,1028,95
7/14/2025,DC-03,East,SKU-SKU-201,335,6,1137,1320,0,0,519,1028,95
7/21/2025,DC-03,East,SKU-SKU-201,790,7.5,1320,1095,0,0,565,1028,95
7/28/2025,DC-03,East,SKU-SKU-201,828,6.6,1095,771,0,0,504,1028,95
8/4/2025,DC-03,East,SKU-SKU-201,407,7,771,977,0,0,613,1028,95
8/11/2025,DC-03,East,SKU-SKU-201,402,4.9,977,1050,0,0,476,1028,95
8/18/2025,DC-03,East,SKU-SKU-201,193,5.6,1050,1443,0,0,585,1028,95
8/25/2025,DC-03,East,SKU-SKU-201,498,7,1443,1484,0,0,539,1028,95
9/1/2025,DC-03,East,SKU-SKU-201,419,5.1,1484,1726,0,0,661,1028,95
9/8/2025,DC-03,East,SKU-SKU-201,686,5.6,1726,1040,0,0,0,1028,95
9/15/2025,DC-03,East,SKU-SKU-201,368,6.8,1040,1177,0,0,506,1028,95
9/22/2025,DC-03,East,SKU-SKU-201,0,6.3,1177,1834,0,0,657,1028,95
9/29/2025,DC-03,East,SKU-SKU-201,141,7.3,1834,1693,0,0,0,1028,95
10/6/2025,DC-03,East,SKU-SKU-201,560,7.3,1693,1133,0,0,0,1028,95
10/13/2025,DC-03,East,SKU-SKU-201,129,5.5,1133,1620,0,0,616,1028,95
10/20/2025,DC-03,East,SKU-SKU-201,883,6.4,1620,737,0,0,0,1028,95
10/27/2025,DC-03,East,SKU-SKU-201,393,7.3,737,816,0,0,473,1028,95
11/3/2025,DC-03,East,SKU-SKU-201,535,6.2,816,760,0,0,479,1028,95
11/10/2025,DC-03,East,SKU-SKU-201,747,5.9,760,680,0,0,666,1028,95
11/17/2025,DC-03,East,SKU-SKU-201,526,6.7,680,629,0,0,474,1028,95
11/24/2025,DC-03,East,SKU-SKU-201,989,4.5,629,649,1,360,649,1028,95
12/1/2025,DC-03,East,SKU-SKU-201,1165,5.3,649,527,1,516,527,1028,95
12/8/2025,DC-03,East,SKU-SKU-201,567,7.3,527,572,1,40,572,1028,95
12/15/2025,DC-03,East,SKU-SKU-201,441,6.3,572,651,0,0,520,1028,95
12/22/2025,DC-03,East,SKU-SKU-201,376,5.3,651,837,0,0,562,1028,95
12/29/2025,DC-03,East,SKU-SKU-201,577,5.5,837,744,0,0,484,1028,95
1/5/2026,DC-03,East,SKU-SKU-201,0,5.3,744,1238,0,0,494,1028,95
1/12/2026,DC-03,East,SKU-SKU-201,528,6.7,1238,1365,0,0,654,1028,95
1/19/2026,DC-03,East,SKU-SKU-201,421,6.2,1365,1477,0,0,534,1028,95
1/26/2026,DC-03,East,SKU-SKU-201,224,7.5,1477,1728,0,0,474,1028,95
2/2/2026,DC-03,East,SKU-SKU-201,488,5.6,1728,1240,0,0,0,1028,95
2/9/2026,DC-03,East,SKU-SKU-201,388,5.2,1240,1405,0,0,553,1028,95
2/16/2026,DC-03,East,SKU-SKU-201,468,6,1405,1437,0,0,500,1028,95
2/23/2026,DC-03,East,SKU-SKU-201,1208,6.5,1437,835,0,0,607,1028,95
3/2/2026,DC-03,East,SKU-SKU-201,0,5.3,835,1472,0,0,637,1028,95
3/9/2026,DC-03,East,SKU-SKU-201,804,6.5,1472,1281,0,0,613,1028,95
3/16/2026,DC-03,East,SKU-SKU-201,240,6.6,1281,1526,0,0,484,1028,95
3/23/2026,DC-03,East,SKU-SKU-201,608,7.1,1526,1567,0,0,648,1028,95
3/30/2026,DC-03,East,SKU-SKU-201,347,6.5,1567,1219,0,0,0,1028,95
4/6/2026,DC-03,East,SKU-SKU-201,454,6.7,1219,1280,0,0,514,1028,95
4/13/2026,DC-03,East,SKU-SKU-201,878,5.6,1280,1043,0,0,641,1028,95
4/20/2026,DC-03,East,SKU-SKU-201,700,6.3,1043,879,0,0,536,1028,95
4/27/2026,DC-03,East,SKU-SKU-201,785,6.8,879,563,0,0,470,1028,95
5/4/2026,DC-03,East,SKU-SKU-201,785,6.1,563,657,1,222,657,1028,95
5/11/2026,DC-03,East,SKU-SKU-201,405,5.7,657,804,0,0,553,1028,95
5/18/2026,DC-03,East,SKU-SKU-201,42,5.4,804,1325,0,0,562,1028,95
5/25/2026,DC-03,East,SKU-SKU-201,68,6,1325,1756,0,0,500,1028,95
6/1/2026,DC-03,East,SKU-SKU-201,444,6,1756,1313,0,0,0,1028,95
6/8/2026,DC-03,East,SKU-SKU-201,482,4.3,1313,1450,0,0,619,1028,95
6/15/2026,DC-03,East,SKU-SKU-201,731,7,1450,1190,0,0,471,1028,95
6/22/2026,DC-03,East,SKU-SKU-201,951,6.5,1190,750,0,0,511,1028,95
6/29/2026,DC-03,East,SKU-SKU-201,406,7.4,750,846,0,0,501,1028,95
7/6/2026,DC-03,East,SKU-SKU-201,602,6.3,846,804,0,0,560,1028,95
7/13/2026,DC-03,East,SKU-SKU-201,948,6,804,527,1,144,527,1028,95
7/20/2026,DC-03,East,SKU-SKU-201,228,6.9,527,967,0,0,667,1028,95
7/27/2026,DC-03,East,SKU-SKU-201,202,6.6,967,1366,0,0,601,1028,95
8/3/2026,DC-03,East,SKU-SKU-201,0,6.8,1366,1902,0,0,536,1028,95
8/10/2026,DC-03,East,SKU-SKU-201,663,6.7,1902,1239,0,0,0,1028,95
8/17/2026,DC-03,East,SKU-SKU-201,319,6.6,1239,1522,0,0,601,1028,95
8/24/2026,DC-03,East,SKU-SKU-201,0,6.5,1522,2180,0,0,658,1028,95
9/2/2024,DC-03,East,SKU-SKU-202,443,6.5,958,515,0,0,0,639,95
9/9/2024,DC-03,East,SKU-SKU-202,510,7.4,515,320,0,0,315,639,95
9/16/2024,DC-03,East,SKU-SKU-202,353,7.2,320,306,1,33,306,639,95
9/23/2024,DC-03,East,SKU-SKU-202,497,5.5,306,399,1,192,399,639,95
9/30/2024,DC-03,East,SKU-SKU-202,257,5.3,399,434,0,0,293,639,95
10/7/2024,DC-03,East,SKU-SKU-202,266,6.8,434,582,0,0,414,639,95
10/14/2024,DC-03,East,SKU-SKU-202,153,7.5,582,842,0,0,413,639,95
10/21/2024,DC-03,East,SKU-SKU-202,371,5,842,882,0,0,411,639,95
10/28/2024,DC-03,East,SKU-SKU-202,401,7.9,882,816,0,0,335,639,95
11/4/2024,DC-03,East,SKU-SKU-202,253,8.4,816,894,0,0,330,639,95
11/11/2024,DC-03,East,SKU-SKU-202,416,6.5,894,774,0,0,296,639,95
11/18/2024,DC-03,East,SKU-SKU-202,255,8.3,774,883,0,0,364,639,95
11/25/2024,DC-03,East,SKU-SKU-202,287,5.7,883,961,0,0,366,639,95
12/2/2024,DC-03,East,SKU-SKU-202,275,5.7,961,686,0,0,0,639,95
12/9/2024,DC-03,East,SKU-SKU-202,291,6.7,686,764,0,0,368,639,95
12/16/2024,DC-03,East,SKU-SKU-202,510,7,764,577,0,0,323,639,95
12/23/2024,DC-03,East,SKU-SKU-202,410,6.1,577,571,0,0,404,639,95
12/30/2024,DC-03,East,SKU-SKU-202,330,6,571,585,0,0,344,639,95
1/6/2025,DC-03,East,SKU-SKU-202,449,5.6,585,453,0,0,317,639,95
1/13/2025,DC-03,East,SKU-SKU-202,394,4.7,453,401,0,0,341,639,95
1/20/2025,DC-03,East,SKU-SKU-202,411,5.8,401,302,1,10,302,639,95
1/27/2025,DC-03,East,SKU-SKU-202,253,6.7,302,390,0,0,341,639,95
2/3/2025,DC-03,East,SKU-SKU-202,284,6.4,390,456,0,0,350,639,95
2/10/2025,DC-03,East,SKU-SKU-202,319,5.8,456,437,0,0,299,639,95
2/17/2025,DC-03,East,SKU-SKU-202,325,7.9,437,506,0,0,394,639,95
2/24/2025,DC-03,East,SKU-SKU-202,355,6.4,506,483,0,0,332,639,95
3/3/2025,DC-03,East,SKU-SKU-202,412,5.6,483,403,0,0,332,639,95
3/10/2025,DC-03,East,SKU-SKU-202,266,6.4,403,467,0,0,330,639,95
3/17/2025,DC-03,East,SKU-SKU-202,508,6,467,318,1,41,318,639,95
3/24/2025,DC-03,East,SKU-SKU-202,326,5.7,318,300,1,8,300,639,95
3/31/2025,DC-03,East,SKU-SKU-202,420,7.3,300,293,1,121,293,639,95
4/7/2025,DC-03,East,SKU-SKU-202,238,6.4,293,426,0,0,370,639,95
4/14/2025,DC-03,East,SKU-SKU-202,134,6.3,426,635,0,0,343,639,95
4/21/2025,DC-03,East,SKU-SKU-202,536,6.9,635,512,0,0,412,639,95
4/28/2025,DC-03,East,SKU-SKU-202,266,7,512,579,0,0,333,639,95
5/5/2025,DC-03,East,SKU-SKU-202,420,5.9,579,527,0,0,368,639,95
5/12/2025,DC-03,East,SKU-SKU-202,232,6.6,527,653,0,0,358,639,95
5/19/2025,DC-03,East,SKU-SKU-202,535,6,653,451,0,0,333,639,95
5/26/2025,DC-03,East,SKU-SKU-202,396,6.2,451,431,0,0,376,639,95
6/2/2025,DC-03,East,SKU-SKU-202,317,6,431,482,0,0,367,639,95
6/9/2025,DC-03,East,SKU-SKU-202,305,7.5,482,490,0,0,314,639,95
6/16/2025,DC-03,East,SKU-SKU-202,431,7.2,490,369,0,0,309,639,95
6/23/2025,DC-03,East,SKU-SKU-202,188,6.6,369,548,0,0,367,639,95
6/30/2025,DC-03,East,SKU-SKU-202,299,8.1,548,628,0,0,378,639,95
7/7/2025,DC-03,East,SKU-SKU-202,199,6.5,628,787,0,0,358,639,95
7/14/2025,DC-03,East,SKU-SKU-202,228,6.9,787,893,0,0,333,639,95
7/21/2025,DC-03,East,SKU-SKU-202,211,6.1,893,1036,0,0,355,639,95
7/28/2025,DC-03,East,SKU-SKU-202,305,5.7,1036,731,0,0,0,639,95
8/4/2025,DC-03,East,SKU-SKU-202,330,6.6,731,735,0,0,334,639,95
8/11/2025,DC-03,East,SKU-SKU-202,426,6.7,735,662,0,0,353,639,95
8/18/2025,DC-03,East,SKU-SKU-202,192,6.8,662,779,0,0,309,639,95
8/25/2025,DC-03,East,SKU-SKU-202,231,6.1,779,888,0,0,339,639,95
9/1/2025,DC-03,East,SKU-SKU-202,247,5,888,947,0,0,306,639,95
9/8/2025,DC-03,East,SKU-SKU-202,185,6.2,947,1054,0,0,292,639,95
9/15/2025,DC-03,East,SKU-SKU-202,270,6.2,1054,784,0,0,0,639,95
9/22/2025,DC-03,East,SKU-SKU-202,227,6.4,784,877,0,0,319,639,95
9/29/2025,DC-03,East,SKU-SKU-202,304,7.1,877,938,0,0,366,639,95
10/6/2025,DC-03,East,SKU-SKU-202,225,7.5,938,1116,0,0,402,639,95
10/13/2025,DC-03,East,SKU-SKU-202,137,6.5,1116,979,0,0,0,639,95
10/20/2025,DC-03,East,SKU-SKU-202,337,7.8,979,642,0,0,0,639,95
10/27/2025,DC-03,East,SKU-SKU-202,371,7.3,642,599,0,0,328,639,95
11/3/2025,DC-03,East,SKU-SKU-202,222,6.7,599,671,0,0,294,639,95
11/10/2025,DC-03,East,SKU-SKU-202,299,6.4,671,732,0,0,360,639,95
11/17/2025,DC-03,East,SKU-SKU-202,467,7.3,732,569,0,0,304,639,95
11/24/2025,DC-03,East,SKU-SKU-202,259,7.2,569,695,0,0,386,639,95
12/1/2025,DC-03,East,SKU-SKU-202,444,4.5,695,571,0,0,320,639,95
12/8/2025,DC-03,East,SKU-SKU-202,445,5.4,571,516,0,0,391,639,95
12/15/2025,DC-03,East,SKU-SKU-202,161,6.4,516,715,0,0,360,639,95
12/22/2025,DC-03,East,SKU-SKU-202,362,7,715,684,0,0,331,639,95
12/29/2025,DC-03,East,SKU-SKU-202,382,6.4,684,667,0,0,365,639,95
1/5/2026,DC-03,East,SKU-SKU-202,228,6.7,667,800,0,0,361,639,95
1/12/2026,DC-03,East,SKU-SKU-202,187,6.2,800,932,0,0,319,639,95
1/19/2026,DC-03,East,SKU-SKU-202,339,6.8,932,955,0,0,363,639,95
1/26/2026,DC-03,East,SKU-SKU-202,239,5.3,955,1023,0,0,306,639,95
2/2/2026,DC-03,East,SKU-SKU-202,433,7.6,1023,589,0,0,0,639,95
2/9/2026,DC-03,East,SKU-SKU-202,194,6.3,589,787,0,0,392,639,95
2/16/2026,DC-03,East,SKU-SKU-202,390,5.3,787,752,0,0,355,639,95
2/23/2026,DC-03,East,SKU-SKU-202,469,6.3,752,659,0,0,376,639,95
3/2/2026,DC-03,East,SKU-SKU-202,465,5.2,659,550,0,0,356,639,95
3/9/2026,DC-03,East,SKU-SKU-202,291,6.2,550,628,0,0,369,639,95
3/16/2026,DC-03,East,SKU-SKU-202,462,5.7,628,576,0,0,410,639,95
3/23/2026,DC-03,East,SKU-SKU-202,518,7,576,404,0,0,346,639,95
3/30/2026,DC-03,East,SKU-SKU-202,348,5.2,404,353,0,0,297,639,95
4/6/2026,DC-03,East,SKU-SKU-202,387,6,353,359,1,33,359,639,95
4/13/2026,DC-03,East,SKU-SKU-202,450,6.2,359,363,1,91,363,639,95
4/20/2026,DC-03,East,SKU-SKU-202,235,7.1,363,534,0,0,407,639,95
4/27/2026,DC-03,East,SKU-SKU-202,218,7.2,534,681,0,0,364,639,95
5/4/2026,DC-03,East,SKU-SKU-202,512,6.9,681,550,0,0,380,639,95
5/11/2026,DC-03,East,SKU-SKU-202,378,6.5,550,523,0,0,351,639,95
5/18/2026,DC-03,East,SKU-SKU-202,307,7.1,523,611,0,0,395,639,95
5/25/2026,DC-03,East,SKU-SKU-202,313,5.5,611,588,0,0,290,639,95
6/1/2026,DC-03,East,SKU-SKU-202,409,6.7,588,559,0,0,380,639,95
6/8/2026,DC-03,East,SKU-SKU-202,451,5.8,559,480,0,0,372,639,95
6/15/2026,DC-03,East,SKU-SKU-202,429,6.3,480,437,0,0,386,639,95
6/22/2026,DC-03,East,SKU-SKU-202,587,6.5,437,336,1,151,336,639,95
6/29/2026,DC-03,East,SKU-SKU-202,287,6,336,356,0,0,307,639,95
7/6/2026,DC-03,East,SKU-SKU-202,226,5.7,356,519,0,0,389,639,95
7/13/2026,DC-03,East,SKU-SKU-202,377,7.1,519,476,0,0,334,639,95
7/20/2026,DC-03,East,SKU-SKU-202,328,6.2,476,483,0,0,335,639,95
7/27/2026,DC-03,East,SKU-SKU-202,266,5.4,483,574,0,0,357,639,95
8/3/2026,DC-03,East,SKU-SKU-202,366,6.1,574,579,0,0,371,639,95
8/10/2026,DC-03,East,SKU-SKU-202,404,7.3,579,561,0,0,386,639,95
8/17/2026,DC-03,East,SKU-SKU-202,211,5.3,561,722,0,0,372,639,95
8/24/2026,DC-03,East,SKU-SKU-202,381,6.7,722,722,0,0,381,639,95
9/2/2024,DC-03,East,SKU-SKU-203,0,6.7,644,644,0,0,0,429,95
9/9/2024,DC-03,East,SKU-SKU-203,158,6,644,486,0,0,0,429,95
9/16/2024,DC-03,East,SKU-SKU-203,179,6,486,517,0,0,210,429,95
9/23/2024,DC-03,East,SKU-SKU-203,285,6.9,517,473,0,0,241,429,95
9/30/2024,DC-03,East,SKU-SKU-203,294,7.1,473,381,0,0,201,429,95
10/7/2024,DC-03,East,SKU-SKU-203,226,4.9,381,374,0,0,219,429,95
10/14/2024,DC-03,East,SKU-SKU-203,255,5.8,374,327,0,0,207,429,95
10/21/2024,DC-03,East,SKU-SKU-203,304,6.3,327,272,0,0,249,429,95
10/28/2024,DC-03,East,SKU-SKU-203,168,6,272,302,0,0,197,429,95
11/4/2024,DC-03,East,SKU-SKU-203,182,6.6,302,374,0,0,254,429,95
11/11/2024,DC-03,East,SKU-SKU-203,174,6.4,374,454,0,0,254,429,95
11/18/2024,DC-03,East,SKU-SKU-203,182,6.8,454,485,0,0,213,429,95
11/25/2024,DC-03,East,SKU-SKU-203,236,6.8,485,449,0,0,200,429,95
12/2/2024,DC-03,East,SKU-SKU-203,227,5.7,449,469,0,0,247,429,95
12/9/2024,DC-03,East,SKU-SKU-203,169,6.2,469,551,0,0,252,429,95
12/16/2024,DC-03,East,SKU-SKU-203,206,7.3,551,611,0,0,265,429,95
12/23/2024,DC-03,East,SKU-SKU-203,263,5.7,611,554,0,0,207,429,95
12/30/2024,DC-03,East,SKU-SKU-203,206,6.1,554,572,0,0,223,429,95
1/6/2025,DC-03,East,SKU-SKU-203,200,6,572,622,0,0,251,429,95
1/13/2025,DC-03,East,SKU-SKU-203,129,6.2,622,748,0,0,255,429,95
1/20/2025,DC-03,East,SKU-SKU-203,337,5.6,748,411,0,0,0,429,95
1/27/2025,DC-03,East,SKU-SKU-203,163,5.9,411,449,0,0,202,429,95
2/3/2025,DC-03,East,SKU-SKU-203,360,6.8,449,336,0,0,246,429,95
2/10/2025,DC-03,East,SKU-SKU-203,141,6.3,336,466,0,0,271,429,95
2/17/2025,DC-03,East,SKU-SKU-203,390,5.9,466,346,0,0,270,429,95
2/24/2025,DC-03,East,SKU-SKU-203,210,6.2,346,378,0,0,242,429,95
3/3/2025,DC-03,East,SKU-SKU-203,443,6.8,378,225,1,65,225,429,95
3/10/2025,DC-03,East,SKU-SKU-203,314,6.3,225,261,1,89,261,429,95
3/17/2025,DC-03,East,SKU-SKU-203,237,5.9,261,273,0,0,249,429,95
3/24/2025,DC-03,East,SKU-SKU-203,207,6.1,273,324,0,0,258,429,95
3/31/2025,DC-03,East,SKU-SKU-203,269,5.2,324,305,0,0,250,429,95
4/7/2025,DC-03,East,SKU-SKU-203,214,6.7,305,334,0,0,243,429,95
4/14/2025,DC-03,East,SKU-SKU-203,184,6.3,334,346,0,0,196,429,95
4/21/2025,DC-03,East,SKU-SKU-203,205,5.4,346,410,0,0,269,429,95
4/28/2025,DC-03,East,SKU-SKU-203,176,7.6,410,484,0,0,250,429,95
5/5/2025,DC-03,East,SKU-SKU-203,149,6.6,484,540,0,0,205,429,95
5/12/2025,DC-03,East,SKU-SKU-203,155,6.3,540,650,0,0,266,429,95
5/19/2025,DC-03,East,SKU-SKU-203,315,7.9,650,335,0,0,0,429,95
5/26/2025,DC-03,East,SKU-SKU-203,151,6.6,335,408,0,0,225,429,95
6/2/2025,DC-03,East,SKU-SKU-203,202,5.5,408,419,0,0,213,429,95
6/9/2025,DC-03,East,SKU-SKU-203,315,7.2,419,344,0,0,239,429,95
6/16/2025,DC-03,East,SKU-SKU-203,159,6.3,344,442,0,0,257,429,95
6/23/2025,DC-03,East,SKU-SKU-203,287,8.2,442,429,0,0,274,429,95
6/30/2025,DC-03,East,SKU-SKU-203,210,6.8,429,423,0,0,205,429,95
7/7/2025,DC-03,East,SKU-SKU-203,203,5.5,423,482,0,0,262,429,95
7/14/2025,DC-03,East,SKU-SKU-203,369,5.9,482,326,0,0,213,429,95
7/21/2025,DC-03,East,SKU-SKU-203,80,6.3,326,499,0,0,254,429,95
7/28/2025,DC-03,East,SKU-SKU-203,181,7,499,537,0,0,219,429,95
8/4/2025,DC-03,East,SKU-SKU-203,331,6.6,537,400,0,0,194,429,95
8/11/2025,DC-03,East,SKU-SKU-203,165,5.6,400,509,0,0,274,429,95
8/18/2025,DC-03,East,SKU-SKU-203,223,5.7,509,502,0,0,216,429,95
8/25/2025,DC-03,East,SKU-SKU-203,162,7.6,502,588,0,0,248,429,95
9/1/2025,DC-03,East,SKU-SKU-203,204,5.7,588,655,0,0,272,429,95
9/8/2025,DC-03,East,SKU-SKU-203,109,6.2,655,546,0,0,0,429,95
9/15/2025,DC-03,East,SKU-SKU-203,63,6.9,546,693,0,0,210,429,95
9/22/2025,DC-03,East,SKU-SKU-203,95,6.1,693,598,0,0,0,429,95
9/29/2025,DC-03,East,SKU-SKU-203,266,6.3,598,554,0,0,222,429,95
10/6/2025,DC-03,East,SKU-SKU-203,270,7.1,554,509,0,0,224,429,95
10/13/2025,DC-03,East,SKU-SKU-203,114,8.7,509,657,0,0,263,429,95
10/20/2025,DC-03,East,SKU-SKU-203,181,6.5,657,476,0,0,0,429,95
10/27/2025,DC-03,East,SKU-SKU-203,249,7.5,476,488,0,0,261,429,95
11/3/2025,DC-03,East,SKU-SKU-203,167,5.7,488,556,0,0,234,429,95
11/10/2025,DC-03,East,SKU-SKU-203,211,7,556,552,0,0,207,429,95
11/17/2025,DC-03,East,SKU-SKU-203,149,5.8,552,678,0,0,275,429,95
11/24/2025,DC-03,East,SKU-SKU-203,162,4.6,678,516,0,0,0,429,95
12/1/2025,DC-03,East,SKU-SKU-203,209,6,516,528,0,0,221,429,95
12/8/2025,DC-03,East,SKU-SKU-203,208,6.4,528,595,0,0,275,429,95
12/15/2025,DC-03,East,SKU-SKU-203,198,5,595,596,0,0,200,429,95
12/22/2025,DC-03,East,SKU-SKU-203,235,6.8,596,594,0,0,232,429,95
12/29/2025,DC-03,East,SKU-SKU-203,351,6.1,594,462,0,0,219,429,95
1/5/2026,DC-03,East,SKU-SKU-203,234,6.6,462,433,0,0,205,429,95
1/12/2026,DC-03,East,SKU-SKU-203,223,6.7,433,421,0,0,211,429,95
1/19/2026,DC-03,East,SKU-SKU-203,159,5.7,421,467,0,0,205,429,95
1/26/2026,DC-03,East,SKU-SKU-203,294,4.9,467,378,0,0,205,429,95
2/2/2026,DC-03,East,SKU-SKU-203,355,6.5,378,284,0,0,261,429,95
2/9/2026,DC-03,East,SKU-SKU-203,246,6.5,284,256,0,0,219,429,95
2/16/2026,DC-03,East,SKU-SKU-203,184,5.3,256,325,0,0,253,429,95
2/23/2026,DC-03,East,SKU-SKU-203,246,7.7,325,343,0,0,264,429,95
3/2/2026,DC-03,East,SKU-SKU-203,311,5.6,343,282,0,0,251,429,95
3/9/2026,DC-03,East,SKU-SKU-203,293,6.3,282,226,1,11,226,429,95
3/16/2026,DC-03,East,SKU-SKU-203,237,6.3,226,279,1,10,279,429,95
3/23/2026,DC-03,East,SKU-SKU-203,171,5.6,279,301,0,0,193,429,95
3/30/2026,DC-03,East,SKU-SKU-203,251,6.2,301,314,0,0,263,429,95
4/6/2026,DC-03,East,SKU-SKU-203,316,6.5,314,239,1,2,239,429,95
4/13/2026,DC-03,East,SKU-SKU-203,247,5.5,239,246,1,8,246,429,95
4/20/2026,DC-03,East,SKU-SKU-203,247,5.8,246,274,1,1,274,429,95
4/27/2026,DC-03,East,SKU-SKU-203,290,6.2,274,233,1,16,233,429,95
5/4/2026,DC-03,East,SKU-SKU-203,191,6,233,300,0,0,259,429,95
5/11/2026,DC-03,East,SKU-SKU-203,106,5.7,300,470,0,0,276,429,95
5/18/2026,DC-03,East,SKU-SKU-203,185,6.4,470,510,0,0,224,429,95
5/25/2026,DC-03,East,SKU-SKU-203,177,6.5,510,554,0,0,221,429,95
6/1/2026,DC-03,East,SKU-SKU-203,282,6.8,554,478,0,0,207,429,95
6/8/2026,DC-03,East,SKU-SKU-203,70,6.3,478,684,0,0,275,429,95
6/15/2026,DC-03,East,SKU-SKU-203,84,7.5,684,599,0,0,0,429,95
6/22/2026,DC-03,East,SKU-SKU-203,34,6.7,599,811,0,0,245,429,95
6/29/2026,DC-03,East,SKU-SKU-203,224,7.1,811,587,0,0,0,429,95
7/6/2026,DC-03,East,SKU-SKU-203,114,7.9,587,726,0,0,252,429,95
7/13/2026,DC-03,East,SKU-SKU-203,228,5.5,726,497,0,0,0,429,95
7/20/2026,DC-03,East,SKU-SKU-203,288,7.6,497,404,0,0,195,429,95
7/27/2026,DC-03,East,SKU-SKU-203,308,6.5,404,345,0,0,249,429,95
8/3/2026,DC-03,East,SKU-SKU-203,115,5.7,345,508,0,0,277,429,95
8/10/2026,DC-03,East,SKU-SKU-203,135,6.8,508,579,0,0,206,429,95
8/17/2026,DC-03,East,SKU-SKU-203,301,5.8,579,501,0,0,223,429,95
8/24/2026,DC-03,East,SKU-SKU-203,95,6.7,501,655,0,0,248,429,95
9/2/2024,DC-03,East,SKU-SKU-301,292,5.4,696,404,0,0,0,464,95
9/9/2024,DC-03,East,SKU-SKU-301,105,6,404,522,0,0,224,464,95
9/16/2024,DC-03,East,SKU-SKU-301,76,5.9,522,708,0,0,262,464,95
9/23/2024,DC-03,East,SKU-SKU-301,0,5.9,708,708,0,0,0,464,95
9/30/2024,DC-03,East,SKU-SKU-301,254,5.4,708,454,0,0,0,464,95
10/7/2024,DC-03,East,SKU-SKU-301,0,6,454,748,0,0,294,464,95
10/14/2024,DC-03,East,SKU-SKU-301,0,4.8,748,748,0,0,0,464,95
10/21/2024,DC-03,East,SKU-SKU-301,332,5.7,748,416,0,0,0,464,95
10/28/2024,DC-03,East,SKU-SKU-301,321,6.7,416,345,0,0,250,464,95
11/4/2024,DC-03,East,SKU-SKU-301,240,5.8,345,400,0,0,295,464,95
11/11/2024,DC-03,East,SKU-SKU-301,0,7,400,690,0,0,290,464,95
11/18/2024,DC-03,East,SKU-SKU-301,45,6.1,690,925,0,0,280,464,95
11/25/2024,DC-03,East,SKU-SKU-301,162,6.2,925,763,0,0,0,464,95
12/2/2024,DC-03,East,SKU-SKU-301,106,5.8,763,657,0,0,0,464,95
12/9/2024,DC-03,East,SKU-SKU-301,628,6.4,657,327,0,0,298,464,95
12/16/2024,DC-03,East,SKU-SKU-301,147,6,327,424,0,0,244,464,95
12/23/2024,DC-03,East,SKU-SKU-301,435,6.4,424,253,1,11,253,464,95
12/30/2024,DC-03,East,SKU-SKU-301,266,5.6,253,258,1,14,258,464,95
1/6/2025,DC-03,East,SKU-SKU-301,377,5.8,258,268,1,119,268,464,95
1/13/2025,DC-03,East,SKU-SKU-301,349,6.7,268,297,1,81,297,464,95
1/20/2025,DC-03,East,SKU-SKU-301,239,4.1,297,317,0,0,259,464,95
1/27/2025,DC-03,East,SKU-SKU-301,369,6.6,317,225,1,52,225,464,95
2/3/2025,DC-03,East,SKU-SKU-301,296,6.7,225,226,1,72,226,464,95
2/10/2025,DC-03,East,SKU-SKU-301,168,6.4,226,277,0,0,219,464,95
2/17/2025,DC-03,East,SKU-SKU-301,334,6.8,277,234,1,57,234,464,95
2/24/2025,DC-03,East,SKU-SKU-301,277,6.2,234,228,1,42,228,464,95
3/3/2025,DC-03,East,SKU-SKU-301,307,6.2,228,251,1,79,251,464,95
3/10/2025,DC-03,East,SKU-SKU-301,56,5.9,251,421,0,0,226,464,95
3/17/2025,DC-03,East,SKU-SKU-301,321,6.9,421,358,0,0,258,464,95
3/24/2025,DC-03,East,SKU-SKU-301,541,6.7,358,241,1,183,241,464,95
3/31/2025,DC-03,East,SKU-SKU-301,436,7.9,241,301,1,195,301,464,95
4/7/2025,DC-03,East,SKU-SKU-301,62,6.8,301,475,0,0,236,464,95
4/14/2025,DC-03,East,SKU-SKU-301,175,6.6,475,523,0,0,223,464,95
4/21/2025,DC-03,East,SKU-SKU-301,414,6.1,523,395,0,0,286,464,95
4/28/2025,DC-03,East,SKU-SKU-301,358,5.3,395,247,0,0,210,464,95
5/5/2025,DC-03,East,SKU-SKU-301,403,6.2,247,224,1,156,224,464,95
5/12/2025,DC-03,East,SKU-SKU-301,279,5.7,224,252,1,55,252,464,95
5/19/2025,DC-03,East,SKU-SKU-301,147,5.6,252,394,0,0,290,464,95
5/26/2025,DC-03,East,SKU-SKU-301,172,6.4,394,445,0,0,223,464,95
6/2/2025,DC-03,East,SKU-SKU-301,386,4.7,445,304,0,0,245,464,95
6/9/2025,DC-03,East,SKU-SKU-301,199,6.3,304,355,0,0,250,464,95
6/16/2025,DC-03,East,SKU-SKU-301,442,6.5,355,283,1,87,283,464,95
6/23/2025,DC-03,East,SKU-SKU-301,264,6.7,283,299,0,0,280,464,95
6/30/2025,DC-03,East,SKU-SKU-301,375,5.8,299,214,1,76,214,464,95
7/7/2025,DC-03,East,SKU-SKU-301,248,7.2,214,253,1,34,253,464,95
7/14/2025,DC-03,East,SKU-SKU-301,295,6.5,253,276,1,42,276,464,95
7/21/2025,DC-03,East,SKU-SKU-301,317,5.4,276,284,1,41,284,464,95
7/28/2025,DC-03,East,SKU-SKU-301,236,6.4,284,265,0,0,217,464,95
8/4/2025,DC-03,East,SKU-SKU-301,229,6,265,247,0,0,211,464,95
8/11/2025,DC-03,East,SKU-SKU-301,88,6.5,247,404,0,0,246,464,95
8/18/2025,DC-03,East,SKU-SKU-301,110,8.1,404,551,0,0,257,464,95
8/25/2025,DC-03,East,SKU-SKU-301,120,5,551,673,0,0,242,464,95
9/1/2025,DC-03,East,SKU-SKU-301,305,5.1,673,609,0,0,241,464,95
9/8/2025,DC-03,East,SKU-SKU-301,335,6,609,510,0,0,236,464,95
9/15/2025,DC-03,East,SKU-SKU-301,208,7.2,510,531,0,0,229,464,95
9/22/2025,DC-03,East,SKU-SKU-301,470,6.4,531,271,0,0,209,464,95
9/29/2025,DC-03,East,SKU-SKU-301,286,4.7,271,249,1,15,249,464,95
10/6/2025,DC-03,East,SKU-SKU-301,224,7.7,249,254,0,0,229,464,95
10/13/2025,DC-03,East,SKU-SKU-301,224,6.4,254,274,0,0,245,464,95
10/20/2025,DC-03,East,SKU-SKU-301,196,6,274,306,0,0,228,464,95
10/27/2025,DC-03,East,SKU-SKU-301,396,7.2,306,242,1,90,242,464,95
11/3/2025,DC-03,East,SKU-SKU-301,275,6.9,242,252,1,33,252,464,95
11/10/2025,DC-03,East,SKU-SKU-301,3,6.1,252,480,0,0,232,464,95
11/17/2025,DC-03,East,SKU-SKU-301,219,5.9,480,496,0,0,234,464,95
11/24/2025,DC-03,East,SKU-SKU-301,195,6.8,496,559,0,0,257,464,95
12/1/2025,DC-03,East,SKU-SKU-301,0,6.5,559,805,0,0,246,464,95
12/8/2025,DC-03,East,SKU-SKU-301,289,5.4,805,516,0,0,0,464,95
12/15/2025,DC-03,East,SKU-SKU-301,290,5.7,516,500,0,0,274,464,95
12/22/2025,DC-03,East,SKU-SKU-301,184,5,500,553,0,0,237,464,95
12/29/2025,DC-03,East,SKU-SKU-301,251,5.3,553,596,0,0,295,464,95
1/5/2026,DC-03,East,SKU-SKU-301,48,5.6,596,775,0,0,227,464,95
1/12/2026,DC-03,East,SKU-SKU-301,328,6.4,775,447,0,0,0,464,95
1/19/2026,DC-03,East,SKU-SKU-301,179,4.7,447,559,0,0,291,464,95
1/26/2026,DC-03,East,SKU-SKU-301,82,5.3,559,702,0,0,225,464,95
2/2/2026,DC-03,East,SKU-SKU-301,133,6.3,702,569,0,0,0,464,95
2/9/2026,DC-03,East,SKU-SKU-301,128,7,569,701,0,0,260,464,95
2/16/2026,DC-03,East,SKU-SKU-301,398,7.2,701,303,0,0,0,464,95
2/23/2026,DC-03,East,SKU-SKU-301,53,7.8,303,469,0,0,220,464,95
3/2/2026,DC-03,East,SKU-SKU-301,181,6,469,507,0,0,219,464,95
3/9/2026,DC-03,East,SKU-SKU-301,193,7,507,606,0,0,292,464,95
3/16/2026,DC-03,East,SKU-SKU-301,41,6,606,864,0,0,300,464,95
3/23/2026,DC-03,East,SKU-SKU-301,154,6,864,711,0,0,0,464,95
3/30/2026,DC-03,East,SKU-SKU-301,329,6.9,711,382,0,0,0,464,95
4/6/2026,DC-03,East,SKU-SKU-301,355,6,382,259,0,0,232,464,95
4/13/2026,DC-03,East,SKU-SKU-301,300,5.1,259,233,1,41,233,464,95
4/20/2026,DC-03,East,SKU-SKU-301,144,6.1,233,340,0,0,250,464,95
4/27/2026,DC-03,East,SKU-SKU-301,298,7.1,340,317,0,0,274,464,95
5/4/2026,DC-03,East,SKU-SKU-301,299,5.5,317,267,0,0,250,464,95
5/11/2026,DC-03,East,SKU-SKU-301,324,4.8,267,256,1,56,256,464,95
5/18/2026,DC-03,East,SKU-SKU-301,319,5.9,256,287,1,63,287,464,95
5/25/2026,DC-03,East,SKU-SKU-301,231,5.2,287,338,0,0,283,464,95
6/1/2026,DC-03,East,SKU-SKU-301,251,6.2,338,297,0,0,210,464,95
6/8/2026,DC-03,East,SKU-SKU-301,340,6.3,297,224,1,44,224,464,95
6/15/2026,DC-03,East,SKU-SKU-301,440,6.8,224,221,1,216,221,464,95
6/22/2026,DC-03,East,SKU-SKU-301,223,6.1,221,256,1,3,256,464,95
6/29/2026,DC-03,East,SKU-SKU-301,243,5.8,256,297,0,0,284,464,95
7/6/2026,DC-03,East,SKU-SKU-301,99,6.8,297,444,0,0,246,464,95
7/13/2026,DC-03,East,SKU-SKU-301,215,5.8,444,499,0,0,270,464,95
7/20/2026,DC-03,East,SKU-SKU-301,124,5.8,499,612,0,0,237,464,95
7/27/2026,DC-03,East,SKU-SKU-301,155,6.5,612,687,0,0,230,464,95
8/3/2026,DC-03,East,SKU-SKU-301,174,6.3,687,751,0,0,238,464,95
8/10/2026,DC-03,East,SKU-SKU-301,257,6.7,751,493,0,0,0,464,95
8/17/2026,DC-03,East,SKU-SKU-301,270,7.1,493,489,0,0,265,464,95
8/24/2026,DC-03,East,SKU-SKU-301,276,5.6,489,449,0,0,236,464,95
9/2/2024,DC-03,East,SKU-SKU-302,32,7.6,446,414,0,0,0,297,95
9/9/2024,DC-03,East,SKU-SKU-302,180,6.5,414,384,0,0,151,297,95
9/16/2024,DC-03,East,SKU-SKU-302,87,7.1,384,489,0,0,191,297,95
9/23/2024,DC-03,East,SKU-SKU-302,292,7,489,197,0,0,0,297,95
9/30/2024,DC-03,East,SKU-SKU-302,167,6.6,197,189,0,0,159,297,95
10/7/2024,DC-03,East,SKU-SKU-302,143,5.2,189,186,0,0,140,297,95
10/14/2024,DC-03,East,SKU-SKU-302,8,6.4,186,369,0,0,191,297,95
10/21/2024,DC-03,East,SKU-SKU-302,114,6.5,369,394,0,0,140,297,95
10/28/2024,DC-03,East,SKU-SKU-302,16,7.4,394,535,0,0,157,297,95
11/4/2024,DC-03,East,SKU-SKU-302,97,6.5,535,438,0,0,0,297,95
11/11/2024,DC-03,East,SKU-SKU-302,164,7.2,438,447,0,0,174,297,95
11/18/2024,DC-03,East,SKU-SKU-302,39,5.3,447,408,0,0,0,297,95
11/25/2024,DC-03,East,SKU-SKU-302,192,6.7,408,363,0,0,146,297,95
12/2/2024,DC-03,East,SKU-SKU-302,34,6.7,363,517,0,0,188,297,95
12/9/2024,DC-03,East,SKU-SKU-302,167,6.2,517,350,0,0,0,297,95
12/16/2024,DC-03,East,SKU-SKU-302,123,6.1,350,401,0,0,173,297,95
12/23/2024,DC-03,East,SKU-SKU-302,239,5.4,401,313,0,0,151,297,95
12/30/2024,DC-03,East,SKU-SKU-302,265,5.3,313,189,0,0,141,297,95
1/6/2025,DC-03,East,SKU-SKU-302,255,4.3,189,154,1,66,154,297,95
1/13/2025,DC-03,East,SKU-SKU-302,88,7.2,154,207,0,0,141,297,95
1/20/2025,DC-03,East,SKU-SKU-302,75,5.6,207,314,0,0,182,297,95
1/27/2025,DC-03,East,SKU-SKU-302,129,5.9,314,336,0,0,150,297,95
2/3/2025,DC-03,East,SKU-SKU-302,81,6.6,336,395,0,0,140,297,95
2/10/2025,DC-03,East,SKU-SKU-302,7,6.2,395,555,0,0,167,297,95
2/17/2025,DC-03,East,SKU-SKU-302,95,6.4,555,460,0,0,0,297,95
2/24/2025,DC-03,East,SKU-SKU-302,132,5.9,460,328,0,0,0,297,95
3/3/2025,DC-03,East,SKU-SKU-302,214,6.8,328,296,0,0,183,297,95
3/10/2025,DC-03,East,SKU-SKU-302,96,6.8,296,347,0,0,146,297,95
3/17/2025,DC-03,East,SKU-SKU-302,102,6.1,347,420,0,0,174,297,95
3/24/2025,DC-03,East,SKU-SKU-302,131,6.1,420,461,0,0,172,297,95
3/31/2025,DC-03,East,SKU-SKU-302,186,6.4,461,275,0,0,0,297,95
4/7/2025,DC-03,East,SKU-SKU-302,300,6.8,275,186,1,25,186,297,95
4/14/2025,DC-03,East,SKU-SKU-302,293,5.6,186,193,1,107,193,297,95
4/21/2025,DC-03,East,SKU-SKU-302,361,7,193,142,1,168,142,297,95
4/28/2025,DC-03,East,SKU-SKU-302,240,7.2,142,148,1,98,148,297,95
5/5/2025,DC-03,East,SKU-SKU-302,225,6.1,148,151,1,77,151,297,95
5/12/2025,DC-03,East,SKU-SKU-302,188,6.4,151,186,1,37,186,297,95
5/19/2025,DC-03,East,SKU-SKU-302,267,6.4,186,139,1,81,139,297,95
5/26/2025,DC-03,East,SKU-SKU-302,229,5.8,139,183,1,90,183,297,95
6/2/2025,DC-03,East,SKU-SKU-302,315,5.6,183,149,1,132,149,297,95
6/9/2025,DC-03,East,SKU-SKU-302,170,5.8,149,181,1,21,181,297,95
6/16/2025,DC-03,East,SKU-SKU-302,333,5.9,181,163,1,152,163,297,95
6/23/2025,DC-03,East,SKU-SKU-302,242,6.7,163,185,1,80,185,297,95
6/30/2025,DC-03,East,SKU-SKU-302,217,6.8,185,167,1,32,167,297,95
7/7/2025,DC-03,East,SKU-SKU-302,109,6.2,167,227,0,0,169,297,95
7/14/2025,DC-03,East,SKU-SKU-302,200,5.9,227,211,0,0,183,297,95
7/21/2025,DC-03,East,SKU-SKU-302,187,6.1,211,186,0,0,162,297,95
7/28/2025,DC-03,East,SKU-SKU-302,206,7.4,186,142,1,20,142,297,95
8/4/2025,DC-03,East,SKU-SKU-302,161,7.1,142,193,1,19,193,297,95
8/11/2025,DC-03,East,SKU-SKU-302,17,6.3,193,360,0,0,184,297,95
8/18/2025,DC-03,East,SKU-SKU-302,73,6.8,360,461,0,0,174,297,95
8/25/2025,DC-03,East,SKU-SKU-302,184,5.5,461,277,0,0,0,297,95
9/1/2025,DC-03,East,SKU-SKU-302,199,5.7,277,216,0,0,138,297,95
9/8/2025,DC-03,East,SKU-SKU-302,184,7.9,216,208,0,0,176,297,95
9/15/2025,DC-03,East,SKU-SKU-302,184,6.1,208,203,0,0,179,297,95
9/22/2025,DC-03,East,SKU-SKU-302,158,5.9,203,234,0,0,189,297,95
9/29/2025,DC-03,East,SKU-SKU-302,188,6.9,234,208,0,0,162,297,95
10/6/2025,DC-03,East,SKU-SKU-302,128,7.1,208,265,0,0,184,297,95
10/13/2025,DC-03,East,SKU-SKU-302,119,6.3,265,326,0,0,180,297,95
10/20/2025,DC-03,East,SKU-SKU-302,176,5.1,326,295,0,0,145,297,95
10/27/2025,DC-03,East,SKU-SKU-302,89,6.7,295,398,0,0,193,297,95
11/3/2025,DC-03,East,SKU-SKU-302,162,5.4,398,382,0,0,146,297,95
11/10/2025,DC-03,East,SKU-SKU-302,65,6.1,382,500,0,0,183,297,95
11/17/2025,DC-03,East,SKU-SKU-302,109,5.7,500,391,0,0,0,297,95
11/24/2025,DC-03,East,SKU-SKU-302,293,6.6,391,258,0,0,160,297,95
12/1/2025,DC-03,East,SKU-SKU-302,138,7.6,258,263,0,0,144,297,95
12/8/2025,DC-03,East,SKU-SKU-302,132,5.9,263,319,0,0,188,297,95
12/15/2025,DC-03,East,SKU-SKU-302,107,7.2,319,351,0,0,140,297,95
12/22/2025,DC-03,East,SKU-SKU-302,164,6.4,351,332,0,0,145,297,95
12/29/2025,DC-03,East,SKU-SKU-302,270,6.7,332,238,0,0,176,297,95
1/5/2026,DC-03,East,SKU-SKU-302,182,6.3,238,228,0,0,172,297,95
1/12/2026,DC-03,East,SKU-SKU-302,128,6.4,228,292,0,0,192,297,95
1/19/2026,DC-03,East,SKU-SKU-302,168,6.9,292,282,0,0,158,297,95
1/26/2026,DC-03,East,SKU-SKU-302,110,7.4,282,343,0,0,171,297,95
2/2/2026,DC-03,East,SKU-SKU-302,88,6,343,419,0,0,164,297,95
2/9/2026,DC-03,East,SKU-SKU-302,190,6.8,419,417,0,0,187,297,95
2/16/2026,DC-03,East,SKU-SKU-302,98,6.5,417,485,0,0,167,297,95
2/23/2026,DC-03,East,SKU-SKU-302,215,6.7,485,271,0,0,0,297,95
3/2/2026,DC-03,East,SKU-SKU-302,306,7.3,271,158,1,36,158,297,95
3/9/2026,DC-03,East,SKU-SKU-302,146,5.7,158,167,0,0,154,297,95
3/16/2026,DC-03,East,SKU-SKU-302,204,5.7,167,180,1,38,180,297,95
3/23/2026,DC-03,East,SKU-SKU-302,161,6.1,180,199,0,0,180,297,95
3/30/2026,DC-03,East,SKU-SKU-302,126,5.4,199,219,0,0,146,297,95
4/6/2026,DC-03,East,SKU-SKU-302,157,6.8,219,202,0,0,140,297,95
4/13/2026,DC-03,East,SKU-SKU-302,71,5.6,202,287,0,0,155,297,95
4/20/2026,DC-03,East,SKU-SKU-302,94,5.6,287,353,0,0,161,297,95
4/27/2026,DC-03,East,SKU-SKU-302,113,4.7,353,427,0,0,186,297,95
5/4/2026,DC-03,East,SKU-SKU-302,130,7.5,427,432,0,0,134,297,95
5/11/2026,DC-03,East,SKU-SKU-302,259,6.1,432,311,0,0,139,297,95
5/18/2026,DC-03,East,SKU-SKU-302,206,5.4,311,252,0,0,147,297,95
5/25/2026,DC-03,East,SKU-SKU-302,130,5.1,252,294,0,0,172,297,95
6/1/2026,DC-03,East,SKU-SKU-302,141,5.4,294,334,0,0,180,297,95
6/8/2026,DC-03,East,SKU-SKU-302,116,6.8,334,390,0,0,172,297,95
6/15/2026,DC-03,East,SKU-SKU-302,185,6.1,390,360,0,0,155,297,95
6/22/2026,DC-03,East,SKU-SKU-302,214,5.7,360,309,0,0,163,297,95
6/29/2026,DC-03,East,SKU-SKU-302,116,5.8,309,352,0,0,158,297,95
7/6/2026,DC-03,East,SKU-SKU-302,94,6.2,352,402,0,0,143,297,95
7/13/2026,DC-03,East,SKU-SKU-302,145,7.1,402,428,0,0,170,297,95
7/20/2026,DC-03,East,SKU-SKU-302,68,6.6,428,545,0,0,185,297,95
7/27/2026,DC-03,East,SKU-SKU-302,72,5.4,545,473,0,0,0,297,95
8/3/2026,DC-03,East,SKU-SKU-302,186,5.7,473,288,0,0,0,297,95
8/10/2026,DC-03,East,SKU-SKU-302,282,6,288,162,0,0,156,297,95
8/17/2026,DC-03,East,SKU-SKU-302,90,7.4,162,218,0,0,146,297,95
8/24/2026,DC-03,East,SKU-SKU-302,103,6.1,218,278,0,0,163,297,95
9/2/2024,DC-03,East,SKU-SKU-303,472,5.6,1827,1355,0,0,0,1218,95
9/9/2024,DC-03,East,SKU-SKU-303,718,6.9,1355,1323,0,0,685,1218,95
9/16/2024,DC-03,East,SKU-SKU-303,202,5.6,1323,1875,0,0,754,1218,95
9/23/2024,DC-03,East,SKU-SKU-303,1151,7,1875,725,0,0,0,1218,95
9/30/2024,DC-03,East,SKU-SKU-303,645,5.6,725,843,0,0,764,1218,95
10/7/2024,DC-03,East,SKU-SKU-303,164,6.7,843,1262,0,0,583,1218,95
10/14/2024,DC-03,East,SKU-SKU-303,200,6,1262,1774,0,0,712,1218,95
10/21/2024,DC-03,East,SKU-SKU-303,582,6.3,1774,1822,0,0,630,1218,95
10/28/2024,DC-03,East,SKU-SKU-303,235,5.5,1822,2184,0,0,597,1218,95
11/4/2024,DC-03,East,SKU-SKU-303,175,6.3,2184,2009,0,0,0,1218,95
11/11/2024,DC-03,East,SKU-SKU-303,141,6.5,2009,1868,0,0,0,1218,95
11/18/2024,DC-03,East,SKU-SKU-303,125,6.8,1868,1743,0,0,0,1218,95
11/25/2024,DC-03,East,SKU-SKU-303,635,5.1,1743,1879,0,0,770,1218,95
12/2/2024,DC-03,East,SKU-SKU-303,544,7.2,1879,1335,0,0,0,1218,95
12/9/2024,DC-03,East,SKU-SKU-303,550,5,1335,1474,0,0,689,1218,95
12/16/2024,DC-03,East,SKU-SKU-303,543,5.9,1474,1643,0,0,713,1218,95
12/23/2024,DC-03,East,SKU-SKU-303,887,6.7,1643,1421,0,0,664,1218,95
12/30/2024,DC-03,East,SKU-SKU-303,715,6.2,1421,1295,0,0,589,1218,95
1/6/2025,DC-03,East,SKU-SKU-303,1022,6.4,1295,924,0,0,651,1218,95
1/13/2025,DC-03,East,SKU-SKU-303,606,6.5,924,915,0,0,597,1218,95
1/20/2025,DC-03,East,SKU-SKU-303,792,5.8,915,779,0,0,656,1218,95
1/27/2025,DC-03,East,SKU-SKU-303,701,5.1,779,860,0,0,781,1218,95
2/3/2025,DC-03,East,SKU-SKU-303,453,5.5,860,1124,0,0,718,1218,95
2/10/2025,DC-03,East,SKU-SKU-303,800,7,1124,952,0,0,628,1218,95
2/17/2025,DC-03,East,SKU-SKU-303,645,7.2,952,866,0,0,558,1218,95
2/24/2025,DC-03,East,SKU-SKU-303,603,5.9,866,992,0,0,729,1218,95
3/3/2025,DC-03,East,SKU-SKU-303,1069,7.4,992,735,1,77,735,1218,95
3/10/2025,DC-03,East,SKU-SKU-303,637,5.5,735,684,0,0,586,1218,95
3/17/2025,DC-03,East,SKU-SKU-303,583,6.3,684,890,0,0,789,1218,95
3/24/2025,DC-03,East,SKU-SKU-303,588,7.3,890,886,0,0,584,1218,95
3/31/2025,DC-03,East,SKU-SKU-303,0,6.8,886,1639,0,0,753,1218,95
4/7/2025,DC-03,East,SKU-SKU-303,282,6.5,1639,1960,0,0,603,1218,95
4/14/2025,DC-03,East,SKU-SKU-303,827,6.8,1960,1133,0,0,0,1218,95
4/21/2025,DC-03,East,SKU-SKU-303,644,6.4,1133,1061,0,0,572,1218,95
4/28/2025,DC-03,East,SKU-SKU-303,1787,6.9,1061,586,1,727,586,1218,95
5/5/2025,DC-03,East,SKU-SKU-303,528,6.3,586,701,0,0,642,1218,95
5/12/2025,DC-03,East,SKU-SKU-303,719,4.7,701,632,1,18,632,1218,95
5/19/2025,DC-03,East,SKU-SKU-303,603,6.1,632,588,0,0,558,1218,95
5/26/2025,DC-03,East,SKU-SKU-303,1150,6.8,588,740,1,562,740,1218,95
6/2/2025,DC-03,East,SKU-SKU-303,861,7.4,740,668,1,120,668,1218,95
6/9/2025,DC-03,East,SKU-SKU-303,723,6.5,668,646,1,55,646,1218,95
6/16/2025,DC-03,East,SKU-SKU-303,738,5.8,646,674,1,92,674,1218,95
6/23/2025,DC-03,East,SKU-SKU-303,427,7.1,674,885,0,0,639,1218,95
6/30/2025,DC-03,East,SKU-SKU-303,684,6.6,885,919,0,0,718,1218,95
7/7/2025,DC-03,East,SKU-SKU-303,940,5.6,919,696,1,21,696,1218,95
7/14/2025,DC-03,East,SKU-SKU-303,709,5.2,696,622,1,13,622,1218,95
7/21/2025,DC-03,East,SKU-SKU-303,0,5,622,1229,0,0,607,1218,95
7/28/2025,DC-03,East,SKU-SKU-303,167,7.4,1229,1842,0,0,780,1218,95
8/4/2025,DC-03,East,SKU-SKU-303,628,6.2,1842,1214,0,0,0,1218,95
8/11/2025,DC-03,East,SKU-SKU-303,506,6,1214,1337,0,0,629,1218,95
8/18/2025,DC-03,East,SKU-SKU-303,740,4.4,1337,1199,0,0,601,1218,95
8/25/2025,DC-03,East,SKU-SKU-303,410,6.5,1199,1533,0,0,744,1218,95
9/1/2025,DC-03,East,SKU-SKU-303,880,5.7,1533,1419,0,0,765,1218,95
9/8/2025,DC-03,East,SKU-SKU-303,91,6.6,1419,1996,0,0,668,1218,95
9/15/2025,DC-03,East,SKU-SKU-303,373,6.1,1996,1623,0,0,0,1218,95
9/22/2025,DC-03,East,SKU-SKU-303,648,6.2,1623,1665,0,0,691,1218,95
9/29/2025,DC-03,East,SKU-SKU-303,506,7,1665,1743,0,0,583,1218,95
10/6/2025,DC-03,East,SKU-SKU-303,547,5.6,1743,1884,0,0,687,1218,95
10/13/2025,DC-03,East,SKU-SKU-303,555,6.3,1884,1329,0,0,0,1218,95
10/20/2025,DC-03,East,SKU-SKU-303,796,6.6,1329,1296,0,0,763,1218,95
10/27/2025,DC-03,East,SKU-SKU-303,405,6.4,1296,1546,0,0,655,1218,95
11/3/2025,DC-03,East,SKU-SKU-303,356,8.4,1546,1942,0,0,752,1218,95
11/10/2025,DC-03,East,SKU-SKU-303,328,6,1942,1614,0,0,0,1218,95
11/17/2025,DC-03,East,SKU-SKU-303,813,7.4,1614,1453,0,0,652,1218,95
11/24/2025,DC-03,East,SKU-SKU-303,330,5.6,1453,1843,0,0,719,1218,95
12/1/2025,DC-03,East,SKU-SKU-303,242,6.5,1843,1601,0,0,0,1218,95
12/8/2025,DC-03,East,SKU-SKU-303,693,6.6,1601,1605,0,0,698,1218,95
12/15/2025,DC-03,East,SKU-SKU-303,256,6.3,1605,2007,0,0,658,1218,95
12/22/2025,DC-03,East,SKU-SKU-303,508,6.8,2007,1500,0,0,0,1218,95
12/29/2025,DC-03,East,SKU-SKU-303,580,6.8,1500,1598,0,0,679,1218,95
1/5/2026,DC-03,East,SKU-SKU-303,570,7.6,1598,1711,0,0,683,1218,95
1/12/2026,DC-03,East,SKU-SKU-303,739,6.3,1711,1659,0,0,687,1218,95
1/19/2026,DC-03,East,SKU-SKU-303,878,5.8,1659,1561,0,0,780,1218,95
1/26/2026,DC-03,East,SKU-SKU-303,856,5.3,1561,1418,0,0,712,1218,95
2/2/2026,DC-03,East,SKU-SKU-303,699,5.5,1418,1316,0,0,596,1218,95
2/9/2026,DC-03,East,SKU-SKU-303,454,6.6,1316,1432,0,0,570,1218,95
2/16/2026,DC-03,East,SKU-SKU-303,679,5.9,1432,1334,0,0,581,1218,95
2/23/2026,DC-03,East,SKU-SKU-303,658,6.7,1334,1446,0,0,770,1218,95
3/2/2026,DC-03,East,SKU-SKU-303,0,6.4,1446,2183,0,0,737,1218,95
3/9/2026,DC-03,East,SKU-SKU-303,398,6.1,2183,1786,0,0,0,1218,95
3/16/2026,DC-03,East,SKU-SKU-303,1035,5.6,1786,1395,0,0,644,1218,95
3/23/2026,DC-03,East,SKU-SKU-303,581,5.3,1395,1462,0,0,648,1218,95
3/30/2026,DC-03,East,SKU-SKU-303,682,8,1462,1522,0,0,742,1218,95
4/6/2026,DC-03,East,SKU-SKU-303,921,5.7,1522,1232,0,0,631,1218,95
4/13/2026,DC-03,East,SKU-SKU-303,845,4.5,1232,1167,0,0,781,1218,95
4/20/2026,DC-03,East,SKU-SKU-303,660,5.6,1167,1058,0,0,550,1218,95
4/27/2026,DC-03,East,SKU-SKU-303,515,6.6,1058,1138,0,0,595,1218,95
5/4/2026,DC-03,East,SKU-SKU-303,1145,7.6,1138,675,1,7,675,1218,95
5/11/2026,DC-03,East,SKU-SKU-303,825,7.6,675,572,1,151,572,1218,95
5/18/2026,DC-03,East,SKU-SKU-303,613,6.8,572,732,1,41,732,1218,95
5/25/2026,DC-03,East,SKU-SKU-303,724,6,732,792,0,0,784,1218,95
6/1/2026,DC-03,East,SKU-SKU-303,366,7.2,792,1194,0,0,767,1218,95
6/8/2026,DC-03,East,SKU-SKU-303,879,5.6,1194,990,0,0,676,1218,95
6/15/2026,DC-03,East,SKU-SKU-303,787,5.8,990,789,0,0,586,1218,95
6/22/2026,DC-03,East,SKU-SKU-303,1009,6.1,789,653,1,220,653,1218,95
6/29/2026,DC-03,East,SKU-SKU-303,373,7.4,653,835,0,0,555,1218,95
7/6/2026,DC-03,East,SKU-SKU-303,547,6.7,835,1019,0,0,730,1218,95
7/13/2026,DC-03,East,SKU-SKU-303,446,6.3,1019,1179,0,0,607,1218,95
7/20/2026,DC-03,East,SKU-SKU-303,608,6.4,1179,1359,0,0,787,1218,95
7/27/2026,DC-03,East,SKU-SKU-303,923,8,1359,1118,0,0,683,1218,95
8/3/2026,DC-03,East,SKU-SKU-303,806,6.4,1118,893,0,0,580,1218,95
8/10/2026,DC-03,East,SKU-SKU-303,559,6.9,893,990,0,0,657,1218,95
8/17/2026,DC-03,East,SKU-SKU-303,499,5.7,990,1089,0,0,598,1218,95
8/24/2026,DC-03,East,SKU-SKU-303,235,6.4,1089,1512,0,0,657,1218,95
9/2/2024,DC-03,East,SKU-SKU-401,291,6.5,888,597,0,0,0,592,95
9/9/2024,DC-03,East,SKU-SKU-401,333,5.3,597,566,0,0,302,592,95
9/16/2024,DC-03,East,SKU-SKU-401,285,5.5,566,634,0,0,353,592,95
9/23/2024,DC-03,East,SKU-SKU-401,252,6.9,634,752,0,0,370,592,95
9/30/2024,DC-03,East,SKU-SKU-401,213,6.3,752,829,0,0,290,592,95
10/7/2024,DC-03,East,SKU-SKU-401,284,6.6,829,858,0,0,313,592,95
10/14/2024,DC-03,East,SKU-SKU-401,355,6.6,858,861,0,0,359,592,95
10/21/2024,DC-03,East,SKU-SKU-401,231,6.2,861,932,0,0,301,592,95
10/28/2024,DC-03,East,SKU-SKU-401,150,5.9,932,782,0,0,0,592,95
11/4/2024,DC-03,East,SKU-SKU-401,295,5.7,782,852,0,0,365,592,95
11/11/2024,DC-03,East,SKU-SKU-401,292,5.5,852,926,0,0,366,592,95
11/18/2024,DC-03,East,SKU-SKU-401,252,6.5,926,674,0,0,0,592,95
11/25/2024,DC-03,East,SKU-SKU-401,242,5.6,674,791,0,0,360,592,95
12/2/2024,DC-03,East,SKU-SKU-401,279,6.8,791,836,0,0,323,592,95
12/9/2024,DC-03,East,SKU-SKU-401,316,6.7,836,821,0,0,301,592,95
12/16/2024,DC-03,East,SKU-SKU-401,289,5.4,821,825,0,0,293,592,95
12/23/2024,DC-03,East,SKU-SKU-401,315,6.1,825,841,0,0,332,592,95
12/30/2024,DC-03,East,SKU-SKU-401,310,5.9,841,830,0,0,299,592,95
1/6/2025,DC-03,East,SKU-SKU-401,326,5.9,830,836,0,0,332,592,95
1/13/2025,DC-03,East,SKU-SKU-401,393,7.8,836,710,0,0,267,592,95
1/20/2025,DC-03,East,SKU-SKU-401,306,6.3,710,719,0,0,315,592,95
1/27/2025,DC-03,East,SKU-SKU-401,397,7,719,598,0,0,276,592,95
2/3/2025,DC-03,East,SKU-SKU-401,304,6.6,598,676,0,0,383,592,95
2/10/2025,DC-03,East,SKU-SKU-401,358,6.7,676,678,0,0,360,592,95
2/17/2025,DC-03,East,SKU-SKU-401,346,6.6,678,668,0,0,336,592,95
2/24/2025,DC-03,East,SKU-SKU-401,357,6.2,668,592,0,0,281,592,95
3/3/2025,DC-03,East,SKU-SKU-401,301,5.1,592,639,0,0,347,592,95
3/10/2025,DC-03,East,SKU-SKU-401,309,5.1,639,622,0,0,291,592,95
3/17/2025,DC-03,East,SKU-SKU-401,329,7.9,622,658,0,0,365,592,95
3/24/2025,DC-03,East,SKU-SKU-401,305,5.9,658,714,0,0,361,592,95
3/31/2025,DC-03,East,SKU-SKU-401,355,7.8,714,636,0,0,277,592,95
4/7/2025,DC-03,East,SKU-SKU-401,383,6.5,636,531,0,0,278,592,95
4/14/2025,DC-03,East,SKU-SKU-401,213,5.7,531,670,0,0,351,592,95
4/21/2025,DC-03,East,SKU-SKU-401,228,7,670,740,0,0,298,592,95
4/28/2025,DC-03,East,SKU-SKU-401,278,5.3,740,765,0,0,303,592,95
5/5/2025,DC-03,East,SKU-SKU-401,326,5.2,765,762,0,0,323,592,95
5/12/2025,DC-03,East,SKU-SKU-401,448,7.1,762,670,0,0,356,592,95
5/19/2025,DC-03,East,SKU-SKU-401,346,6,670,623,0,0,298,592,95
5/26/2025,DC-03,East,SKU-SKU-401,243,5.8,623,695,0,0,315,592,95
6/2/2025,DC-03,East,SKU-SKU-401,405,6.6,695,567,0,0,278,592,95
6/9/2025,DC-03,East,SKU-SKU-401,173,6.7,567,729,0,0,334,592,95
6/16/2025,DC-03,East,SKU-SKU-401,251,6.3,729,786,0,0,309,592,95
6/23/2025,DC-03,East,SKU-SKU-401,324,6.1,786,752,0,0,290,592,95
6/30/2025,DC-03,East,SKU-SKU-401,292,7.4,752,762,0,0,303,592,95
7/7/2025,DC-03,East,SKU-SKU-401,288,7.4,762,856,0,0,382,592,95
7/14/2025,DC-03,East,SKU-SKU-401,435,5.7,856,711,0,0,290,592,95
7/21/2025,DC-03,East,SKU-SKU-401,311,5.5,711,678,0,0,278,592,95
7/28/2025,DC-03,East,SKU-SKU-401,188,6.1,678,865,0,0,374,592,95
8/4/2025,DC-03,East,SKU-SKU-401,248,5.9,865,989,0,0,373,592,95
8/11/2025,DC-03,East,SKU-SKU-401,249,6,989,740,0,0,0,592,95
8/18/2025,DC-03,East,SKU-SKU-401,230,5.5,740,805,0,0,295,592,95
8/25/2025,DC-03,East,SKU-SKU-401,311,5.8,805,797,0,0,303,592,95
9/1/2025,DC-03,East,SKU-SKU-401,262,7.7,797,804,0,0,269,592,95
9/8/2025,DC-03,East,SKU-SKU-401,291,5.5,804,821,0,0,308,592,95
9/15/2025,DC-03,East,SKU-SKU-401,376,7,821,785,0,0,340,592,95
9/22/2025,DC-03,East,SKU-SKU-401,294,6.9,785,765,0,0,274,592,95
9/29/2025,DC-03,East,SKU-SKU-401,196,6.2,765,943,0,0,374,592,95
10/6/2025,DC-03,East,SKU-SKU-401,267,6,943,675,0,0,0,592,95
10/13/2025,DC-03,East,SKU-SKU-401,301,5.2,675,702,0,0,328,592,95
10/20/2025,DC-03,East,SKU-SKU-401,166,7.2,702,911,0,0,375,592,95
10/27/2025,DC-03,East,SKU-SKU-401,249,6.9,911,662,0,0,0,592,95
11/3/2025,DC-03,East,SKU-SKU-401,276,6.3,662,706,0,0,321,592,95
11/10/2025,DC-03,East,SKU-SKU-401,253,5.6,706,734,0,0,281,592,95
11/17/2025,DC-03,East,SKU-SKU-401,277,6.6,734,780,0,0,322,592,95
11/24/2025,DC-03,East,SKU-SKU-401,262,6.5,780,821,0,0,302,592,95
12/1/2025,DC-03,East,SKU-SKU-401,131,5.8,821,1053,0,0,363,592,95
12/8/2025,DC-03,East,SKU-SKU-401,323,6.3,1053,729,0,0,0,592,95
12/15/2025,DC-03,East,SKU-SKU-401,257,6.2,729,795,0,0,322,592,95
12/22/2025,DC-03,East,SKU-SKU-401,272,6.7,795,832,0,0,309,592,95
12/29/2025,DC-03,East,SKU-SKU-401,279,6.7,832,868,0,0,315,592,95
1/5/2026,DC-03,East,SKU-SKU-401,283,6.7,868,907,0,0,323,592,95
1/12/2026,DC-03,East,SKU-SKU-401,298,8.1,907,609,0,0,0,592,95
1/19/2026,DC-03,East,SKU-SKU-401,281,7.1,609,712,0,0,385,592,95
1/26/2026,DC-03,East,SKU-SKU-401,403,6,712,624,0,0,314,592,95
2/2/2026,DC-03,East,SKU-SKU-401,338,6.2,624,613,0,0,327,592,95
2/9/2026,DC-03,East,SKU-SKU-401,240,6.2,613,658,0,0,285,592,95
2/16/2026,DC-03,East,SKU-SKU-401,318,5.4,658,623,0,0,283,592,95
2/23/2026,DC-03,East,SKU-SKU-401,354,5.6,623,573,0,0,303,592,95
3/2/2026,DC-03,East,SKU-SKU-401,345,6,573,547,0,0,320,592,95
3/9/2026,DC-03,East,SKU-SKU-401,403,6,547,434,0,0,290,592,95
3/16/2026,DC-03,East,SKU-SKU-401,381,5.8,434,439,0,0,385,592,95
3/23/2026,DC-03,East,SKU-SKU-401,297,6.8,439,454,0,0,313,592,95
3/30/2026,DC-03,East,SKU-SKU-401,374,5.3,454,350,0,0,269,592,95
4/6/2026,DC-03,East,SKU-SKU-401,340,6.9,350,392,0,0,382,592,95
4/13/2026,DC-03,East,SKU-SKU-401,253,7.2,392,451,0,0,313,592,95
4/20/2026,DC-03,East,SKU-SKU-401,261,6.6,451,507,0,0,317,592,95
4/27/2026,DC-03,East,SKU-SKU-401,286,7.6,507,550,0,0,329,592,95
5/4/2026,DC-03,East,SKU-SKU-401,200,6,550,712,0,0,362,592,95
5/11/2026,DC-03,East,SKU-SKU-401,171,6.8,712,924,0,0,384,592,95
5/18/2026,DC-03,East,SKU-SKU-401,344,6.2,924,581,0,0,0,592,95
5/25/2026,DC-03,East,SKU-SKU-401,286,6.1,581,678,0,0,384,592,95
6/1/2026,DC-03,East,SKU-SKU-401,174,6.3,678,840,0,0,336,592,95
6/8/2026,DC-03,East,SKU-SKU-401,219,7,840,899,0,0,277,592,95
6/15/2026,DC-03,East,SKU-SKU-401,263,5.3,899,636,0,0,0,592,95
6/22/2026,DC-03,East,SKU-SKU-401,255,6.6,636,706,0,0,325,592,95
6/29/2026,DC-03,East,SKU-SKU-401,239,5.7,706,812,0,0,345,592,95
7/6/2026,DC-03,East,SKU-SKU-401,293,6.3,812,824,0,0,305,592,95
7/13/2026,DC-03,East,SKU-SKU-401,200,6.9,824,898,0,0,275,592,95
7/20/2026,DC-03,East,SKU-SKU-401,189,7.2,898,710,0,0,0,592,95
7/27/2026,DC-03,East,SKU-SKU-401,119,6.5,710,862,0,0,272,592,95
8/3/2026,DC-03,East,SKU-SKU-401,289,5.3,862,905,0,0,333,592,95
8/10/2026,DC-03,East,SKU-SKU-401,242,5.7,905,664,0,0,0,592,95
8/17/2026,DC-03,East,SKU-SKU-401,229,6.8,664,777,0,0,342,592,95
8/24/2026,DC-03,East,SKU-SKU-401,277,6.8,777,835,0,0,336,592,95
9/2/2024,DC-03,East,SKU-SKU-402,512,5.3,1178,665,0,0,0,785,95
9/9/2024,DC-03,East,SKU-SKU-402,189,5.7,665,914,0,0,438,785,95
9/16/2024,DC-03,East,SKU-SKU-402,383,5.8,914,953,0,0,422,785,95
9/23/2024,DC-03,East,SKU-SKU-402,300,6.7,953,1161,0,0,507,785,95
9/30/2024,DC-03,East,SKU-SKU-402,290,6.9,1161,1356,0,0,485,785,95
10/7/2024,DC-03,East,SKU-SKU-402,339,6.4,1356,1018,0,0,0,785,95
10/14/2024,DC-03,East,SKU-SKU-402,345,6.5,1018,1095,0,0,423,785,95
10/21/2024,DC-03,East,SKU-SKU-402,134,6.4,1095,1367,0,0,406,785,95
10/28/2024,DC-03,East,SKU-SKU-402,302,6.9,1367,1065,0,0,0,785,95
11/4/2024,DC-03,East,SKU-SKU-402,381,7.4,1065,1140,0,0,456,785,95
11/11/2024,DC-03,East,SKU-SKU-402,298,5.3,1140,1308,0,0,467,785,95
11/18/2024,DC-03,East,SKU-SKU-402,283,5.4,1308,1025,0,0,0,785,95
11/25/2024,DC-03,East,SKU-SKU-402,367,7.2,1025,1012,0,0,354,785,95
12/2/2024,DC-03,East,SKU-SKU-402,348,5.7,1012,1159,0,0,494,785,95
12/9/2024,DC-03,East,SKU-SKU-402,254,5.2,1159,1275,0,0,370,785,95
12/16/2024,DC-03,East,SKU-SKU-402,330,5.8,1275,945,0,0,0,785,95
12/23/2024,DC-03,East,SKU-SKU-402,455,7.3,945,973,0,0,483,785,95
12/30/2024,DC-03,East,SKU-SKU-402,379,5.7,973,1102,0,0,508,785,95
1/6/2025,DC-03,East,SKU-SKU-402,440,7.1,1102,1087,0,0,426,785,95
1/13/2025,DC-03,East,SKU-SKU-402,414,4.9,1087,1115,0,0,441,785,95
1/20/2025,DC-03,East,SKU-SKU-402,300,7,1115,1215,0,0,400,785,95
1/27/2025,DC-03,East,SKU-SKU-402,432,7.4,1215,783,0,0,0,785,95
2/3/2025,DC-03,East,SKU-SKU-402,356,6,783,879,0,0,452,785,95
2/10/2025,DC-03,East,SKU-SKU-402,335,6.9,879,1048,0,0,505,785,95
2/17/2025,DC-03,East,SKU-SKU-402,485,6.8,1048,1034,0,0,471,785,95
2/24/2025,DC-03,East,SKU-SKU-402,423,6.3,1034,1047,0,0,435,785,95
3/3/2025,DC-03,East,SKU-SKU-402,528,7.1,1047,956,0,0,437,785,95
3/10/2025,DC-03,East,SKU-SKU-402,390,4.3,956,990,0,0,424,785,95
3/17/2025,DC-03,East,SKU-SKU-402,564,5.8,990,908,0,0,482,785,95
3/24/2025,DC-03,East,SKU-SKU-402,304,6.8,908,1101,0,0,496,785,95
3/31/2025,DC-03,East,SKU-SKU-402,406,7.8,1101,1054,0,0,360,785,95
4/7/2025,DC-03,East,SKU-SKU-402,513,7.7,1054,1034,0,0,493,785,95
4/14/2025,DC-03,East,SKU-SKU-402,507,6.3,1034,1004,0,0,478,785,95
4/21/2025,DC-03,East,SKU-SKU-402,379,6.4,1004,1103,0,0,477,785,95
4/28/2025,DC-03,East,SKU-SKU-402,449,7.2,1103,1129,0,0,475,785,95
5/5/2025,DC-03,East,SKU-SKU-402,367,6.7,1129,1198,0,0,436,785,95
5/12/2025,DC-03,East,SKU-SKU-402,444,6.4,1198,754,0,0,0,785,95
5/19/2025,DC-03,East,SKU-SKU-402,474,6.4,754,643,0,0,362,785,95
5/26/2025,DC-03,East,SKU-SKU-402,430,8,643,596,0,0,383,785,95
6/2/2025,DC-03,East,SKU-SKU-402,377,6.8,596,640,0,0,421,785,95
6/9/2025,DC-03,East,SKU-SKU-402,461,5.4,640,612,0,0,433,785,95
6/16/2025,DC-03,East,SKU-SKU-402,432,5.5,612,662,0,0,482,785,95
6/23/2025,DC-03,East,SKU-SKU-402,260,6.3,662,886,0,0,484,785,95
6/30/2025,DC-03,East,SKU-SKU-402,328,6.3,886,936,0,0,379,785,95
7/7/2025,DC-03,East,SKU-SKU-402,427,6.9,936,928,0,0,419,785,95
7/14/2025,DC-03,East,SKU-SKU-402,424,5.8,928,977,0,0,472,785,95
7/21/2025,DC-03,East,SKU-SKU-402,287,5.6,977,1104,0,0,415,785,95
7/28/2025,DC-03,East,SKU-SKU-402,441,5.7,1104,1022,0,0,359,785,95
8/4/2025,DC-03,East,SKU-SKU-402,295,5.4,1022,1234,0,0,507,785,95
8/11/2025,DC-03,East,SKU-SKU-402,427,5.7,1234,808,0,0,0,785,95
8/18/2025,DC-03,East,SKU-SKU-402,322,6.4,808,937,0,0,451,785,95
8/25/2025,DC-03,East,SKU-SKU-402,375,5.1,937,1061,0,0,500,785,95
9/1/2025,DC-03,East,SKU-SKU-402,314,6.6,1061,1197,0,0,451,785,95
9/8/2025,DC-03,East,SKU-SKU-402,264,6.2,1197,934,0,0,0,785,95
9/15/2025,DC-03,East,SKU-SKU-402,372,6.2,934,958,0,0,397,785,95
9/22/2025,DC-03,East,SKU-SKU-402,387,4.9,958,1066,0,0,495,785,95
9/29/2025,DC-03,East,SKU-SKU-402,336,6.3,1066,1171,0,0,441,785,95
10/6/2025,DC-03,East,SKU-SKU-402,394,6.5,1171,1208,0,0,431,785,95
10/13/2025,DC-03,East,SKU-SKU-402,339,6.7,1208,869,0,0,0,785,95
10/20/2025,DC-03,East,SKU-SKU-402,329,7,869,908,0,0,368,785,95
10/27/2025,DC-03,East,SKU-SKU-402,348,5.7,908,965,0,0,405,785,95
11/3/2025,DC-03,East,SKU-SKU-402,448,6.5,965,913,0,0,397,785,95
11/10/2025,DC-03,East,SKU-SKU-402,418,5.7,913,995,0,0,500,785,95
11/17/2025,DC-03,East,SKU-SKU-402,371,6,995,1061,0,0,437,785,95
11/24/2025,DC-03,East,SKU-SKU-402,351,6.2,1061,1207,0,0,497,785,95
12/1/2025,DC-03,East,SKU-SKU-402,466,6.8,1207,741,0,0,0,785,95
12/8/2025,DC-03,East,SKU-SKU-402,434,7.1,741,665,0,0,358,785,95
12/15/2025,DC-03,East,SKU-SKU-402,400,6.2,665,697,0,0,432,785,95
12/22/2025,DC-03,East,SKU-SKU-402,368,6.2,697,685,0,0,356,785,95
12/29/2025,DC-03,East,SKU-SKU-402,350,4.4,685,728,0,0,394,785,95
1/5/2026,DC-03,East,SKU-SKU-402,512,6.7,728,611,0,0,395,785,95
1/12/2026,DC-03,East,SKU-SKU-402,323,5.6,611,717,0,0,429,785,95
1/19/2026,DC-03,East,SKU-SKU-402,447,5.7,717,695,0,0,425,785,95
1/26/2026,DC-03,East,SKU-SKU-402,268,5.9,695,828,0,0,401,785,95
2/2/2026,DC-03,East,SKU-SKU-402,342,5.3,828,928,0,0,442,785,95
2/9/2026,DC-03,East,SKU-SKU-402,358,6,928,1059,0,0,489,785,95
2/16/2026,DC-03,East,SKU-SKU-402,519,6.9,1059,904,0,0,364,785,95
2/23/2026,DC-03,East,SKU-SKU-402,316,5.6,904,955,0,0,366,785,95
3/2/2026,DC-03,East,SKU-SKU-402,497,5.8,955,875,0,0,417,785,95
3/9/2026,DC-03,East,SKU-SKU-402,342,6.2,875,1041,0,0,508,785,95
3/16/2026,DC-03,East,SKU-SKU-402,471,5.9,1041,1027,0,0,457,785,95
3/23/2026,DC-03,East,SKU-SKU-402,446,4.9,1027,1014,0,0,434,785,95
3/30/2026,DC-03,East,SKU-SKU-402,525,6.3,1014,955,0,0,466,785,95
4/6/2026,DC-03,East,SKU-SKU-402,421,6.5,955,911,0,0,377,785,95
4/13/2026,DC-03,East,SKU-SKU-402,490,7,911,888,0,0,467,785,95
4/20/2026,DC-03,East,SKU-SKU-402,392,6.7,888,916,0,0,420,785,95
4/27/2026,DC-03,East,SKU-SKU-402,439,8.3,916,970,0,0,493,785,95
5/4/2026,DC-03,East,SKU-SKU-402,456,5.3,970,901,0,0,388,785,95
5/11/2026,DC-03,East,SKU-SKU-402,438,6.3,901,971,0,0,508,785,95
5/18/2026,DC-03,East,SKU-SKU-402,415,7.1,971,1004,0,0,447,785,95
5/25/2026,DC-03,East,SKU-SKU-402,407,5.2,1004,1103,0,0,506,785,95
6/1/2026,DC-03,East,SKU-SKU-402,489,6,1103,1057,0,0,443,785,95
6/8/2026,DC-03,East,SKU-SKU-402,416,5.5,1057,1122,0,0,481,785,95
6/15/2026,DC-03,East,SKU-SKU-402,331,7,1122,1183,0,0,392,785,95
6/22/2026,DC-03,East,SKU-SKU-402,300,6.5,1183,883,0,0,0,785,95
6/29/2026,DC-03,East,SKU-SKU-402,420,5.8,883,834,0,0,371,785,95
7/6/2026,DC-03,East,SKU-SKU-402,490,5.3,834,808,0,0,464,785,95
7/13/2026,DC-03,East,SKU-SKU-402,402,8.1,808,871,0,0,465,785,95
7/20/2026,DC-03,East,SKU-SKU-402,258,5.4,871,1101,0,0,488,785,95
7/27/2026,DC-03,East,SKU-SKU-402,364,5,1101,1178,0,0,442,785,95
8/3/2026,DC-03,East,SKU-SKU-402,371,6,1178,807,0,0,0,785,95
8/10/2026,DC-03,East,SKU-SKU-402,427,6.7,807,749,0,0,369,785,95
8/17/2026,DC-03,East,SKU-SKU-402,522,5.6,749,686,0,0,458,785,95
8/24/2026,DC-03,East,SKU-SKU-402,301,6.8,686,768,0,0,383,785,95
9/2/2024,DC-03,East,SKU-SKU-403,73,6.7,671,597,0,0,0,447,95
9/9/2024,DC-03,East,SKU-SKU-403,385,5.5,597,499,0,0,287,447,95
9/16/2024,DC-03,East,SKU-SKU-403,268,7.3,499,476,0,0,246,447,95
9/23/2024,DC-03,East,SKU-SKU-403,176,6.2,476,565,0,0,265,447,95
9/30/2024,DC-03,East,SKU-SKU-403,92,5.8,565,719,0,0,245,447,95
10/7/2024,DC-03,East,SKU-SKU-403,36,5.5,719,683,0,0,0,447,95
10/14/2024,DC-03,East,SKU-SKU-403,25,5.8,683,658,0,0,0,447,95
10/21/2024,DC-03,East,SKU-SKU-403,155,6.1,658,762,0,0,258,447,95
10/28/2024,DC-03,East,SKU-SKU-403,282,6.2,762,479,0,0,0,447,95
11/4/2024,DC-03,East,SKU-SKU-403,107,5.4,479,632,0,0,259,447,95
11/11/2024,DC-03,East,SKU-SKU-403,419,6.5,632,424,0,0,212,447,95
11/18/2024,DC-03,East,SKU-SKU-403,0,5.6,424,653,0,0,230,447,95
11/25/2024,DC-03,East,SKU-SKU-403,193,6.6,653,745,0,0,284,447,95
12/2/2024,DC-03,East,SKU-SKU-403,296,7,745,449,0,0,0,447,95
12/9/2024,DC-03,East,SKU-SKU-403,189,5.9,449,547,0,0,287,447,95
12/16/2024,DC-03,East,SKU-SKU-403,396,6.9,547,376,0,0,226,447,95
12/23/2024,DC-03,East,SKU-SKU-403,229,7.1,376,424,0,0,277,447,95
12/30/2024,DC-03,East,SKU-SKU-403,258,6.2,424,420,0,0,255,447,95
1/6/2025,DC-03,East,SKU-SKU-403,197,6.8,420,429,0,0,205,447,95
1/13/2025,DC-03,East,SKU-SKU-403,111,5.4,429,539,0,0,221,447,95
1/20/2025,DC-03,East,SKU-SKU-403,313,7.3,539,443,0,0,217,447,95
1/27/2025,DC-03,East,SKU-SKU-403,258,6.1,443,414,0,0,229,447,95
2/3/2025,DC-03,East,SKU-SKU-403,317,5.7,414,330,0,0,232,447,95
2/10/2025,DC-03,East,SKU-SKU-403,267,6.3,330,280,0,0,217,447,95
2/17/2025,DC-03,East,SKU-SKU-403,328,5.7,280,263,1,48,263,447,95
2/24/2025,DC-03,East,SKU-SKU-403,66,6.3,263,486,0,0,290,447,95
3/3/2025,DC-03,East,SKU-SKU-403,231,6.3,486,491,0,0,237,447,95
3/10/2025,DC-03,East,SKU-SKU-403,258,5.4,491,463,0,0,230,447,95
3/17/2025,DC-03,East,SKU-SKU-403,229,7.5,463,453,0,0,219,447,95
3/24/2025,DC-03,East,SKU-SKU-403,127,7.3,453,605,0,0,279,447,95
3/31/2025,DC-03,East,SKU-SKU-403,307,5.8,605,566,0,0,269,447,95
4/7/2025,DC-03,East,SKU-SKU-403,434,5.4,566,359,0,0,227,447,95
4/14/2025,DC-03,East,SKU-SKU-403,301,6,359,348,0,0,289,447,95
4/21/2025,DC-03,East,SKU-SKU-403,122,5.3,348,462,0,0,237,447,95
4/28/2025,DC-03,East,SKU-SKU-403,456,7.3,462,275,0,0,269,447,95
5/5/2025,DC-03,East,SKU-SKU-403,322,6.4,275,271,1,47,271,447,95
5/12/2025,DC-03,East,SKU-SKU-403,250,6.1,271,253,0,0,232,447,95
5/19/2025,DC-03,East,SKU-SKU-403,246,5.7,253,266,0,0,259,447,95
5/26/2025,DC-03,East,SKU-SKU-403,291,5.1,266,230,1,25,230,447,95
6/2/2025,DC-03,East,SKU-SKU-403,234,5.4,230,273,1,5,273,447,95
6/9/2025,DC-03,East,SKU-SKU-403,328,6.1,273,284,1,56,284,447,95
6/16/2025,DC-03,East,SKU-SKU-403,316,5,284,255,1,32,255,447,95
6/23/2025,DC-03,East,SKU-SKU-403,67,5.8,255,466,0,0,278,447,95
6/30/2025,DC-03,East,SKU-SKU-403,428,4.3,466,308,0,0,270,447,95
7/7/2025,DC-03,East,SKU-SKU-403,169,6.3,308,402,0,0,263,447,95
7/14/2025,DC-03,East,SKU-SKU-403,185,5.5,402,484,0,0,267,447,95
7/21/2025,DC-03,East,SKU-SKU-403,58,6.2,484,680,0,0,255,447,95
7/28/2025,DC-03,East,SKU-SKU-403,293,5.4,680,387,0,0,0,447,95
8/4/2025,DC-03,East,SKU-SKU-403,346,6.5,387,304,0,0,263,447,95
8/11/2025,DC-03,East,SKU-SKU-403,289,7.3,304,268,0,0,253,447,95
8/18/2025,DC-03,East,SKU-SKU-403,143,5.9,268,341,0,0,216,447,95
8/25/2025,DC-03,East,SKU-SKU-403,294,6.8,341,280,0,0,232,447,95
9/1/2025,DC-03,East,SKU-SKU-403,407,5.7,280,249,1,127,249,447,95
9/8/2025,DC-03,East,SKU-SKU-403,171,5.5,249,327,0,0,249,447,95
9/15/2025,DC-03,East,SKU-SKU-403,199,6.8,327,352,0,0,224,447,95
9/22/2025,DC-03,East,SKU-SKU-403,216,7.7,352,416,0,0,280,447,95
9/29/2025,DC-03,East,SKU-SKU-403,4,7,416,677,0,0,265,447,95
10/6/2025,DC-03,East,SKU-SKU-403,32,5.4,677,645,0,0,0,447,95
10/13/2025,DC-03,East,SKU-SKU-403,135,5.6,645,719,0,0,209,447,95
10/20/2025,DC-03,East,SKU-SKU-403,160,6.2,719,559,0,0,0,447,95
10/27/2025,DC-03,East,SKU-SKU-403,340,7.9,559,487,0,0,268,447,95
11/3/2025,DC-03,East,SKU-SKU-403,211,7.1,487,509,0,0,233,447,95
11/10/2025,DC-03,East,SKU-SKU-403,37,6.3,509,722,0,0,250,447,95
11/17/2025,DC-03,East,SKU-SKU-403,110,5.8,722,612,0,0,0,447,95
11/24/2025,DC-03,East,SKU-SKU-403,314,5.9,612,520,0,0,221,447,95
12/1/2025,DC-03,East,SKU-SKU-403,405,6.5,520,321,0,0,206,447,95
12/8/2025,DC-03,East,SKU-SKU-403,290,6.6,321,282,0,0,252,447,95
12/15/2025,DC-03,East,SKU-SKU-403,231,6.9,282,303,0,0,252,447,95
12/22/2025,DC-03,East,SKU-SKU-403,124,6.9,303,393,0,0,214,447,95
12/29/2025,DC-03,East,SKU-SKU-403,192,5.1,393,420,0,0,219,447,95
1/5/2026,DC-03,East,SKU-SKU-403,294,6,420,345,0,0,219,447,95
1/12/2026,DC-03,East,SKU-SKU-403,362,7,345,227,1,17,227,447,95
1/19/2026,DC-03,East,SKU-SKU-403,132,5.9,227,323,0,0,229,447,95
1/26/2026,DC-03,East,SKU-SKU-403,96,7.7,323,460,0,0,233,447,95
2/2/2026,DC-03,East,SKU-SKU-403,368,5.6,460,361,0,0,269,447,95
2/9/2026,DC-03,East,SKU-SKU-403,183,4.9,361,451,0,0,272,447,95
2/16/2026,DC-03,East,SKU-SKU-403,395,8.1,451,270,0,0,214,447,95
2/23/2026,DC-03,East,SKU-SKU-403,207,7,270,347,0,0,284,447,95
3/2/2026,DC-03,East,SKU-SKU-403,188,6.2,347,403,0,0,244,447,95
3/9/2026,DC-03,East,SKU-SKU-403,157,7.5,403,512,0,0,265,447,95
3/16/2026,DC-03,East,SKU-SKU-403,322,5.7,512,404,0,0,214,447,95
3/23/2026,DC-03,East,SKU-SKU-403,298,6.4,404,380,0,0,275,447,95
3/30/2026,DC-03,East,SKU-SKU-403,358,6.4,380,288,0,0,266,447,95
4/6/2026,DC-03,East,SKU-SKU-403,360,6.4,288,236,1,72,236,447,95
4/13/2026,DC-03,East,SKU-SKU-403,284,5,236,221,1,48,221,447,95
4/20/2026,DC-03,East,SKU-SKU-403,273,5.5,221,207,1,52,207,447,95
4/27/2026,DC-03,East,SKU-SKU-403,106,6.2,207,333,0,0,232,447,95
5/4/2026,DC-03,East,SKU-SKU-403,150,6.3,333,434,0,0,251,447,95
5/11/2026,DC-03,East,SKU-SKU-403,71,6.8,434,620,0,0,257,447,95
5/18/2026,DC-03,East,SKU-SKU-403,251,6.5,620,644,0,0,275,447,95
5/25/2026,DC-03,East,SKU-SKU-403,102,6.4,644,785,0,0,243,447,95
6/1/2026,DC-03,East,SKU-SKU-403,272,5.2,785,514,0,0,0,447,95
6/8/2026,DC-03,East,SKU-SKU-403,565,5.4,514,286,1,51,286,447,95
6/15/2026,DC-03,East,SKU-SKU-403,427,5.7,286,249,1,141,249,447,95
6/22/2026,DC-03,East,SKU-SKU-403,355,7.6,249,203,1,107,203,447,95
6/29/2026,DC-03,East,SKU-SKU-403,304,7.7,203,276,1,101,276,447,95
7/6/2026,DC-03,East,SKU-SKU-403,248,6,276,248,0,0,221,447,95
7/13/2026,DC-03,East,SKU-SKU-403,317,7.2,248,211,1,69,211,447,95
7/20/2026,DC-03,East,SKU-SKU-403,273,6.1,211,263,1,62,263,447,95
7/27/2026,DC-03,East,SKU-SKU-403,268,8.1,263,234,1,5,234,447,95
8/3/2026,DC-03,East,SKU-SKU-403,132,6.2,234,316,0,0,214,447,95
8/10/2026,DC-03,East,SKU-SKU-403,367,7.1,316,215,1,51,215,447,95
8/17/2026,DC-03,East,SKU-SKU-403,269,6.2,215,236,1,54,236,447,95
8/24/2026,DC-03,East,SKU-SKU-403,311,4.3,236,238,1,75,238,447,95
9/2/2024,DC-03,East,SKU-501,100,5.8,554,453,0,0,0,369,95
9/9/2024,DC-03,East,SKU-501,34,7.3,453,650,0,0,231,369,95
9/16/2024,DC-03,East,SKU-501,226,6.4,650,424,0,0,0,369,95
9/23/2024,DC-03,East,SKU-501,264,5.8,424,399,0,0,239,369,95
9/30/2024,DC-03,East,SKU-501,127,5.9,399,463,0,0,190,369,95
10/7/2024,DC-03,East,SKU-501,278,7.2,463,378,0,0,194,369,95
10/14/2024,DC-03,East,SKU-501,64,5.5,378,485,0,0,171,369,95
10/21/2024,DC-03,East,SKU-501,258,6.8,485,401,0,0,175,369,95
10/28/2024,DC-03,East,SKU-501,144,5.8,401,425,0,0,168,369,95
11/4/2024,DC-03,East,SKU-501,314,6.2,425,344,0,0,233,369,95
11/11/2024,DC-03,East,SKU-501,89,6.9,344,434,0,0,179,369,95
11/18/2024,DC-03,East,SKU-501,112,6.8,434,500,0,0,179,369,95
11/25/2024,DC-03,East,SKU-501,158,5.5,500,554,0,0,212,369,95
12/2/2024,DC-03,East,SKU-501,228,6.6,554,326,0,0,0,369,95
12/9/2024,DC-03,East,SKU-501,198,6.2,326,315,0,0,187,369,95
12/16/2024,DC-03,East,SKU-501,188,6.8,315,314,0,0,187,369,95
12/23/2024,DC-03,East,SKU-501,138,7,314,380,0,0,203,369,95
12/30/2024,DC-03,East,SKU-501,190,5.9,380,424,0,0,235,369,95
1/6/2025,DC-03,East,SKU-501,205,5.3,424,399,0,0,180,369,95
1/13/2025,DC-03,East,SKU-501,159,6.1,399,464,0,0,224,369,95
1/20/2025,DC-03,East,SKU-501,105,7.6,464,590,0,0,231,369,95
1/27/2025,DC-03,East,SKU-501,238,7,590,351,0,0,0,369,95
2/3/2025,DC-03,East,SKU-501,324,6.4,351,249,0,0,221,369,95
2/10/2025,DC-03,East,SKU-501,122,6.6,249,351,0,0,224,369,95
2/17/2025,DC-03,East,SKU-501,316,5.8,351,206,0,0,171,369,95
2/24/2025,DC-03,East,SKU-501,139,8.1,206,247,0,0,180,369,95
3/3/2025,DC-03,East,SKU-501,144,6,247,292,0,0,188,369,95
3/10/2025,DC-03,East,SKU-501,96,6.2,292,402,0,0,206,369,95
3/17/2025,DC-03,East,SKU-501,217,6.1,402,354,0,0,169,369,95
3/24/2025,DC-03,East,SKU-501,185,6.5,354,343,0,0,174,369,95
3/31/2025,DC-03,East,SKU-501,188,5.7,343,327,0,0,172,369,95
4/7/2025,DC-03,East,SKU-501,336,7.7,327,203,1,9,203,369,95
4/14/2025,DC-03,East,SKU-501,219,6.1,203,237,1,15,237,369,95
4/21/2025,DC-03,East,SKU-501,208,5.2,237,229,0,0,200,369,95
4/28/2025,DC-03,East,SKU-501,175,7.1,229,249,0,0,195,369,95
5/5/2025,DC-03,East,SKU-501,141,7.1,249,285,0,0,176,369,95
5/12/2025,DC-03,East,SKU-501,137,6.8,285,318,0,0,171,369,95
5/19/2025,DC-03,East,SKU-501,53,6.4,318,491,0,0,225,369,95
5/26/2025,DC-03,East,SKU-501,143,6.1,491,568,0,0,220,369,95
6/2/2025,DC-03,East,SKU-501,179,6.5,568,390,0,0,0,369,95
6/9/2025,DC-03,East,SKU-501,136,6.1,390,485,0,0,231,369,95
6/16/2025,DC-03,East,SKU-501,219,6.8,485,472,0,0,206,369,95
6/23/2025,DC-03,East,SKU-501,166,5.1,472,495,0,0,190,369,95
6/30/2025,DC-03,East,SKU-501,268,5.6,495,465,0,0,238,369,95
7/7/2025,DC-03,East,SKU-501,103,6.8,465,596,0,0,235,369,95
7/14/2025,DC-03,East,SKU-501,285,4.5,596,312,0,0,0,369,95
7/21/2025,DC-03,East,SKU-501,119,7.6,312,416,0,0,223,369,95
7/28/2025,DC-03,East,SKU-501,205,5.7,416,430,0,0,219,369,95
8/4/2025,DC-03,East,SKU-501,246,6.3,430,414,0,0,230,369,95
8/11/2025,DC-03,East,SKU-501,174,6.9,414,460,0,0,220,369,95
8/18/2025,DC-03,East,SKU-501,194,6.9,460,487,0,0,222,369,95
8/25/2025,DC-03,East,SKU-501,125,7.3,487,538,0,0,176,369,95
9/1/2025,DC-03,East,SKU-501,121,7,538,626,0,0,210,369,95
9/8/2025,DC-03,East,SKU-501,111,7.6,626,516,0,0,0,369,95
9/15/2025,DC-03,East,SKU-501,81,6.3,516,665,0,0,231,369,95
9/22/2025,DC-03,East,SKU-501,87,5.1,665,579,0,0,0,369,95
9/29/2025,DC-03,East,SKU-501,35,6.1,579,544,0,0,0,369,95
10/6/2025,DC-03,East,SKU-501,191,6.2,544,591,0,0,238,369,95
10/13/2025,DC-03,East,SKU-501,78,6.3,591,513,0,0,0,369,95
10/20/2025,DC-03,East,SKU-501,112,6,513,588,0,0,188,369,95
10/27/2025,DC-03,East,SKU-501,134,6.2,588,454,0,0,0,369,95
11/3/2025,DC-03,East,SKU-501,80,7.1,454,565,0,0,190,369,95
11/10/2025,DC-03,East,SKU-501,175,6.2,565,390,0,0,0,369,95
11/17/2025,DC-03,East,SKU-501,151,7,390,418,0,0,179,369,95
11/24/2025,DC-03,East,SKU-501,208,6,418,427,0,0,217,369,95
12/1/2025,DC-03,East,SKU-501,166,6.4,427,500,0,0,239,369,95
12/8/2025,DC-03,East,SKU-501,115,5.8,500,576,0,0,190,369,95
12/15/2025,DC-03,East,SKU-501,60,7,576,516,0,0,0,369,95
12/22/2025,DC-03,East,SKU-501,286,5.7,516,414,0,0,185,369,95
12/29/2025,DC-03,East,SKU-501,254,6.2,414,356,0,0,195,369,95
1/5/2026,DC-03,East,SKU-501,250,7.2,356,275,0,0,169,369,95
1/12/2026,DC-03,East,SKU-501,154,6.6,275,358,0,0,237,369,95
1/19/2026,DC-03,East,SKU-501,130,5.8,358,415,0,0,188,369,95
1/26/2026,DC-03,East,SKU-501,114,7.5,415,528,0,0,227,369,95
2/2/2026,DC-03,East,SKU-501,206,4.9,528,543,0,0,221,369,95
2/9/2026,DC-03,East,SKU-501,209,7.4,543,524,0,0,189,369,95
2/16/2026,DC-03,East,SKU-501,366,5.4,524,359,0,0,201,369,95
2/23/2026,DC-03,East,SKU-501,46,6,359,527,0,0,214,369,95
3/2/2026,DC-03,East,SKU-501,211,5.9,527,484,0,0,168,369,95
3/9/2026,DC-03,East,SKU-501,177,7.4,484,522,0,0,215,369,95
3/16/2026,DC-03,East,SKU-501,124,6.6,522,575,0,0,176,369,95
3/23/2026,DC-03,East,SKU-501,59,7.4,575,516,0,0,0,369,95
3/30/2026,DC-03,East,SKU-501,145,6.4,516,568,0,0,197,369,95
4/6/2026,DC-03,East,SKU-501,213,6.9,568,355,0,0,0,369,95
4/13/2026,DC-03,East,SKU-501,268,6.4,355,308,0,0,221,369,95
4/20/2026,DC-03,East,SKU-501,216,7.2,308,259,0,0,167,369,95
4/27/2026,DC-03,East,SKU-501,111,7.2,259,336,0,0,188,369,95
5/4/2026,DC-03,East,SKU-501,264,5.9,336,264,0,0,191,369,95
5/11/2026,DC-03,East,SKU-501,186,5.8,264,311,0,0,233,369,95
5/18/2026,DC-03,East,SKU-501,148,5,311,338,0,0,174,369,95
5/25/2026,DC-03,East,SKU-501,159,6.5,338,356,0,0,177,369,95
6/1/2026,DC-03,East,SKU-501,239,7,356,287,0,0,171,369,95
6/8/2026,DC-03,East,SKU-501,232,7,287,254,0,0,200,369,95
6/15/2026,DC-03,East,SKU-501,147,6.8,254,346,0,0,238,369,95
6/22/2026,DC-03,East,SKU-501,101,5,346,465,0,0,220,369,95
6/29/2026,DC-03,East,SKU-501,253,6.9,465,378,0,0,166,369,95
7/6/2026,DC-03,East,SKU-501,148,6.1,378,454,0,0,224,369,95
7/13/2026,DC-03,East,SKU-501,221,5.5,454,423,0,0,190,369,95
7/20/2026,DC-03,East,SKU-501,243,6.9,423,381,0,0,201,369,95
7/27/2026,DC-03,East,SKU-501,218,6.2,381,375,0,0,212,369,95
8/3/2026,DC-03,East,SKU-501,158,7.1,375,457,0,0,240,369,95
8/10/2026,DC-03,East,SKU-501,218,5.9,457,474,0,0,235,369,95
8/17/2026,DC-03,East,SKU-501,109,5.9,474,563,0,0,197,369,95
8/24/2026,DC-03,East,SKU-501,163,6.2,563,400,0,0,0,369,95
9/2/2024,DC-03,East,SKU-502,371,5.5,996,625,0,0,0,664,95
9/9/2024,DC-03,East,SKU-502,290,6,625,735,0,0,400,664,95
9/16/2024,DC-03,East,SKU-502,347,6.8,735,802,0,0,414,664,95
9/23/2024,DC-03,East,SKU-502,351,6,802,862,0,0,410,664,95
9/30/2024,DC-03,East,SKU-502,325,6.9,862,848,0,0,311,664,95
10/7/2024,DC-03,East,SKU-502,311,7,848,870,0,0,333,664,95
10/14/2024,DC-03,East,SKU-502,258,5.5,870,958,0,0,346,664,95
10/21/2024,DC-03,East,SKU-502,215,5.6,958,1126,0,0,383,664,95
10/28/2024,DC-03,East,SKU-502,231,7.7,1126,896,0,0,0,664,95
11/4/2024,DC-03,East,SKU-502,221,6.4,896,1016,0,0,341,664,95
11/11/2024,DC-03,East,SKU-502,226,5.7,1016,790,0,0,0,664,95
11/18/2024,DC-03,East,SKU-502,311,5.8,790,888,0,0,409,664,95
11/25/2024,DC-03,East,SKU-502,296,6.4,888,938,0,0,345,664,95
12/2/2024,DC-03,East,SKU-502,261,6.3,938,978,0,0,301,664,95
12/9/2024,DC-03,East,SKU-502,265,6.9,978,1144,0,0,431,664,95
12/16/2024,DC-03,East,SKU-502,243,6.8,1144,901,0,0,0,664,95
12/23/2024,DC-03,East,SKU-502,246,7.6,901,1015,0,0,360,664,95
12/30/2024,DC-03,East,SKU-502,431,7,1015,584,0,0,0,664,95
1/6/2025,DC-03,East,SKU-502,246,6.3,584,669,0,0,331,664,95
1/13/2025,DC-03,East,SKU-502,299,5.9,669,764,0,0,394,664,95
1/20/2025,DC-03,East,SKU-502,311,6.1,764,773,0,0,320,664,95
1/27/2025,DC-03,East,SKU-502,273,5.9,773,800,0,0,300,664,95
2/3/2025,DC-03,East,SKU-502,409,8.2,800,802,0,0,411,664,95
2/10/2025,DC-03,East,SKU-502,312,5.9,802,912,0,0,422,664,95
2/17/2025,DC-03,East,SKU-502,450,7.6,912,859,0,0,397,664,95
2/24/2025,DC-03,East,SKU-502,436,5.3,859,758,0,0,335,664,95
3/3/2025,DC-03,East,SKU-502,438,5.7,758,689,0,0,369,664,95
3/10/2025,DC-03,East,SKU-502,498,7.5,689,514,0,0,323,664,95
3/17/2025,DC-03,East,SKU-502,268,5.1,514,648,0,0,403,664,95
3/24/2025,DC-03,East,SKU-502,410,6.5,648,611,0,0,373,664,95
3/31/2025,DC-03,East,SKU-502,378,7.1,611,553,0,0,319,664,95
4/7/2025,DC-03,East,SKU-502,324,6.4,553,550,0,0,321,664,95
4/14/2025,DC-03,East,SKU-502,356,6.5,550,528,0,0,335,664,95
4/21/2025,DC-03,East,SKU-502,288,6.1,528,563,0,0,323,664,95
4/28/2025,DC-03,East,SKU-502,349,7.8,563,612,0,0,398,664,95
5/5/2025,DC-03,East,SKU-502,395,6.7,612,616,0,0,398,664,95
5/12/2025,DC-03,East,SKU-502,320,5.5,616,712,0,0,416,664,95
5/19/2025,DC-03,East,SKU-502,225,6.3,712,879,0,0,392,664,95
5/26/2025,DC-03,East,SKU-502,377,6.7,879,888,0,0,386,664,95
6/2/2025,DC-03,East,SKU-502,279,5.3,888,986,0,0,377,664,95
6/9/2025,DC-03,East,SKU-502,362,6.5,986,1053,0,0,429,664,95
6/16/2025,DC-03,East,SKU-502,449,6.5,1053,604,0,0,0,664,95
6/23/2025,DC-03,East,SKU-502,301,5.7,604,681,0,0,378,664,95
6/30/2025,DC-03,East,SKU-502,398,6.9,681,599,0,0,317,664,95
7/7/2025,DC-03,East,SKU-502,381,6.9,599,591,0,0,373,664,95
7/14/2025,DC-03,East,SKU-502,381,7.3,591,553,0,0,344,664,95
7/21/2025,DC-03,East,SKU-502,343,6.7,553,522,0,0,311,664,95
7/28/2025,DC-03,East,SKU-502,185,6.5,522,638,0,0,301,664,95
8/4/2025,DC-03,East,SKU-502,275,5.2,638,738,0,0,375,664,95
8/11/2025,DC-03,East,SKU-502,283,5.5,738,865,0,0,411,664,95
8/18/2025,DC-03,East,SKU-502,225,6.1,865,940,0,0,299,664,95
8/25/2025,DC-03,East,SKU-502,317,4.9,940,1041,0,0,418,664,95
9/1/2025,DC-03,East,SKU-502,190,6,1041,850,0,0,0,664,95
9/8/2025,DC-03,East,SKU-502,309,6.1,850,869,0,0,328,664,95
9/15/2025,DC-03,East,SKU-502,253,7.5,869,923,0,0,308,664,95
9/22/2025,DC-03,East,SKU-502,431,6.3,923,885,0,0,393,664,95
9/29/2025,DC-03,East,SKU-502,258,6.4,885,938,0,0,311,664,95
10/6/2025,DC-03,East,SKU-502,326,6.7,938,955,0,0,343,664,95
10/13/2025,DC-03,East,SKU-502,338,6.4,955,946,0,0,330,664,95
10/20/2025,DC-03,East,SKU-502,350,7.1,946,1012,0,0,416,664,95
10/27/2025,DC-03,East,SKU-502,211,7.3,1012,802,0,0,0,664,95
11/3/2025,DC-03,East,SKU-502,341,7.6,802,850,0,0,389,664,95
11/10/2025,DC-03,East,SKU-502,320,6.3,850,936,0,0,406,664,95
11/17/2025,DC-03,East,SKU-502,203,6.1,936,1059,0,0,327,664,95
11/24/2025,DC-03,East,SKU-502,386,6.6,1059,673,0,0,0,664,95
12/1/2025,DC-03,East,SKU-502,285,7.2,673,813,0,0,425,664,95
12/8/2025,DC-03,East,SKU-502,331,6.3,813,811,0,0,329,664,95
12/15/2025,DC-03,East,SKU-502,340,6.2,811,810,0,0,339,664,95
12/22/2025,DC-03,East,SKU-502,361,6.1,810,859,0,0,410,664,95
12/29/2025,DC-03,East,SKU-502,305,6,859,953,0,0,399,664,95
1/5/2026,DC-03,East,SKU-502,385,6.6,953,898,0,0,330,664,95
1/12/2026,DC-03,East,SKU-502,388,5,898,862,0,0,352,664,95
1/19/2026,DC-03,East,SKU-502,364,5.7,862,832,0,0,334,664,95
1/26/2026,DC-03,East,SKU-502,283,6.5,832,882,0,0,333,664,95
2/2/2026,DC-03,East,SKU-502,308,6,882,949,0,0,374,664,95
2/9/2026,DC-03,East,SKU-502,378,6.1,949,893,0,0,322,664,95
2/16/2026,DC-03,East,SKU-502,412,6.9,893,793,0,0,312,664,95
2/23/2026,DC-03,East,SKU-502,417,7.1,793,681,0,0,305,664,95
3/2/2026,DC-03,East,SKU-502,336,6.6,681,695,0,0,350,664,95
3/9/2026,DC-03,East,SKU-502,367,6.4,695,758,0,0,430,664,95
3/16/2026,DC-03,East,SKU-502,404,6.9,758,697,0,0,344,664,95
3/23/2026,DC-03,East,SKU-502,456,6.4,697,625,0,0,384,664,95
3/30/2026,DC-03,East,SKU-502,368,5.4,625,563,0,0,306,664,95
4/6/2026,DC-03,East,SKU-502,333,9,563,573,0,0,343,664,95
4/13/2026,DC-03,East,SKU-502,389,6.6,573,514,0,0,330,664,95
4/20/2026,DC-03,East,SKU-502,390,4.9,514,521,0,0,397,664,95
4/27/2026,DC-03,East,SKU-502,377,6.5,521,492,0,0,349,664,95
5/4/2026,DC-03,East,SKU-502,357,6.9,492,489,0,0,353,664,95
5/11/2026,DC-03,East,SKU-502,380,5.7,489,524,0,0,414,664,95
5/18/2026,DC-03,East,SKU-502,442,7.1,524,509,0,0,427,664,95
5/25/2026,DC-03,East,SKU-502,365,7.1,509,466,0,0,323,664,95
6/1/2026,DC-03,East,SKU-502,359,6.3,466,422,0,0,315,664,95
6/8/2026,DC-03,East,SKU-502,357,5.3,422,457,0,0,392,664,95
6/15/2026,DC-03,East,SKU-502,412,5.9,457,398,0,0,352,664,95
6/22/2026,DC-03,East,SKU-502,292,6,398,532,0,0,427,664,95
6/29/2026,DC-03,East,SKU-502,300,7.1,532,644,0,0,412,664,95
7/6/2026,DC-03,East,SKU-502,309,6.9,644,655,0,0,320,664,95
7/13/2026,DC-03,East,SKU-502,351,6.7,655,721,0,0,418,664,95
7/20/2026,DC-03,East,SKU-502,241,6.4,721,890,0,0,410,664,95
7/27/2026,DC-03,East,SKU-502,356,5.8,890,912,0,0,378,664,95
8/3/2026,DC-03,East,SKU-502,306,6.7,912,982,0,0,376,664,95
8/10/2026,DC-03,East,SKU-502,380,7,982,944,0,0,342,664,95
8/17/2026,DC-03,East,SKU-502,337,6.7,944,966,0,0,359,664,95
8/24/2026,DC-03,East,SKU-502,300,7.5,966,1033,0,0,367,664,95
9/2/2024,DC-03,East,SKU-503,174,5.7,580,407,0,0,0,387,95
9/9/2024,DC-03,East,SKU-503,154,6.3,407,499,0,0,247,387,95
9/16/2024,DC-03,East,SKU-503,155,7.5,499,539,0,0,195,387,95
9/23/2024,DC-03,East,SKU-503,160,7.1,539,615,0,0,235,387,95
9/30/2024,DC-03,East,SKU-503,117,5.5,615,498,0,0,0,387,95
10/7/2024,DC-03,East,SKU-503,232,6.4,498,451,0,0,184,387,95
10/14/2024,DC-03,East,SKU-503,216,6.4,451,411,0,0,177,387,95
10/21/2024,DC-03,East,SKU-503,172,6.1,411,414,0,0,174,387,95
10/28/2024,DC-03,East,SKU-503,177,6.7,414,442,0,0,205,387,95
11/4/2024,DC-03,East,SKU-503,174,6.4,442,451,0,0,183,387,95
11/11/2024,DC-03,East,SKU-503,194,4.4,451,471,0,0,213,387,95
11/18/2024,DC-03,East,SKU-503,133,6.1,471,524,0,0,186,387,95
11/25/2024,DC-03,East,SKU-503,124,7.7,524,635,0,0,235,387,95
12/2/2024,DC-03,East,SKU-503,222,5.8,635,413,0,0,0,387,95
12/9/2024,DC-03,East,SKU-503,187,6.9,413,436,0,0,210,387,95
12/16/2024,DC-03,East,SKU-503,286,7.3,436,383,0,0,233,387,95
12/23/2024,DC-03,East,SKU-503,173,6.5,383,418,0,0,208,387,95
12/30/2024,DC-03,East,SKU-503,212,7.4,418,444,0,0,238,387,95
1/6/2025,DC-03,East,SKU-503,181,5.6,444,444,0,0,180,387,95
1/13/2025,DC-03,East,SKU-503,224,5.9,444,404,0,0,184,387,95
1/20/2025,DC-03,East,SKU-503,214,5.4,404,373,0,0,183,387,95
1/27/2025,DC-03,East,SKU-503,193,5.6,373,385,0,0,205,387,95
2/3/2025,DC-03,East,SKU-503,184,6.4,385,433,0,0,232,387,95
2/10/2025,DC-03,East,SKU-503,239,6.5,433,387,0,0,193,387,95
2/17/2025,DC-03,East,SKU-503,202,6.7,387,434,0,0,249,387,95
2/24/2025,DC-03,East,SKU-503,263,7.3,434,375,0,0,204,387,95
3/3/2025,DC-03,East,SKU-503,262,7.7,375,311,0,0,198,387,95
3/10/2025,DC-03,East,SKU-503,234,6.7,311,289,0,0,212,387,95
3/17/2025,DC-03,East,SKU-503,207,4.3,289,325,0,0,242,387,95
3/24/2025,DC-03,East,SKU-503,192,5.1,325,357,0,0,224,387,95
3/31/2025,DC-03,East,SKU-503,197,6.2,357,357,0,0,197,387,95
4/7/2025,DC-03,East,SKU-503,168,6.9,357,374,0,0,184,387,95
4/14/2025,DC-03,East,SKU-503,239,5.7,374,322,0,0,188,387,95
4/21/2025,DC-03,East,SKU-503,220,6.4,322,307,0,0,205,387,95
4/28/2025,DC-03,East,SKU-503,165,6.4,307,391,0,0,249,387,95
5/5/2025,DC-03,East,SKU-503,209,5.6,391,361,0,0,179,387,95
5/12/2025,DC-03,East,SKU-503,233,6.9,361,340,0,0,211,387,95
5/19/2025,DC-03,East,SKU-503,246,5.5,340,320,0,0,227,387,95
5/26/2025,DC-03,East,SKU-503,214,6,320,328,0,0,221,387,95
6/2/2025,DC-03,East,SKU-503,189,7.6,328,325,0,0,187,387,95
6/9/2025,DC-03,East,SKU-503,193,5.6,325,309,0,0,177,387,95
6/16/2025,DC-03,East,SKU-503,257,6.8,309,245,0,0,193,387,95
6/23/2025,DC-03,East,SKU-503,159,5.4,245,308,0,0,222,387,95
6/30/2025,DC-03,East,SKU-503,200,6.8,308,285,0,0,177,387,95
7/7/2025,DC-03,East,SKU-503,202,5.7,285,273,0,0,190,387,95
7/14/2025,DC-03,East,SKU-503,141,6.3,273,357,0,0,225,387,95
7/21/2025,DC-03,East,SKU-503,161,6.4,357,397,0,0,201,387,95
7/28/2025,DC-03,East,SKU-503,133,7.1,397,503,0,0,239,387,95
8/4/2025,DC-03,East,SKU-503,231,6.1,503,457,0,0,185,387,95
8/11/2025,DC-03,East,SKU-503,212,5.1,457,489,0,0,244,387,95
8/18/2025,DC-03,East,SKU-503,185,6.1,489,494,0,0,190,387,95
8/25/2025,DC-03,East,SKU-503,171,5.4,494,538,0,0,215,387,95
9/1/2025,DC-03,East,SKU-503,134,7.1,538,614,0,0,211,387,95
9/8/2025,DC-03,East,SKU-503,193,6.9,614,422,0,0,0,387,95
9/15/2025,DC-03,East,SKU-503,198,8.1,422,459,0,0,235,387,95
9/22/2025,DC-03,East,SKU-503,165,6.3,459,519,0,0,225,387,95
9/29/2025,DC-03,East,SKU-503,177,7.5,519,535,0,0,193,387,95
10/6/2025,DC-03,East,SKU-503,174,7,535,591,0,0,230,387,95
10/13/2025,DC-03,East,SKU-503,189,7.8,591,402,0,0,0,387,95
10/20/2025,DC-03,East,SKU-503,55,6.9,402,526,0,0,179,387,95
10/27/2025,DC-03,East,SKU-503,167,6.9,526,547,0,0,188,387,95
11/3/2025,DC-03,East,SKU-503,238,7.1,547,504,0,0,195,387,95
11/10/2025,DC-03,East,SKU-503,128,5.8,504,558,0,0,183,387,95
11/17/2025,DC-03,East,SKU-503,178,6.6,558,565,0,0,185,387,95
11/24/2025,DC-03,East,SKU-503,171,6,565,584,0,0,190,387,95
12/1/2025,DC-03,East,SKU-503,175,6.5,584,408,0,0,0,387,95
12/8/2025,DC-03,East,SKU-503,127,7.5,408,501,0,0,219,387,95
12/15/2025,DC-03,East,SKU-503,167,7,501,554,0,0,220,387,95
12/22/2025,DC-03,East,SKU-503,260,7.4,554,540,0,0,247,387,95
12/29/2025,DC-03,East,SKU-503,214,7.1,540,525,0,0,198,387,95
1/5/2026,DC-03,East,SKU-503,148,5.8,525,554,0,0,177,387,95
1/12/2026,DC-03,East,SKU-503,234,6,554,556,0,0,237,387,95
1/19/2026,DC-03,East,SKU-503,203,6.9,556,599,0,0,246,387,95
1/26/2026,DC-03,East,SKU-503,226,5,599,373,0,0,0,387,95
2/2/2026,DC-03,East,SKU-503,184,6.9,373,364,0,0,175,387,95
2/9/2026,DC-03,East,SKU-503,180,5.3,364,375,0,0,191,387,95
2/16/2026,DC-03,East,SKU-503,236,7.9,375,332,0,0,193,387,95
2/23/2026,DC-03,East,SKU-503,237,6.1,332,270,0,0,175,387,95
3/2/2026,DC-03,East,SKU-503,231,5.2,270,282,0,0,243,387,95
3/9/2026,DC-03,East,SKU-503,288,6.6,282,175,1,6,175,387,95
3/16/2026,DC-03,East,SKU-503,230,6.2,175,247,1,55,247,387,95
3/23/2026,DC-03,East,SKU-503,268,6.1,247,203,1,22,203,387,95
3/30/2026,DC-03,East,SKU-503,260,6.3,203,244,1,58,244,387,95
4/6/2026,DC-03,East,SKU-503,259,6.2,244,200,1,15,200,387,95
4/13/2026,DC-03,East,SKU-503,270,7.2,200,188,1,70,188,387,95
4/20/2026,DC-03,East,SKU-503,223,6.1,188,249,1,35,249,387,95
4/27/2026,DC-03,East,SKU-503,268,6.4,249,246,1,18,246,387,95
5/4/2026,DC-03,East,SKU-503,239,7.5,246,231,0,0,224,387,95
5/11/2026,DC-03,East,SKU-503,252,7.2,231,176,1,22,176,387,95
5/18/2026,DC-03,East,SKU-503,202,7.1,176,226,1,26,226,387,95
5/25/2026,DC-03,East,SKU-503,219,6.3,226,242,0,0,235,387,95
6/1/2026,DC-03,East,SKU-503,189,6,242,253,0,0,199,387,95
6/8/2026,DC-03,East,SKU-503,200,6.9,253,287,0,0,234,387,95
6/15/2026,DC-03,East,SKU-503,248,6.6,287,272,0,0,234,387,95
6/22/2026,DC-03,East,SKU-503,127,5.9,272,391,0,0,245,387,95
6/29/2026,DC-03,East,SKU-503,112,5.7,391,500,0,0,222,387,95
7/6/2026,DC-03,East,SKU-503,106,6.5,500,585,0,0,190,387,95
7/13/2026,DC-03,East,SKU-503,195,7.1,585,390,0,0,0,387,95
7/20/2026,DC-03,East,SKU-503,170,6.3,390,401,0,0,181,387,95
7/27/2026,DC-03,East,SKU-503,188,6.3,401,434,0,0,222,387,95
8/3/2026,DC-03,East,SKU-503,158,7.3,434,508,0,0,231,387,95
8/10/2026,DC-03,East,SKU-503,177,4.2,508,553,0,0,222,387,95
8/17/2026,DC-03,East,SKU-503,122,5.9,553,607,0,0,175,387,95
8/24/2026,DC-03,East,SKU-503,223,6.1,607,384,0,0,0,387,95
9/2/2024,DC-04,West,SKU-SKU-101,18,9,794,776,0,0,0,529,95
9/9/2024,DC-04,West,SKU-SKU-101,352,7.5,776,677,0,0,253,529,95
9/16/2024,DC-04,West,SKU-SKU-101,406,7.6,677,606,0,0,334,529,95
9/23/2024,DC-04,West,SKU-SKU-101,127,8.2,606,752,0,0,273,529,95
9/30/2024,DC-04,West,SKU-SKU-101,34,7.3,752,1030,0,0,312,529,95
10/7/2024,DC-04,West,SKU-SKU-101,259,10.2,1030,771,0,0,0,529,95
10/14/2024,DC-04,West,SKU-SKU-101,90,13.4,771,979,0,0,297,529,95
10/21/2024,DC-04,West,SKU-SKU-101,109,7.3,979,870,0,0,0,529,95
10/28/2024,DC-04,West,SKU-SKU-101,43,4.5,870,827,0,0,0,529,95
11/4/2024,DC-04,West,SKU-SKU-101,284,3.1,827,543,0,0,0,529,95
11/11/2024,DC-04,West,SKU-SKU-101,254,6.7,543,561,0,0,272,529,95
11/18/2024,DC-04,West,SKU-SKU-101,256,5,561,641,0,0,336,529,95
11/25/2024,DC-04,West,SKU-SKU-101,262,8.6,641,685,0,0,305,529,95
12/2/2024,DC-04,West,SKU-SKU-101,401,11,685,593,0,0,310,529,95
12/9/2024,DC-04,West,SKU-SKU-101,82,5.3,593,778,0,0,267,529,95
12/16/2024,DC-04,West,SKU-SKU-101,284,12.6,778,835,0,0,342,529,95
12/23/2024,DC-04,West,SKU-SKU-101,264,7.8,835,572,0,0,0,529,95
12/30/2024,DC-04,West,SKU-SKU-101,325,8.2,572,584,0,0,338,529,95
1/6/2025,DC-04,West,SKU-SKU-101,290,12.4,584,572,0,0,278,529,95
1/13/2025,DC-04,West,SKU-SKU-101,483,8.1,572,419,0,0,330,529,95
1/20/2025,DC-04,West,SKU-SKU-101,211,9.5,419,525,0,0,317,529,95
1/27/2025,DC-04,West,SKU-SKU-101,121,10.4,525,668,0,0,264,529,95
2/3/2025,DC-04,West,SKU-SKU-101,636,4.9,668,291,0,0,259,529,95
2/10/2025,DC-04,West,SKU-SKU-101,117,12.9,291,420,0,0,246,529,95
2/17/2025,DC-04,West,SKU-SKU-101,254,9.6,420,471,0,0,305,529,95
2/24/2025,DC-04,West,SKU-SKU-101,344,7,471,470,0,0,343,529,95
3/3/2025,DC-04,West,SKU-SKU-101,167,8.2,470,543,0,0,240,529,95
3/10/2025,DC-04,West,SKU-SKU-101,384,9.3,543,439,0,0,281,529,95
3/17/2025,DC-04,West,SKU-SKU-101,217,12.5,439,486,0,0,264,529,95
3/24/2025,DC-04,West,SKU-SKU-101,407,5.5,486,366,0,0,287,529,95
3/31/2025,DC-04,West,SKU-SKU-101,421,5.2,366,273,1,55,273,529,95
4/7/2025,DC-04,West,SKU-SKU-101,224,2.9,273,335,0,0,286,529,95
4/14/2025,DC-04,West,SKU-SKU-101,171,6.8,335,440,0,0,276,529,95
4/21/2025,DC-04,West,SKU-SKU-101,211,11.7,440,505,0,0,276,529,95
4/28/2025,DC-04,West,SKU-SKU-101,193,7.9,505,554,0,0,242,529,95
5/5/2025,DC-04,West,SKU-SKU-101,163,9.9,554,704,0,0,313,529,95
5/12/2025,DC-04,West,SKU-SKU-101,139,11.6,704,868,0,0,303,529,95
5/19/2025,DC-04,West,SKU-SKU-101,250,14.3,868,618,0,0,0,529,95
5/26/2025,DC-04,West,SKU-SKU-101,512,5.2,618,423,0,0,316,529,95
6/2/2025,DC-04,West,SKU-SKU-101,114,9.6,423,633,0,0,325,529,95
6/9/2025,DC-04,West,SKU-SKU-101,349,9.2,633,525,0,0,241,529,95
6/16/2025,DC-04,West,SKU-SKU-101,245,13.7,525,613,0,0,333,529,95
6/23/2025,DC-04,West,SKU-SKU-101,183,12.1,613,774,0,0,343,529,95
6/30/2025,DC-04,West,SKU-SKU-101,385,7.7,774,705,0,0,316,529,95
7/7/2025,DC-04,West,SKU-SKU-101,395,9.1,705,615,0,0,305,529,95
7/14/2025,DC-04,West,SKU-SKU-101,274,10,615,656,0,0,315,529,95
7/21/2025,DC-04,West,SKU-SKU-101,380,4.3,656,533,0,0,257,529,95
7/28/2025,DC-04,West,SKU-SKU-101,334,10.8,533,469,0,0,271,529,95
8/4/2025,DC-04,West,SKU-SKU-101,342,7.6,469,416,0,0,288,529,95
8/11/2025,DC-04,West,SKU-SKU-101,157,5.1,416,590,0,0,331,529,95
8/18/2025,DC-04,West,SKU-SKU-101,265,9.4,590,596,0,0,272,529,95
8/25/2025,DC-04,West,SKU-SKU-101,283,9.7,596,615,0,0,302,529,95
9/1/2025,DC-04,West,SKU-SKU-101,158,5.9,615,800,0,0,342,529,95
9/8/2025,DC-04,West,SKU-SKU-101,249,8.3,800,550,0,0,0,529,95
9/15/2025,DC-04,West,SKU-SKU-101,203,7,550,637,0,0,290,529,95
9/22/2025,DC-04,West,SKU-SKU-101,291,7.7,637,608,0,0,262,529,95
9/29/2025,DC-04,West,SKU-SKU-101,61,7.1,608,877,0,0,329,529,95
10/6/2025,DC-04,West,SKU-SKU-101,131,7.8,877,745,0,0,0,529,95
10/13/2025,DC-04,West,SKU-SKU-101,266,8.5,745,730,0,0,251,529,95
10/20/2025,DC-04,West,SKU-SKU-101,29,7.5,730,945,0,0,244,529,95
10/27/2025,DC-04,West,SKU-SKU-101,0,10.1,945,945,0,0,0,529,95
11/3/2025,DC-04,West,SKU-SKU-101,407,7.6,945,538,0,0,0,529,95
11/10/2025,DC-04,West,SKU-SKU-101,153,7.2,538,625,0,0,240,529,95
11/17/2025,DC-04,West,SKU-SKU-101,259,9.8,625,678,0,0,313,529,95
11/24/2025,DC-04,West,SKU-SKU-101,358,8.1,678,663,0,0,343,529,95
12/1/2025,DC-04,West,SKU-SKU-101,126,11.7,663,823,0,0,286,529,95
12/8/2025,DC-04,West,SKU-SKU-101,99,8.3,823,723,0,0,0,529,95
12/15/2025,DC-04,West,SKU-SKU-101,114,9.2,723,873,0,0,264,529,95
12/22/2025,DC-04,West,SKU-SKU-101,205,6.4,873,667,0,0,0,529,95
12/29/2025,DC-04,West,SKU-SKU-101,389,6,667,621,0,0,343,529,95
1/5/2026,DC-04,West,SKU-SKU-101,384,8.8,621,476,0,0,239,529,95
1/12/2026,DC-04,West,SKU-SKU-101,164,9.9,476,557,0,0,245,529,95
1/19/2026,DC-04,West,SKU-SKU-101,43,15.2,557,791,0,0,277,529,95
1/26/2026,DC-04,West,SKU-SKU-101,205,7.3,791,889,0,0,303,529,95
2/2/2026,DC-04,West,SKU-SKU-101,171,7,889,718,0,0,0,529,95
2/9/2026,DC-04,West,SKU-SKU-101,247,6.5,718,801,0,0,330,529,95
2/16/2026,DC-04,West,SKU-SKU-101,336,10.6,801,464,0,0,0,529,95
2/23/2026,DC-04,West,SKU-SKU-101,259,10,464,514,0,0,308,529,95
3/2/2026,DC-04,West,SKU-SKU-101,395,5.9,514,445,0,0,326,529,95
3/9/2026,DC-04,West,SKU-SKU-101,326,8.5,445,394,0,0,274,529,95
3/16/2026,DC-04,West,SKU-SKU-101,269,7.5,394,465,0,0,341,529,95
3/23/2026,DC-04,West,SKU-SKU-101,256,7.9,465,551,0,0,342,529,95
3/30/2026,DC-04,West,SKU-SKU-101,191,10.8,551,630,0,0,270,529,95
4/6/2026,DC-04,West,SKU-SKU-101,169,7,630,748,0,0,287,529,95
4/13/2026,DC-04,West,SKU-SKU-101,346,9.5,748,742,0,0,340,529,95
4/20/2026,DC-04,West,SKU-SKU-101,169,4.5,742,832,0,0,259,529,95
4/27/2026,DC-04,West,SKU-SKU-101,263,9.7,832,569,0,0,0,529,95
5/4/2026,DC-04,West,SKU-SKU-101,164,7.5,569,747,0,0,341,529,95
5/11/2026,DC-04,West,SKU-SKU-101,369,10.2,747,675,0,0,297,529,95
5/18/2026,DC-04,West,SKU-SKU-101,188,8.6,675,761,0,0,274,529,95
5/25/2026,DC-04,West,SKU-SKU-101,298,10.2,761,784,0,0,321,529,95
6/1/2026,DC-04,West,SKU-SKU-101,259,6.1,784,833,0,0,309,529,95
6/8/2026,DC-04,West,SKU-SKU-101,173,6.7,833,660,0,0,0,529,95
6/15/2026,DC-04,West,SKU-SKU-101,387,6.7,660,566,0,0,293,529,95
6/22/2026,DC-04,West,SKU-SKU-101,228,10.3,566,577,0,0,240,529,95
6/29/2026,DC-04,West,SKU-SKU-101,577,10,577,253,0,0,253,529,95
7/6/2026,DC-04,West,SKU-SKU-101,79,11.2,253,445,0,0,271,529,95
7/13/2026,DC-04,West,SKU-SKU-101,153,6.2,445,568,0,0,276,529,95
7/20/2026,DC-04,West,SKU-SKU-101,217,7.2,568,643,0,0,293,529,95
7/27/2026,DC-04,West,SKU-SKU-101,514,8.5,643,473,0,0,344,529,95
8/3/2026,DC-04,West,SKU-SKU-101,198,7.9,473,539,0,0,264,529,95
8/10/2026,DC-04,West,SKU-SKU-101,384,6.4,539,413,0,0,259,529,95
8/17/2026,DC-04,West,SKU-SKU-101,0,6.8,413,693,0,0,279,529,95
8/24/2026,DC-04,West,SKU-SKU-101,202,6.4,693,770,0,0,279,529,95
9/2/2024,DC-04,West,SKU-SKU-102,5,9.5,549,544,0,0,0,366,95
9/9/2024,DC-04,West,SKU-SKU-102,267,10.7,544,505,0,0,229,366,95
9/16/2024,DC-04,West,SKU-SKU-102,123,9.9,505,565,0,0,183,366,95
9/23/2024,DC-04,West,SKU-SKU-102,285,13.8,565,280,0,0,0,366,95
9/30/2024,DC-04,West,SKU-SKU-102,33,9.2,280,422,0,0,174,366,95
10/7/2024,DC-04,West,SKU-SKU-102,0,9.3,422,653,0,0,231,366,95
10/14/2024,DC-04,West,SKU-SKU-102,243,10.5,653,410,0,0,0,366,95
10/21/2024,DC-04,West,SKU-SKU-102,176,10.6,410,449,0,0,215,366,95
10/28/2024,DC-04,West,SKU-SKU-102,153,11.1,449,522,0,0,226,366,95
11/4/2024,DC-04,West,SKU-SKU-102,144,9.4,522,549,0,0,171,366,95
11/11/2024,DC-04,West,SKU-SKU-102,325,10.6,549,398,0,0,174,366,95
11/18/2024,DC-04,West,SKU-SKU-102,207,9.5,398,358,0,0,168,366,95
11/25/2024,DC-04,West,SKU-SKU-102,141,10,358,450,0,0,233,366,95
12/2/2024,DC-04,West,SKU-SKU-102,265,7.6,450,378,0,0,193,366,95
12/9/2024,DC-04,West,SKU-SKU-102,200,12,378,410,0,0,232,366,95
12/16/2024,DC-04,West,SKU-SKU-102,0,6,410,614,0,0,204,366,95
12/23/2024,DC-04,West,SKU-SKU-102,249,5.4,614,365,0,0,0,366,95
12/30/2024,DC-04,West,SKU-SKU-102,298,12.4,365,265,0,0,199,366,95
1/6/2025,DC-04,West,SKU-SKU-102,0,6.4,265,432,0,0,167,366,95
1/13/2025,DC-04,West,SKU-SKU-102,136,6.2,432,483,0,0,188,366,95
1/20/2025,DC-04,West,SKU-SKU-102,205,7.2,483,445,0,0,167,366,95
1/27/2025,DC-04,West,SKU-SKU-102,273,3.1,445,382,0,0,209,366,95
2/3/2025,DC-04,West,SKU-SKU-102,150,7.4,382,458,0,0,227,366,95
2/10/2025,DC-04,West,SKU-SKU-102,205,7.5,458,442,0,0,188,366,95
2/17/2025,DC-04,West,SKU-SKU-102,98,8.6,442,546,0,0,202,366,95
2/24/2025,DC-04,West,SKU-SKU-102,201,7.6,546,546,0,0,200,366,95
3/3/2025,DC-04,West,SKU-SKU-102,247,5.7,546,507,0,0,208,366,95
3/10/2025,DC-04,West,SKU-SKU-102,262,7.6,507,473,0,0,228,366,95
3/17/2025,DC-04,West,SKU-SKU-102,83,6.9,473,594,0,0,204,366,95
3/24/2025,DC-04,West,SKU-SKU-102,94,10.2,594,500,0,0,0,366,95
3/31/2025,DC-04,West,SKU-SKU-102,249,8.4,500,482,0,0,231,366,95
4/7/2025,DC-04,West,SKU-SKU-102,48,10.3,482,606,0,0,172,366,95
4/14/2025,DC-04,West,SKU-SKU-102,386,8.3,606,220,0,0,0,366,95
4/21/2025,DC-04,West,SKU-SKU-102,73,13.7,220,324,0,0,177,366,95
4/28/2025,DC-04,West,SKU-SKU-102,97,9,324,408,0,0,181,366,95
5/5/2025,DC-04,West,SKU-SKU-102,0,8.8,408,636,0,0,229,366,95
5/12/2025,DC-04,West,SKU-SKU-102,206,4.7,636,431,0,0,0,366,95
5/19/2025,DC-04,West,SKU-SKU-102,171,4.8,431,463,0,0,203,366,95
5/26/2025,DC-04,West,SKU-SKU-102,136,8.8,463,501,0,0,174,366,95
6/2/2025,DC-04,West,SKU-SKU-102,214,7.3,501,488,0,0,201,366,95
6/9/2025,DC-04,West,SKU-SKU-102,207,11.6,488,465,0,0,184,366,95
6/16/2025,DC-04,West,SKU-SKU-102,260,10.1,465,379,0,0,174,366,95
6/23/2025,DC-04,West,SKU-SKU-102,247,9.5,379,349,0,0,217,366,95
6/30/2025,DC-04,West,SKU-SKU-102,244,10.9,349,274,0,0,169,366,95
7/7/2025,DC-04,West,SKU-SKU-102,70,6.4,274,440,0,0,236,366,95
7/14/2025,DC-04,West,SKU-SKU-102,206,10.3,440,405,0,0,172,366,95
7/21/2025,DC-04,West,SKU-SKU-102,126,8.4,405,445,0,0,166,366,95
7/28/2025,DC-04,West,SKU-SKU-102,78,8.3,445,541,0,0,174,366,95
8/4/2025,DC-04,West,SKU-SKU-102,153,9.1,541,555,0,0,166,366,95
8/11/2025,DC-04,West,SKU-SKU-102,188,6.6,555,366,0,0,0,366,95
8/18/2025,DC-04,West,SKU-SKU-102,155,7.2,366,432,0,0,220,366,95
8/25/2025,DC-04,West,SKU-SKU-102,157,7.1,432,505,0,0,231,366,95
9/1/2025,DC-04,West,SKU-SKU-102,128,7.7,505,586,0,0,210,366,95
9/8/2025,DC-04,West,SKU-SKU-102,288,7.7,586,298,0,0,0,366,95
9/15/2025,DC-04,West,SKU-SKU-102,213,4.3,298,305,0,0,220,366,95
9/22/2025,DC-04,West,SKU-SKU-102,134,4.6,305,362,0,0,190,366,95
9/29/2025,DC-04,West,SKU-SKU-102,295,9.3,362,293,0,0,227,366,95
10/6/2025,DC-04,West,SKU-SKU-102,200,7.5,293,319,0,0,225,366,95
10/13/2025,DC-04,West,SKU-SKU-102,46,7.1,319,509,0,0,236,366,95
10/20/2025,DC-04,West,SKU-SKU-102,63,7.6,509,611,0,0,165,366,95
10/27/2025,DC-04,West,SKU-SKU-102,210,7.9,611,401,0,0,0,366,95
11/3/2025,DC-04,West,SKU-SKU-102,118,14.2,401,498,0,0,215,366,95
11/10/2025,DC-04,West,SKU-SKU-102,415,7.4,498,267,0,0,184,366,95
11/17/2025,DC-04,West,SKU-SKU-102,250,7.5,267,207,0,0,190,366,95
11/24/2025,DC-04,West,SKU-SKU-102,198,5.4,207,218,0,0,209,366,95
12/1/2025,DC-04,West,SKU-SKU-102,218,5.8,218,228,0,0,228,366,95
12/8/2025,DC-04,West,SKU-SKU-102,201,10.1,228,198,0,0,172,366,95
12/15/2025,DC-04,West,SKU-SKU-102,254,10.9,198,226,1,55,226,366,95
12/22/2025,DC-04,West,SKU-SKU-102,298,9.7,226,185,1,73,185,366,95
12/29/2025,DC-04,West,SKU-SKU-102,293,10.9,185,167,1,107,167,366,95
1/5/2026,DC-04,West,SKU-SKU-102,0,11.6,167,380,0,0,214,366,95
1/12/2026,DC-04,West,SKU-SKU-102,228,10,380,323,0,0,170,366,95
1/19/2026,DC-04,West,SKU-SKU-102,160,8.8,323,400,0,0,238,366,95
1/26/2026,DC-04,West,SKU-SKU-102,346,10.5,400,259,0,0,205,366,95
2/2/2026,DC-04,West,SKU-SKU-102,326,11.9,259,198,1,67,198,366,95
2/9/2026,DC-04,West,SKU-SKU-102,210,9.6,198,230,1,12,230,366,95
2/16/2026,DC-04,West,SKU-SKU-102,202,5.9,230,263,0,0,235,366,95
2/23/2026,DC-04,West,SKU-SKU-102,107,7.1,263,321,0,0,165,366,95
3/2/2026,DC-04,West,SKU-SKU-102,283,6.4,321,215,0,0,177,366,95
3/9/2026,DC-04,West,SKU-SKU-102,260,6.5,215,178,1,45,178,366,95
3/16/2026,DC-04,West,SKU-SKU-102,196,7.9,178,173,1,18,173,366,95
3/23/2026,DC-04,West,SKU-SKU-102,284,11,173,225,1,111,225,366,95
3/30/2026,DC-04,West,SKU-SKU-102,438,6.7,225,192,1,214,192,366,95
4/6/2026,DC-04,West,SKU-SKU-102,74,7.3,192,337,0,0,219,366,95
4/13/2026,DC-04,West,SKU-SKU-102,275,12.7,337,256,0,0,194,366,95
4/20/2026,DC-04,West,SKU-SKU-102,212,6.4,256,250,0,0,207,366,95
4/27/2026,DC-04,West,SKU-SKU-102,334,9.3,250,178,1,84,178,366,95
5/4/2026,DC-04,West,SKU-SKU-102,109,9.7,178,304,0,0,235,366,95
5/11/2026,DC-04,West,SKU-SKU-102,50,8.3,304,474,0,0,221,366,95
5/18/2026,DC-04,West,SKU-SKU-102,210,8.1,474,437,0,0,173,366,95
5/25/2026,DC-04,West,SKU-SKU-102,203,10.2,437,471,0,0,237,366,95
6/1/2026,DC-04,West,SKU-SKU-102,210,9.4,471,451,0,0,190,366,95
6/8/2026,DC-04,West,SKU-SKU-102,125,6.4,451,555,0,0,229,366,95
6/15/2026,DC-04,West,SKU-SKU-102,71,4.4,555,484,0,0,0,366,95
6/22/2026,DC-04,West,SKU-SKU-102,228,10.9,484,469,0,0,213,366,95
6/29/2026,DC-04,West,SKU-SKU-102,0,5.6,469,696,0,0,227,366,95
7/6/2026,DC-04,West,SKU-SKU-102,195,6.6,696,501,0,0,0,366,95
7/13/2026,DC-04,West,SKU-SKU-102,196,6.3,501,540,0,0,235,366,95
7/20/2026,DC-04,West,SKU-SKU-102,10,7.8,540,755,0,0,225,366,95
7/27/2026,DC-04,West,SKU-SKU-102,184,5.2,755,571,0,0,0,366,95
8/3/2026,DC-04,West,SKU-SKU-102,176,7.1,571,394,0,0,0,366,95
8/10/2026,DC-04,West,SKU-SKU-102,182,7,394,394,0,0,182,366,95
8/17/2026,DC-04,West,SKU-SKU-102,157,7.6,394,405,0,0,169,366,95
8/24/2026,DC-04,West,SKU-SKU-102,129,9.9,405,478,0,0,202,366,95
9/2/2024,DC-04,West,SKU-SKU-103,525,13.3,1434,909,0,0,0,956,95
9/9/2024,DC-04,West,SKU-SKU-103,302,8.9,909,1100,0,0,493,956,95
9/16/2024,DC-04,West,SKU-SKU-103,487,11.4,1100,1161,0,0,548,956,95
9/23/2024,DC-04,West,SKU-SKU-103,458,4.5,1161,1144,0,0,441,956,95
9/30/2024,DC-04,West,SKU-SKU-103,392,9.8,1144,1344,0,0,592,956,95
10/7/2024,DC-04,West,SKU-SKU-103,216,6.6,1344,1589,0,0,461,956,95
10/14/2024,DC-04,West,SKU-SKU-103,178,14,1589,1410,0,0,0,956,95
10/21/2024,DC-04,West,SKU-SKU-103,303,6.3,1410,1575,0,0,468,956,95
10/28/2024,DC-04,West,SKU-SKU-103,497,7.1,1575,1078,0,0,0,956,95
11/4/2024,DC-04,West,SKU-SKU-103,511,9.2,1078,1111,0,0,544,956,95
11/11/2024,DC-04,West,SKU-SKU-103,243,8.2,1111,1420,0,0,552,956,95
11/18/2024,DC-04,West,SKU-SKU-103,113,9.4,1420,1742,0,0,435,956,95
11/25/2024,DC-04,West,SKU-SKU-103,558,8.8,1742,1183,0,0,0,956,95
12/2/2024,DC-04,West,SKU-SKU-103,440,11.5,1183,1253,0,0,510,956,95
12/9/2024,DC-04,West,SKU-SKU-103,587,9.2,1253,1165,0,0,499,956,95
12/16/2024,DC-04,West,SKU-SKU-103,431,13.7,1165,1243,0,0,509,956,95
12/23/2024,DC-04,West,SKU-SKU-103,545,6.9,1243,1184,0,0,485,956,95
12/30/2024,DC-04,West,SKU-SKU-103,402,14.6,1184,1383,0,0,601,956,95
1/6/2025,DC-04,West,SKU-SKU-103,481,6.2,1383,1426,0,0,524,956,95
1/13/2025,DC-04,West,SKU-SKU-103,554,5.9,1426,1358,0,0,486,956,95
1/20/2025,DC-04,West,SKU-SKU-103,90,5.9,1358,1724,0,0,456,956,95
1/27/2025,DC-04,West,SKU-SKU-103,737,8.2,1724,987,0,0,0,956,95
2/3/2025,DC-04,West,SKU-SKU-103,551,5.7,987,914,0,0,479,956,95
2/10/2025,DC-04,West,SKU-SKU-103,465,12.2,914,903,0,0,454,956,95
2/17/2025,DC-04,West,SKU-SKU-103,502,3.6,903,843,0,0,442,956,95
2/24/2025,DC-04,West,SKU-SKU-103,429,7.9,843,993,0,0,579,956,95
3/3/2025,DC-04,West,SKU-SKU-103,465,5.8,993,1003,0,0,475,956,95
3/10/2025,DC-04,West,SKU-SKU-103,936,8,1003,652,0,0,585,956,95
3/17/2025,DC-04,West,SKU-SKU-103,660,10.4,652,479,1,8,479,956,95
3/24/2025,DC-04,West,SKU-SKU-103,389,10.6,479,605,0,0,515,956,95
3/31/2025,DC-04,West,SKU-SKU-103,405,5.8,605,738,0,0,538,956,95
4/7/2025,DC-04,West,SKU-SKU-103,661,7.1,738,579,0,0,502,956,95
4/14/2025,DC-04,West,SKU-SKU-103,585,8.7,579,598,1,6,598,956,95
4/21/2025,DC-04,West,SKU-SKU-103,717,9,598,563,1,120,563,956,95
4/28/2025,DC-04,West,SKU-SKU-103,669,6.4,563,581,1,106,581,956,95
5/5/2025,DC-04,West,SKU-SKU-103,669,11.6,581,541,1,87,541,956,95
5/12/2025,DC-04,West,SKU-SKU-103,456,9.7,541,587,0,0,502,956,95
5/19/2025,DC-04,West,SKU-SKU-103,766,8,587,614,1,179,614,956,95
5/26/2025,DC-04,West,SKU-SKU-103,612,9.5,614,613,0,0,611,956,95
6/2/2025,DC-04,West,SKU-SKU-103,388,10.6,613,829,0,0,605,956,95
6/9/2025,DC-04,West,SKU-SKU-103,386,8.1,829,876,0,0,433,956,95
6/16/2025,DC-04,West,SKU-SKU-103,421,8.1,876,891,0,0,436,956,95
6/23/2025,DC-04,West,SKU-SKU-103,320,5.7,891,1038,0,0,467,956,95
6/30/2025,DC-04,West,SKU-SKU-103,534,7.6,1038,942,0,0,438,956,95
7/7/2025,DC-04,West,SKU-SKU-103,586,5.6,942,800,0,0,444,956,95
7/14/2025,DC-04,West,SKU-SKU-103,333,2.6,800,989,0,0,521,956,95
7/21/2025,DC-04,West,SKU-SKU-103,240,10.8,989,1182,0,0,433,956,95
7/28/2025,DC-04,West,SKU-SKU-103,497,12.3,1182,1219,0,0,534,956,95
8/4/2025,DC-04,West,SKU-SKU-103,422,11.9,1219,1268,0,0,471,956,95
8/11/2025,DC-04,West,SKU-SKU-103,625,8.6,1268,1099,0,0,457,956,95
8/18/2025,DC-04,West,SKU-SKU-103,381,9.2,1099,1255,0,0,537,956,95
8/25/2025,DC-04,West,SKU-SKU-103,264,8.6,1255,1554,0,0,563,956,95
9/1/2025,DC-04,West,SKU-SKU-103,392,9.5,1554,1163,0,0,0,956,95
9/8/2025,DC-04,West,SKU-SKU-103,521,10,1163,1222,0,0,580,956,95
9/15/2025,DC-04,West,SKU-SKU-103,504,9.1,1222,1169,0,0,451,956,95
9/22/2025,DC-04,West,SKU-SKU-103,294,7.8,1169,1321,0,0,446,956,95
9/29/2025,DC-04,West,SKU-SKU-103,331,10.7,1321,1485,0,0,495,956,95
10/6/2025,DC-04,West,SKU-SKU-103,753,9.9,1485,732,0,0,0,956,95
10/13/2025,DC-04,West,SKU-SKU-103,307,9.3,732,960,0,0,535,956,95
10/20/2025,DC-04,West,SKU-SKU-103,180,11.2,960,1342,0,0,562,956,95
10/27/2025,DC-04,West,SKU-SKU-103,451,6,1342,1361,0,0,470,956,95
11/3/2025,DC-04,West,SKU-SKU-103,134,8.3,1361,1689,0,0,462,956,95
11/10/2025,DC-04,West,SKU-SKU-103,554,7.4,1689,1136,0,0,0,956,95
11/17/2025,DC-04,West,SKU-SKU-103,633,7.7,1136,1066,0,0,563,956,95
11/24/2025,DC-04,West,SKU-SKU-103,555,9.3,1066,1021,0,0,510,956,95
12/1/2025,DC-04,West,SKU-SKU-103,204,7,1021,1254,0,0,437,956,95
12/8/2025,DC-04,West,SKU-SKU-103,565,11.2,1254,1147,0,0,458,956,95
12/15/2025,DC-04,West,SKU-SKU-103,422,8.5,1147,1215,0,0,490,956,95
12/22/2025,DC-04,West,SKU-SKU-103,465,6.8,1215,1316,0,0,566,956,95
12/29/2025,DC-04,West,SKU-SKU-103,329,5.7,1316,1421,0,0,434,956,95
1/5/2026,DC-04,West,SKU-SKU-103,396,9.9,1421,1619,0,0,594,956,95
1/12/2026,DC-04,West,SKU-SKU-103,377,8,1619,1242,0,0,0,956,95
1/19/2026,DC-04,West,SKU-SKU-103,538,8.6,1242,1268,0,0,564,956,95
1/26/2026,DC-04,West,SKU-SKU-103,752,9.5,1268,973,0,0,456,956,95
2/2/2026,DC-04,West,SKU-SKU-103,610,8.2,973,980,0,0,617,956,95
2/9/2026,DC-04,West,SKU-SKU-103,525,8,980,1015,0,0,560,956,95
2/16/2026,DC-04,West,SKU-SKU-103,433,12,1015,1077,0,0,496,956,95
2/23/2026,DC-04,West,SKU-SKU-103,380,11,1077,1246,0,0,549,956,95
3/2/2026,DC-04,West,SKU-SKU-103,857,7.1,1246,868,0,0,479,956,95
3/9/2026,DC-04,West,SKU-SKU-103,598,9.5,868,761,0,0,491,956,95
3/16/2026,DC-04,West,SKU-SKU-103,620,14.5,761,630,0,0,489,956,95
3/23/2026,DC-04,West,SKU-SKU-103,741,6.4,630,490,1,111,490,956,95
3/30/2026,DC-04,West,SKU-SKU-103,731,10.7,490,619,1,241,619,956,95
4/6/2026,DC-04,West,SKU-SKU-103,432,6.7,619,762,0,0,575,956,95
4/13/2026,DC-04,West,SKU-SKU-103,503,15.8,762,875,0,0,616,956,95
4/20/2026,DC-04,West,SKU-SKU-103,555,10,875,778,0,0,458,956,95
4/27/2026,DC-04,West,SKU-SKU-103,847,9.7,778,529,1,69,529,956,95
5/4/2026,DC-04,West,SKU-SKU-103,494,10.8,529,482,0,0,447,956,95
5/11/2026,DC-04,West,SKU-SKU-103,628,7.3,482,603,1,145,603,956,95
5/18/2026,DC-04,West,SKU-SKU-103,624,12.4,603,519,1,22,519,956,95
5/25/2026,DC-04,West,SKU-SKU-103,468,8.2,519,502,0,0,452,956,95
6/1/2026,DC-04,West,SKU-SKU-103,692,5.8,502,611,1,190,611,956,95
6/8/2026,DC-04,West,SKU-SKU-103,522,13.4,611,563,0,0,474,956,95
6/15/2026,DC-04,West,SKU-SKU-103,554,8.6,563,472,0,0,463,956,95
6/22/2026,DC-04,West,SKU-SKU-103,499,8.3,472,610,1,27,610,956,95
6/29/2026,DC-04,West,SKU-SKU-103,680,7.9,610,553,1,70,553,956,95
7/6/2026,DC-04,West,SKU-SKU-103,187,7.5,553,853,0,0,487,956,95
7/13/2026,DC-04,West,SKU-SKU-103,340,6.2,853,1046,0,0,533,956,95
7/20/2026,DC-04,West,SKU-SKU-103,469,10.9,1046,1070,0,0,494,956,95
7/27/2026,DC-04,West,SKU-SKU-103,431,5.4,1070,1217,0,0,577,956,95
8/3/2026,DC-04,West,SKU-SKU-103,592,5.8,1217,1097,0,0,472,956,95
8/10/2026,DC-04,West,SKU-SKU-103,794,10.7,1097,895,0,0,593,956,95
8/17/2026,DC-04,West,SKU-SKU-103,633,9.4,895,700,0,0,438,956,95
8/24/2026,DC-04,West,SKU-SKU-103,449,5.9,700,747,0,0,496,956,95
9/2/2024,DC-04,West,SKU-SKU-201,187,6.7,1239,1051,0,0,0,826,95
9/9/2024,DC-04,West,SKU-SKU-201,100,7.8,1051,1479,0,0,528,826,95
9/16/2024,DC-04,West,SKU-SKU-201,359,6.8,1479,1120,0,0,0,826,95
9/23/2024,DC-04,West,SKU-SKU-201,183,7.9,1120,1471,0,0,533,826,95
9/30/2024,DC-04,West,SKU-SKU-201,140,11.3,1471,1331,0,0,0,826,95
10/7/2024,DC-04,West,SKU-SKU-201,516,8.4,1331,815,0,0,0,826,95
10/14/2024,DC-04,West,SKU-SKU-201,0,5.9,815,1189,0,0,374,826,95
10/21/2024,DC-04,West,SKU-SKU-201,451,6.9,1189,1220,0,0,482,826,95
10/28/2024,DC-04,West,SKU-SKU-201,323,10.4,1220,1297,0,0,401,826,95
11/4/2024,DC-04,West,SKU-SKU-201,578,8.4,1297,719,0,0,0,826,95
11/11/2024,DC-04,West,SKU-SKU-201,246,10.4,719,867,0,0,394,826,95
11/18/2024,DC-04,West,SKU-SKU-201,423,9.5,867,956,0,0,513,826,95
11/25/2024,DC-04,West,SKU-SKU-201,486,10.9,956,904,0,0,433,826,95
12/2/2024,DC-04,West,SKU-SKU-201,514,11.7,904,795,0,0,405,826,95
12/9/2024,DC-04,West,SKU-SKU-201,161,6.9,795,1102,0,0,469,826,95
12/16/2024,DC-04,West,SKU-SKU-201,984,9.6,1102,550,0,0,431,826,95
12/23/2024,DC-04,West,SKU-SKU-201,365,11.4,550,610,0,0,425,826,95
12/30/2024,DC-04,West,SKU-SKU-201,538,5.5,610,530,0,0,458,826,95
1/6/2025,DC-04,West,SKU-SKU-201,283,6.2,530,638,0,0,392,826,95
1/13/2025,DC-04,West,SKU-SKU-201,575,6.6,638,504,0,0,440,826,95
1/20/2025,DC-04,West,SKU-SKU-201,78,6.9,504,962,0,0,536,826,95
1/27/2025,DC-04,West,SKU-SKU-201,544,8.9,962,880,0,0,462,826,95
2/3/2025,DC-04,West,SKU-SKU-201,216,12.7,880,1053,0,0,388,826,95
2/10/2025,DC-04,West,SKU-SKU-201,682,8.3,1053,796,0,0,426,826,95
2/17/2025,DC-04,West,SKU-SKU-201,556,7,796,756,0,0,516,826,95
2/24/2025,DC-04,West,SKU-SKU-201,285,11.7,756,870,0,0,399,826,95
3/3/2025,DC-04,West,SKU-SKU-201,470,11.8,870,884,0,0,483,826,95
3/10/2025,DC-04,West,SKU-SKU-201,774,7.3,884,575,0,0,465,826,95
3/17/2025,DC-04,West,SKU-SKU-201,706,10.3,575,404,1,131,404,826,95
3/24/2025,DC-04,West,SKU-SKU-201,362,8.8,404,447,0,0,404,826,95
3/31/2025,DC-04,West,SKU-SKU-201,568,10.9,447,526,1,122,526,826,95
4/7/2025,DC-04,West,SKU-SKU-201,693,8.4,526,396,1,168,396,826,95
4/14/2025,DC-04,West,SKU-SKU-201,634,11.2,396,465,1,238,465,826,95
4/21/2025,DC-04,West,SKU-SKU-201,691,10.5,465,415,1,227,415,826,95
4/28/2025,DC-04,West,SKU-SKU-201,215,9.6,415,659,0,0,460,826,95
5/5/2025,DC-04,West,SKU-SKU-201,413,10.2,659,773,0,0,527,826,95
5/12/2025,DC-04,West,SKU-SKU-201,608,8.5,773,566,0,0,402,826,95
5/19/2025,DC-04,West,SKU-SKU-201,134,2,566,968,0,0,536,826,95
5/26/2025,DC-04,West,SKU-SKU-201,459,13.1,968,1025,0,0,516,826,95
6/2/2025,DC-04,West,SKU-SKU-201,315,9.3,1025,1121,0,0,411,826,95
6/9/2025,DC-04,West,SKU-SKU-201,618,3.6,1121,979,0,0,476,826,95
6/16/2025,DC-04,West,SKU-SKU-201,269,6.3,979,1145,0,0,435,826,95
6/23/2025,DC-04,West,SKU-SKU-201,505,4.3,1145,1020,0,0,381,826,95
6/30/2025,DC-04,West,SKU-SKU-201,264,8.1,1020,1263,0,0,507,826,95
7/7/2025,DC-04,West,SKU-SKU-201,227,9.5,1263,1035,0,0,0,826,95
7/14/2025,DC-04,West,SKU-SKU-201,880,8.5,1035,623,0,0,467,826,95
7/21/2025,DC-04,West,SKU-SKU-201,327,6.7,623,758,0,0,462,826,95
7/28/2025,DC-04,West,SKU-SKU-201,561,5.8,758,646,0,0,449,826,95
8/4/2025,DC-04,West,SKU-SKU-201,226,9.5,646,899,0,0,479,826,95
8/11/2025,DC-04,West,SKU-SKU-201,280,7.6,899,1138,0,0,519,826,95
8/18/2025,DC-04,West,SKU-SKU-201,674,11.7,1138,853,0,0,389,826,95
8/25/2025,DC-04,West,SKU-SKU-201,385,10.3,853,936,0,0,468,826,95
9/1/2025,DC-04,West,SKU-SKU-201,87,8.8,936,1228,0,0,378,826,95
9/8/2025,DC-04,West,SKU-SKU-201,214,7.2,1228,1416,0,0,403,826,95
9/15/2025,DC-04,West,SKU-SKU-201,440,7.7,1416,976,0,0,0,826,95
9/22/2025,DC-04,West,SKU-SKU-201,464,7,976,959,0,0,446,826,95
9/29/2025,DC-04,West,SKU-SKU-201,467,4.2,959,881,0,0,390,826,95
10/6/2025,DC-04,West,SKU-SKU-201,0,7.1,881,1399,0,0,518,826,95
10/13/2025,DC-04,West,SKU-SKU-201,234,10,1399,1165,0,0,0,826,95
10/20/2025,DC-04,West,SKU-SKU-201,842,3.6,1165,783,0,0,460,826,95
10/27/2025,DC-04,West,SKU-SKU-201,406,8,783,870,0,0,493,826,95
11/3/2025,DC-04,West,SKU-SKU-201,664,8.7,870,646,0,0,439,826,95
11/10/2025,DC-04,West,SKU-SKU-201,507,7.7,646,563,0,0,424,826,95
11/17/2025,DC-04,West,SKU-SKU-201,399,5.2,563,588,0,0,424,826,95
11/24/2025,DC-04,West,SKU-SKU-201,667,9.4,588,497,1,79,497,826,95
12/1/2025,DC-04,West,SKU-SKU-201,644,11.3,497,505,1,147,505,826,95
12/8/2025,DC-04,West,SKU-SKU-201,714,11.6,505,448,1,209,448,826,95
12/15/2025,DC-04,West,SKU-SKU-201,720,2.2,448,478,1,273,478,826,95
12/22/2025,DC-04,West,SKU-SKU-201,448,10.3,478,500,0,0,469,826,95
12/29/2025,DC-04,West,SKU-SKU-201,140,12.7,500,862,0,0,502,826,95
1/5/2026,DC-04,West,SKU-SKU-201,506,7.1,862,884,0,0,528,826,95
1/12/2026,DC-04,West,SKU-SKU-201,264,6.7,884,1025,0,0,404,826,95
1/19/2026,DC-04,West,SKU-SKU-201,519,6.3,1025,974,0,0,467,826,95
1/26/2026,DC-04,West,SKU-SKU-201,0,2,974,1418,0,0,445,826,95
2/2/2026,DC-04,West,SKU-SKU-201,866,2,1418,552,0,0,0,826,95
2/9/2026,DC-04,West,SKU-SKU-201,341,12.6,552,700,0,0,489,826,95
2/16/2026,DC-04,West,SKU-SKU-201,690,7.6,700,440,0,0,430,826,95
2/23/2026,DC-04,West,SKU-SKU-201,760,9.3,440,487,1,320,487,826,95
3/2/2026,DC-04,West,SKU-SKU-201,235,7.2,487,740,0,0,488,826,95
3/9/2026,DC-04,West,SKU-SKU-201,652,3.9,740,533,0,0,445,826,95
3/16/2026,DC-04,West,SKU-SKU-201,282,7.8,533,756,0,0,505,826,95
3/23/2026,DC-04,West,SKU-SKU-201,881,9.6,756,443,1,125,443,826,95
3/30/2026,DC-04,West,SKU-SKU-201,348,10.1,443,482,0,0,387,826,95
4/6/2026,DC-04,West,SKU-SKU-201,276,10.2,482,703,0,0,497,826,95
4/13/2026,DC-04,West,SKU-SKU-201,527,9.1,703,675,0,0,499,826,95
4/20/2026,DC-04,West,SKU-SKU-201,661,6.4,675,426,0,0,412,826,95
4/27/2026,DC-04,West,SKU-SKU-201,296,6.8,426,605,0,0,475,826,95
5/4/2026,DC-04,West,SKU-SKU-201,589,9,605,430,0,0,415,826,95
5/11/2026,DC-04,West,SKU-SKU-201,312,3.9,430,494,0,0,376,826,95
5/18/2026,DC-04,West,SKU-SKU-201,529,11.3,494,492,1,35,492,826,95
5/25/2026,DC-04,West,SKU-SKU-201,418,7.7,492,542,0,0,468,826,95
6/1/2026,DC-04,West,SKU-SKU-201,631,9.3,542,514,1,89,514,826,95
6/8/2026,DC-04,West,SKU-SKU-201,145,8,514,762,0,0,393,826,95
6/15/2026,DC-04,West,SKU-SKU-201,224,11.1,762,1018,0,0,480,826,95
6/22/2026,DC-04,West,SKU-SKU-201,245,10.5,1018,1156,0,0,383,826,95
6/29/2026,DC-04,West,SKU-SKU-201,467,6.3,1156,1211,0,0,522,826,95
7/6/2026,DC-04,West,SKU-SKU-201,394,9.8,1211,1209,0,0,393,826,95
7/13/2026,DC-04,West,SKU-SKU-201,256,9.3,1209,1414,0,0,461,826,95
7/20/2026,DC-04,West,SKU-SKU-201,641,15.1,1414,773,0,0,0,826,95
7/27/2026,DC-04,West,SKU-SKU-201,395,9.6,773,804,0,0,425,826,95
8/3/2026,DC-04,West,SKU-SKU-201,354,10,804,955,0,0,505,826,95
8/10/2026,DC-04,West,SKU-SKU-201,196,7.2,955,1134,0,0,376,826,95
8/17/2026,DC-04,West,SKU-SKU-201,293,6.5,1134,1289,0,0,448,826,95
8/24/2026,DC-04,West,SKU-SKU-201,574,5.4,1289,715,0,0,0,826,95
9/2/2024,DC-04,West,SKU-SKU-202,593,7.1,1571,977,0,0,0,1047,95
9/9/2024,DC-04,West,SKU-SKU-202,408,8,977,1116,0,0,546,1047,95
9/16/2024,DC-04,West,SKU-SKU-202,140,7,1116,1614,0,0,639,1047,95
9/23/2024,DC-04,West,SKU-SKU-202,160,8,1614,1455,0,0,0,1047,95
9/30/2024,DC-04,West,SKU-SKU-202,382,7.2,1455,1660,0,0,587,1047,95
10/7/2024,DC-04,West,SKU-SKU-202,569,6.3,1660,1090,0,0,0,1047,95
10/14/2024,DC-04,West,SKU-SKU-202,376,9.5,1090,1329,0,0,615,1047,95
10/21/2024,DC-04,West,SKU-SKU-202,581,11.4,1329,1424,0,0,677,1047,95
10/28/2024,DC-04,West,SKU-SKU-202,658,6.6,1424,1261,0,0,494,1047,95
11/4/2024,DC-04,West,SKU-SKU-202,755,8.5,1261,981,0,0,475,1047,95
11/11/2024,DC-04,West,SKU-SKU-202,366,6.1,981,1087,0,0,472,1047,95
11/18/2024,DC-04,West,SKU-SKU-202,849,7.5,1087,725,0,0,487,1047,95
11/25/2024,DC-04,West,SKU-SKU-202,854,8.1,725,474,1,129,474,1047,95
12/2/2024,DC-04,West,SKU-SKU-202,442,7.1,474,676,0,0,644,1047,95
12/9/2024,DC-04,West,SKU-SKU-202,87,7.3,676,1179,0,0,590,1047,95
12/16/2024,DC-04,West,SKU-SKU-202,527,14.2,1179,1219,0,0,567,1047,95
12/23/2024,DC-04,West,SKU-SKU-202,572,7.4,1219,1286,0,0,639,1047,95
12/30/2024,DC-04,West,SKU-SKU-202,536,6.4,1286,1255,0,0,505,1047,95
1/6/2025,DC-04,West,SKU-SKU-202,375,7.6,1255,1407,0,0,527,1047,95
1/13/2025,DC-04,West,SKU-SKU-202,504,12.2,1407,1441,0,0,538,1047,95
1/20/2025,DC-04,West,SKU-SKU-202,356,6.2,1441,1669,0,0,584,1047,95
1/27/2025,DC-04,West,SKU-SKU-202,819,7.6,1669,849,0,0,0,1047,95
2/3/2025,DC-04,West,SKU-SKU-202,343,9,849,1092,0,0,586,1047,95
2/10/2025,DC-04,West,SKU-SKU-202,935,6.5,1092,830,0,0,674,1047,95
2/17/2025,DC-04,West,SKU-SKU-202,510,6.1,830,806,0,0,485,1047,95
2/24/2025,DC-04,West,SKU-SKU-202,548,10.8,806,807,0,0,549,1047,95
3/3/2025,DC-04,West,SKU-SKU-202,546,5.2,807,751,0,0,491,1047,95
3/10/2025,DC-04,West,SKU-SKU-202,468,10,751,950,0,0,667,1047,95
3/17/2025,DC-04,West,SKU-SKU-202,701,8.2,950,860,0,0,611,1047,95
3/24/2025,DC-04,West,SKU-SKU-202,767,11,860,637,0,0,544,1047,95
3/31/2025,DC-04,West,SKU-SKU-202,790,8.9,637,594,1,153,594,1047,95
4/7/2025,DC-04,West,SKU-SKU-202,775,8.4,594,609,1,181,609,1047,95
4/14/2025,DC-04,West,SKU-SKU-202,601,3.4,609,630,0,0,622,1047,95
4/21/2025,DC-04,West,SKU-SKU-202,475,9.2,630,718,0,0,563,1047,95
4/28/2025,DC-04,West,SKU-SKU-202,519,10.5,718,872,0,0,673,1047,95
5/5/2025,DC-04,West,SKU-SKU-202,543,7.5,872,879,0,0,550,1047,95
5/12/2025,DC-04,West,SKU-SKU-202,673,6.9,879,855,0,0,649,1047,95
5/19/2025,DC-04,West,SKU-SKU-202,558,6.8,855,948,0,0,651,1047,95
5/26/2025,DC-04,West,SKU-SKU-202,651,6.7,948,778,0,0,482,1047,95
6/2/2025,DC-04,West,SKU-SKU-202,378,8.7,778,986,0,0,585,1047,95
6/9/2025,DC-04,West,SKU-SKU-202,526,11.7,986,1103,0,0,643,1047,95
6/16/2025,DC-04,West,SKU-SKU-202,374,9,1103,1242,0,0,513,1047,95
6/23/2025,DC-04,West,SKU-SKU-202,1031,4.8,1242,839,0,0,628,1047,95
6/30/2025,DC-04,West,SKU-SKU-202,965,9.1,839,526,1,126,526,1047,95
7/7/2025,DC-04,West,SKU-SKU-202,236,7.6,526,868,0,0,578,1047,95
7/14/2025,DC-04,West,SKU-SKU-202,129,10.6,868,1379,0,0,641,1047,95
7/21/2025,DC-04,West,SKU-SKU-202,704,3.9,1379,1314,0,0,639,1047,95
7/28/2025,DC-04,West,SKU-SKU-202,642,5.8,1314,1156,0,0,483,1047,95
8/4/2025,DC-04,West,SKU-SKU-202,439,5.8,1156,1280,0,0,563,1047,95
8/11/2025,DC-04,West,SKU-SKU-202,443,8.7,1280,1314,0,0,477,1047,95
8/18/2025,DC-04,West,SKU-SKU-202,437,10,1314,1436,0,0,559,1047,95
8/25/2025,DC-04,West,SKU-SKU-202,457,5.4,1436,1606,0,0,627,1047,95
9/1/2025,DC-04,West,SKU-SKU-202,468,9.8,1606,1138,0,0,0,1047,95
9/8/2025,DC-04,West,SKU-SKU-202,663,9.8,1138,1118,0,0,643,1047,95
9/15/2025,DC-04,West,SKU-SKU-202,617,7.9,1118,1172,0,0,671,1047,95
9/22/2025,DC-04,West,SKU-SKU-202,569,10.2,1172,1134,0,0,531,1047,95
9/29/2025,DC-04,West,SKU-SKU-202,536,8.9,1134,1121,0,0,523,1047,95
10/6/2025,DC-04,West,SKU-SKU-202,701,10.8,1121,973,0,0,552,1047,95
10/13/2025,DC-04,West,SKU-SKU-202,587,7.2,973,898,0,0,513,1047,95
10/20/2025,DC-04,West,SKU-SKU-202,386,8,898,988,0,0,475,1047,95
10/27/2025,DC-04,West,SKU-SKU-202,228,3.8,988,1413,0,0,653,1047,95
11/3/2025,DC-04,West,SKU-SKU-202,324,11.4,1413,1738,0,0,650,1047,95
11/10/2025,DC-04,West,SKU-SKU-202,590,6,1738,1148,0,0,0,1047,95
11/17/2025,DC-04,West,SKU-SKU-202,411,8.9,1148,1392,0,0,655,1047,95
11/24/2025,DC-04,West,SKU-SKU-202,603,2,1392,1389,0,0,600,1047,95
12/1/2025,DC-04,West,SKU-SKU-202,655,6.8,1389,1265,0,0,531,1047,95
12/8/2025,DC-04,West,SKU-SKU-202,730,16,1265,1126,0,0,591,1047,95
12/15/2025,DC-04,West,SKU-SKU-202,485,7.9,1126,1239,0,0,598,1047,95
12/22/2025,DC-04,West,SKU-SKU-202,727,9.6,1239,1044,0,0,533,1047,95
12/29/2025,DC-04,West,SKU-SKU-202,595,2.4,1044,969,0,0,520,1047,95
1/5/2026,DC-04,West,SKU-SKU-202,53,9.4,969,1510,0,0,594,1047,95
1/12/2026,DC-04,West,SKU-SKU-202,537,7.9,1510,1547,0,0,573,1047,95
1/19/2026,DC-04,West,SKU-SKU-202,465,7.4,1547,1749,0,0,667,1047,95
1/26/2026,DC-04,West,SKU-SKU-202,387,7.5,1749,1361,0,0,0,1047,95
2/2/2026,DC-04,West,SKU-SKU-202,491,9,1361,1393,0,0,522,1047,95
2/9/2026,DC-04,West,SKU-SKU-202,373,9.1,1393,1692,0,0,672,1047,95
2/16/2026,DC-04,West,SKU-SKU-202,568,8.9,1692,1123,0,0,0,1047,95
2/23/2026,DC-04,West,SKU-SKU-202,555,7.7,1123,1123,0,0,555,1047,95
3/2/2026,DC-04,West,SKU-SKU-202,442,12.8,1123,1327,0,0,645,1047,95
3/9/2026,DC-04,West,SKU-SKU-202,767,10.1,1327,1103,0,0,543,1047,95
3/16/2026,DC-04,West,SKU-SKU-202,392,9.2,1103,1306,0,0,595,1047,95
3/23/2026,DC-04,West,SKU-SKU-202,737,11.5,1306,1233,0,0,664,1047,95
3/30/2026,DC-04,West,SKU-SKU-202,881,11.2,1233,900,0,0,548,1047,95
4/6/2026,DC-04,West,SKU-SKU-202,520,6.9,900,902,0,0,522,1047,95
4/13/2026,DC-04,West,SKU-SKU-202,634,12.1,902,771,0,0,503,1047,95
4/20/2026,DC-04,West,SKU-SKU-202,470,9,771,857,0,0,556,1047,95
4/27/2026,DC-04,West,SKU-SKU-202,646,5.3,857,832,0,0,621,1047,95
5/4/2026,DC-04,West,SKU-SKU-202,305,5.8,832,1178,0,0,650,1047,95
5/11/2026,DC-04,West,SKU-SKU-202,800,7.3,1178,1028,0,0,651,1047,95
5/18/2026,DC-04,West,SKU-SKU-202,459,5.7,1028,1051,0,0,481,1047,95
5/25/2026,DC-04,West,SKU-SKU-202,398,6.2,1051,1197,0,0,544,1047,95
6/1/2026,DC-04,West,SKU-SKU-202,568,10.2,1197,1285,0,0,657,1047,95
6/8/2026,DC-04,West,SKU-SKU-202,539,7.7,1285,1290,0,0,544,1047,95
6/15/2026,DC-04,West,SKU-SKU-202,510,9.6,1290,1341,0,0,560,1047,95
6/22/2026,DC-04,West,SKU-SKU-202,404,8.1,1341,1504,0,0,568,1047,95
6/29/2026,DC-04,West,SKU-SKU-202,570,6.7,1504,1471,0,0,536,1047,95
7/6/2026,DC-04,West,SKU-SKU-202,67,11.5,1471,2084,0,0,680,1047,95
7/13/2026,DC-04,West,SKU-SKU-202,625,6.4,2084,1459,0,0,0,1047,95
7/20/2026,DC-04,West,SKU-SKU-202,432,6.9,1459,1688,0,0,660,1047,95
7/27/2026,DC-04,West,SKU-SKU-202,534,9.5,1688,1154,0,0,0,1047,95
8/3/2026,DC-04,West,SKU-SKU-202,305,9.2,1154,1474,0,0,625,1047,95
8/10/2026,DC-04,West,SKU-SKU-202,718,5.2,1474,1413,0,0,657,1047,95
8/17/2026,DC-04,West,SKU-SKU-202,547,8.9,1413,1526,0,0,660,1047,95
8/24/2026,DC-04,West,SKU-SKU-202,682,7,1526,1517,0,0,672,1047,95
9/2/2024,DC-04,West,SKU-SKU-203,401,8,971,569,0,0,0,647,95
9/9/2024,DC-04,West,SKU-SKU-203,263,7.9,569,618,0,0,311,647,95
9/16/2024,DC-04,West,SKU-SKU-203,265,8.2,618,727,0,0,374,647,95
9/23/2024,DC-04,West,SKU-SKU-203,246,8.6,727,866,0,0,386,647,95
9/30/2024,DC-04,West,SKU-SKU-203,313,7.3,866,896,0,0,343,647,95
10/7/2024,DC-04,West,SKU-SKU-203,448,4.8,896,852,0,0,404,647,95
10/14/2024,DC-04,West,SKU-SKU-203,196,9.9,852,1018,0,0,362,647,95
10/21/2024,DC-04,West,SKU-SKU-203,181,10.6,1018,838,0,0,0,647,95
10/28/2024,DC-04,West,SKU-SKU-203,125,10,838,1035,0,0,322,647,95
11/4/2024,DC-04,West,SKU-SKU-203,366,8.9,1035,669,0,0,0,647,95
11/11/2024,DC-04,West,SKU-SKU-203,368,14.6,669,705,0,0,405,647,95
11/18/2024,DC-04,West,SKU-SKU-203,300,13.4,705,785,0,0,381,647,95
11/25/2024,DC-04,West,SKU-SKU-203,274,12.7,785,843,0,0,332,647,95
12/2/2024,DC-04,West,SKU-SKU-203,171,8.7,843,1084,0,0,412,647,95
12/9/2024,DC-04,West,SKU-SKU-203,304,8.1,1084,780,0,0,0,647,95
12/16/2024,DC-04,West,SKU-SKU-203,176,9.9,780,974,0,0,370,647,95
12/23/2024,DC-04,West,SKU-SKU-203,368,10.7,974,606,0,0,0,647,95
12/30/2024,DC-04,West,SKU-SKU-203,235,5.9,606,781,0,0,410,647,95
1/6/2025,DC-04,West,SKU-SKU-203,368,8.7,781,736,0,0,323,647,95
1/13/2025,DC-04,West,SKU-SKU-203,303,8.5,736,766,0,0,333,647,95
1/20/2025,DC-04,West,SKU-SKU-203,354,10.5,766,778,0,0,366,647,95
1/27/2025,DC-04,West,SKU-SKU-203,550,3.7,778,624,0,0,397,647,95
2/3/2025,DC-04,West,SKU-SKU-203,502,6.1,624,444,0,0,322,647,95
2/10/2025,DC-04,West,SKU-SKU-203,345,8,444,481,0,0,382,647,95
2/17/2025,DC-04,West,SKU-SKU-203,378,7.3,481,447,0,0,344,647,95
2/24/2025,DC-04,West,SKU-SKU-203,390,7,447,452,0,0,395,647,95
3/3/2025,DC-04,West,SKU-SKU-203,315,7.4,452,499,0,0,362,647,95
3/10/2025,DC-04,West,SKU-SKU-203,156,7.7,499,703,0,0,360,647,95
3/17/2025,DC-04,West,SKU-SKU-203,554,12,703,489,0,0,340,647,95
3/24/2025,DC-04,West,SKU-SKU-203,371,6.8,489,448,0,0,330,647,95
3/31/2025,DC-04,West,SKU-SKU-203,236,6.3,448,578,0,0,365,647,95
4/7/2025,DC-04,West,SKU-SKU-203,359,8.9,578,605,0,0,387,647,95
4/14/2025,DC-04,West,SKU-SKU-203,266,9.7,605,702,0,0,362,647,95
4/21/2025,DC-04,West,SKU-SKU-203,264,6.9,702,836,0,0,399,647,95
4/28/2025,DC-04,West,SKU-SKU-203,427,8.1,836,755,0,0,346,647,95
5/5/2025,DC-04,West,SKU-SKU-203,222,4.2,755,896,0,0,363,647,95
5/12/2025,DC-04,West,SKU-SKU-203,424,6.6,896,842,0,0,370,647,95
5/19/2025,DC-04,West,SKU-SKU-203,250,7.3,842,890,0,0,298,647,95
5/26/2025,DC-04,West,SKU-SKU-203,246,7,890,1010,0,0,366,647,95
6/2/2025,DC-04,West,SKU-SKU-203,441,8.3,1010,569,0,0,0,647,95
6/9/2025,DC-04,West,SKU-SKU-203,183,5.9,569,712,0,0,326,647,95
6/16/2025,DC-04,West,SKU-SKU-203,446,6.9,712,602,0,0,335,647,95
6/23/2025,DC-04,West,SKU-SKU-203,364,12.8,602,537,0,0,299,647,95
6/30/2025,DC-04,West,SKU-SKU-203,512,10.2,537,371,0,0,347,647,95
7/7/2025,DC-04,West,SKU-SKU-203,384,6.6,371,296,1,12,296,647,95
7/14/2025,DC-04,West,SKU-SKU-203,370,6.9,296,383,1,74,383,647,95
7/21/2025,DC-04,West,SKU-SKU-203,300,8.5,383,470,0,0,386,647,95
7/28/2025,DC-04,West,SKU-SKU-203,376,10.5,470,474,0,0,380,647,95
8/4/2025,DC-04,West,SKU-SKU-203,525,9,474,410,1,51,410,647,95
8/11/2025,DC-04,West,SKU-SKU-203,433,8.4,410,384,1,23,384,647,95
8/18/2025,DC-04,West,SKU-SKU-203,230,7.3,384,506,0,0,353,647,95
8/25/2025,DC-04,West,SKU-SKU-203,197,5.6,506,612,0,0,303,647,95
9/1/2025,DC-04,West,SKU-SKU-203,501,5,612,433,0,0,322,647,95
9/8/2025,DC-04,West,SKU-SKU-203,173,4.1,433,644,0,0,384,647,95
9/15/2025,DC-04,West,SKU-SKU-203,282,7.4,644,768,0,0,406,647,95
9/22/2025,DC-04,West,SKU-SKU-203,215,5.3,768,921,0,0,368,647,95
9/29/2025,DC-04,West,SKU-SKU-203,217,11,921,1087,0,0,382,647,95
10/6/2025,DC-04,West,SKU-SKU-203,237,7.2,1087,849,0,0,0,647,95
10/13/2025,DC-04,West,SKU-SKU-203,46,10.4,849,1112,0,0,309,647,95
10/20/2025,DC-04,West,SKU-SKU-203,332,6.2,1112,780,0,0,0,647,95
10/27/2025,DC-04,West,SKU-SKU-203,284,5.5,780,848,0,0,352,647,95
11/3/2025,DC-04,West,SKU-SKU-203,430,7.6,848,761,0,0,343,647,95
11/10/2025,DC-04,West,SKU-SKU-203,130,6.1,761,1027,0,0,396,647,95
11/17/2025,DC-04,West,SKU-SKU-203,262,6.9,1027,764,0,0,0,647,95
11/24/2025,DC-04,West,SKU-SKU-203,263,9.6,764,834,0,0,332,647,95
12/1/2025,DC-04,West,SKU-SKU-203,356,5.9,834,892,0,0,414,647,95
12/8/2025,DC-04,West,SKU-SKU-203,202,8.7,892,1106,0,0,416,647,95
12/15/2025,DC-04,West,SKU-SKU-203,421,13.3,1106,685,0,0,0,647,95
12/22/2025,DC-04,West,SKU-SKU-203,311,7.1,685,698,0,0,324,647,95
12/29/2025,DC-04,West,SKU-SKU-203,131,8.4,698,958,0,0,392,647,95
1/5/2026,DC-04,West,SKU-SKU-203,204,11.4,958,1055,0,0,301,647,95
1/12/2026,DC-04,West,SKU-SKU-203,287,4.7,1055,769,0,0,0,647,95
1/19/2026,DC-04,West,SKU-SKU-203,362,13,769,794,0,0,387,647,95
1/26/2026,DC-04,West,SKU-SKU-203,264,8.9,794,865,0,0,335,647,95
2/2/2026,DC-04,West,SKU-SKU-203,284,9.9,865,974,0,0,393,647,95
2/9/2026,DC-04,West,SKU-SKU-203,245,9.4,974,729,0,0,0,647,95
2/16/2026,DC-04,West,SKU-SKU-203,516,6.3,729,591,0,0,377,647,95
2/23/2026,DC-04,West,SKU-SKU-203,152,5.8,591,778,0,0,340,647,95
3/2/2026,DC-04,West,SKU-SKU-203,317,6.9,778,855,0,0,394,647,95
3/9/2026,DC-04,West,SKU-SKU-203,254,9.8,855,937,0,0,336,647,95
3/16/2026,DC-04,West,SKU-SKU-203,335,11.8,937,906,0,0,303,647,95
3/23/2026,DC-04,West,SKU-SKU-203,332,11.5,906,972,0,0,398,647,95
3/30/2026,DC-04,West,SKU-SKU-203,321,6.8,972,651,0,0,0,647,95
4/6/2026,DC-04,West,SKU-SKU-203,396,3.7,651,627,0,0,372,647,95
4/13/2026,DC-04,West,SKU-SKU-203,399,6.6,627,536,0,0,308,647,95
4/20/2026,DC-04,West,SKU-SKU-203,367,4.9,536,574,0,0,405,647,95
4/27/2026,DC-04,West,SKU-SKU-203,210,6.8,574,773,0,0,409,647,95
5/4/2026,DC-04,West,SKU-SKU-203,524,10.4,773,555,0,0,307,647,95
5/11/2026,DC-04,West,SKU-SKU-203,290,7.7,555,644,0,0,379,647,95
5/18/2026,DC-04,West,SKU-SKU-203,362,11,644,615,0,0,332,647,95
5/25/2026,DC-04,West,SKU-SKU-203,446,7.7,615,552,0,0,383,647,95
6/1/2026,DC-04,West,SKU-SKU-203,288,14,552,674,0,0,410,647,95
6/8/2026,DC-04,West,SKU-SKU-203,351,10.2,674,709,0,0,386,647,95
6/15/2026,DC-04,West,SKU-SKU-203,446,6.4,709,585,0,0,322,647,95
6/22/2026,DC-04,West,SKU-SKU-203,151,7.2,585,848,0,0,414,647,95
6/29/2026,DC-04,West,SKU-SKU-203,272,10.2,848,973,0,0,397,647,95
7/6/2026,DC-04,West,SKU-SKU-203,448,7.2,973,525,0,0,0,647,95
7/13/2026,DC-04,West,SKU-SKU-203,150,9.5,525,685,0,0,309,647,95
7/20/2026,DC-04,West,SKU-SKU-203,105,7.5,685,910,0,0,329,647,95
7/27/2026,DC-04,West,SKU-SKU-203,64,8.8,910,1173,0,0,328,647,95
8/3/2026,DC-04,West,SKU-SKU-203,224,8.6,1173,950,0,0,0,647,95
8/10/2026,DC-04,West,SKU-SKU-203,76,5.8,950,1234,0,0,360,647,95
8/17/2026,DC-04,West,SKU-SKU-203,343,11.6,1234,891,0,0,0,647,95
8/24/2026,DC-04,West,SKU-SKU-203,303,9.8,891,946,0,0,357,647,95
9/2/2024,DC-04,West,SKU-SKU-301,45,6.7,801,756,0,0,0,534,95
9/9/2024,DC-04,West,SKU-SKU-301,211,8.4,756,865,0,0,319,534,95
9/16/2024,DC-04,West,SKU-SKU-301,0,6.2,865,865,0,0,0,534,95
9/23/2024,DC-04,West,SKU-SKU-301,108,9.2,865,757,0,0,0,534,95
9/30/2024,DC-04,West,SKU-SKU-301,0,13.8,757,1045,0,0,288,534,95
10/7/2024,DC-04,West,SKU-SKU-301,0,5.2,1045,1045,0,0,0,534,95
10/14/2024,DC-04,West,SKU-SKU-301,205,6.1,1045,840,0,0,0,534,95
10/21/2024,DC-04,West,SKU-SKU-301,199,7.4,840,641,0,0,0,534,95
10/28/2024,DC-04,West,SKU-SKU-301,248,8.1,641,649,0,0,256,534,95
11/4/2024,DC-04,West,SKU-SKU-301,500,7.4,649,490,0,0,341,534,95
11/11/2024,DC-04,West,SKU-SKU-301,386,9.3,490,439,0,0,335,534,95
11/18/2024,DC-04,West,SKU-SKU-301,272,7.1,439,471,0,0,304,534,95
11/25/2024,DC-04,West,SKU-SKU-301,397,9,471,401,0,0,327,534,95
12/2/2024,DC-04,West,SKU-SKU-301,0,10.2,401,711,0,0,309,534,95
12/9/2024,DC-04,West,SKU-SKU-301,413,5,711,606,0,0,308,534,95
12/16/2024,DC-04,West,SKU-SKU-301,223,4,606,689,0,0,306,534,95
12/23/2024,DC-04,West,SKU-SKU-301,309,14.5,689,721,0,0,341,534,95
12/30/2024,DC-04,West,SKU-SKU-301,0,8.8,721,1050,0,0,329,534,95
1/6/2025,DC-04,West,SKU-SKU-301,380,8.7,1050,670,0,0,0,534,95
1/13/2025,DC-04,West,SKU-SKU-301,179,10.3,670,744,0,0,254,534,95
1/20/2025,DC-04,West,SKU-SKU-301,325,8.4,744,726,0,0,307,534,95
1/27/2025,DC-04,West,SKU-SKU-301,305,11.5,726,764,0,0,342,534,95
2/3/2025,DC-04,West,SKU-SKU-301,482,3.6,764,568,0,0,286,534,95
2/10/2025,DC-04,West,SKU-SKU-301,129,8.8,568,704,0,0,264,534,95
2/17/2025,DC-04,West,SKU-SKU-301,127,9,704,886,0,0,310,534,95
2/24/2025,DC-04,West,SKU-SKU-301,463,8.9,886,423,0,0,0,534,95
3/3/2025,DC-04,West,SKU-SKU-301,254,7.8,423,425,0,0,255,534,95
3/10/2025,DC-04,West,SKU-SKU-301,582,9,425,261,1,157,261,534,95
3/17/2025,DC-04,West,SKU-SKU-301,461,8,261,261,1,200,261,534,95
3/24/2025,DC-04,West,SKU-SKU-301,325,10.5,261,295,1,64,295,534,95
3/31/2025,DC-04,West,SKU-SKU-301,140,10,295,403,0,0,248,534,95
4/7/2025,DC-04,West,SKU-SKU-301,315,6.5,403,367,0,0,279,534,95
4/14/2025,DC-04,West,SKU-SKU-301,453,9.8,367,323,1,86,323,534,95
4/21/2025,DC-04,West,SKU-SKU-301,332,12.1,323,326,1,9,326,534,95
4/28/2025,DC-04,West,SKU-SKU-301,291,9.4,326,317,0,0,282,534,95
5/5/2025,DC-04,West,SKU-SKU-301,265,7.9,317,392,0,0,340,534,95
5/12/2025,DC-04,West,SKU-SKU-301,262,8.3,392,387,0,0,257,534,95
5/19/2025,DC-04,West,SKU-SKU-301,416,11.4,387,341,1,29,341,534,95
5/26/2025,DC-04,West,SKU-SKU-301,373,9.8,341,309,1,33,309,534,95
6/2/2025,DC-04,West,SKU-SKU-301,7,8.3,309,637,0,0,335,534,95
6/9/2025,DC-04,West,SKU-SKU-301,485,11.3,637,491,0,0,339,534,95
6/16/2025,DC-04,West,SKU-SKU-301,657,9.7,491,260,1,166,260,534,95
6/23/2025,DC-04,West,SKU-SKU-301,420,8.1,260,258,1,160,258,534,95
6/30/2025,DC-04,West,SKU-SKU-301,116,7.2,258,420,0,0,278,534,95
7/7/2025,DC-04,West,SKU-SKU-301,261,6.9,420,503,0,0,344,534,95
7/14/2025,DC-04,West,SKU-SKU-301,452,7.4,503,323,0,0,272,534,95
7/21/2025,DC-04,West,SKU-SKU-301,139,6.5,323,508,0,0,324,534,95
7/28/2025,DC-04,West,SKU-SKU-301,234,6.9,508,527,0,0,252,534,95
8/4/2025,DC-04,West,SKU-SKU-301,442,7.1,527,343,0,0,258,534,95
8/11/2025,DC-04,West,SKU-SKU-301,500,12.8,343,263,1,157,263,534,95
8/18/2025,DC-04,West,SKU-SKU-301,271,6.7,263,343,1,7,343,534,95
8/25/2025,DC-04,West,SKU-SKU-301,148,5,343,495,0,0,300,534,95
9/1/2025,DC-04,West,SKU-SKU-301,52,6.5,495,760,0,0,317,534,95
9/8/2025,DC-04,West,SKU-SKU-301,462,6.8,760,599,0,0,301,534,95
9/15/2025,DC-04,West,SKU-SKU-301,89,12.5,599,773,0,0,264,534,95
9/22/2025,DC-04,West,SKU-SKU-301,123,11,773,975,0,0,325,534,95
9/29/2025,DC-04,West,SKU-SKU-301,295,9.9,975,680,0,0,0,534,95
10/6/2025,DC-04,West,SKU-SKU-301,194,7.7,680,776,0,0,290,534,95
10/13/2025,DC-04,West,SKU-SKU-301,232,9.4,776,809,0,0,264,534,95
10/20/2025,DC-04,West,SKU-SKU-301,317,8.6,809,492,0,0,0,534,95
10/27/2025,DC-04,West,SKU-SKU-301,173,6.8,492,589,0,0,270,534,95
11/3/2025,DC-04,West,SKU-SKU-301,140,7.8,589,740,0,0,290,534,95
11/10/2025,DC-04,West,SKU-SKU-301,314,6.6,740,758,0,0,333,534,95
11/17/2025,DC-04,West,SKU-SKU-301,121,7.6,758,972,0,0,334,534,95
11/24/2025,DC-04,West,SKU-SKU-301,190,4.3,972,781,0,0,0,534,95
12/1/2025,DC-04,West,SKU-SKU-301,268,9.6,781,762,0,0,249,534,95
12/8/2025,DC-04,West,SKU-SKU-301,224,7.7,762,841,0,0,302,534,95
12/15/2025,DC-04,West,SKU-SKU-301,168,12,841,673,0,0,0,534,95
12/22/2025,DC-04,West,SKU-SKU-301,346,10.4,673,578,0,0,252,534,95
12/29/2025,DC-04,West,SKU-SKU-301,429,11.2,578,394,0,0,245,534,95
1/5/2026,DC-04,West,SKU-SKU-301,693,6.3,394,300,1,299,300,534,95
1/12/2026,DC-04,West,SKU-SKU-301,157,7.4,300,401,0,0,258,534,95
1/19/2026,DC-04,West,SKU-SKU-301,181,3.8,401,557,0,0,337,534,95
1/26/2026,DC-04,West,SKU-SKU-301,242,9.4,557,608,0,0,293,534,95
2/2/2026,DC-04,West,SKU-SKU-301,244,8.3,608,685,0,0,321,534,95
2/9/2026,DC-04,West,SKU-SKU-301,414,6.2,685,579,0,0,308,534,95
2/16/2026,DC-04,West,SKU-SKU-301,314,7.8,579,577,0,0,312,534,95
2/23/2026,DC-04,West,SKU-SKU-301,153,9.5,577,666,0,0,242,534,95
3/2/2026,DC-04,West,SKU-SKU-301,428,11.1,666,501,0,0,264,534,95
3/9/2026,DC-04,West,SKU-SKU-301,97,6.9,501,685,0,0,282,534,95
3/16/2026,DC-04,West,SKU-SKU-301,252,6.9,685,748,0,0,314,534,95
3/23/2026,DC-04,West,SKU-SKU-301,135,4.6,748,892,0,0,279,534,95
3/30/2026,DC-04,West,SKU-SKU-301,363,11.8,892,529,0,0,0,534,95
4/6/2026,DC-04,West,SKU-SKU-301,602,7.8,529,273,1,73,273,534,95
4/13/2026,DC-04,West,SKU-SKU-301,308,8.8,273,333,1,36,333,534,95
4/20/2026,DC-04,West,SKU-SKU-301,8,5.4,333,589,0,0,264,534,95
4/27/2026,DC-04,West,SKU-SKU-301,259,7.1,589,671,0,0,341,534,95
5/4/2026,DC-04,West,SKU-SKU-301,469,6.6,671,484,0,0,282,534,95
5/11/2026,DC-04,West,SKU-SKU-301,329,10.4,484,462,0,0,307,534,95
5/18/2026,DC-04,West,SKU-SKU-301,56,8.3,462,743,0,0,337,534,95
5/25/2026,DC-04,West,SKU-SKU-301,264,6.8,743,756,0,0,277,534,95
6/1/2026,DC-04,West,SKU-SKU-301,460,10.1,756,577,0,0,281,534,95
6/8/2026,DC-04,West,SKU-SKU-301,112,10,577,769,0,0,303,534,95
6/15/2026,DC-04,West,SKU-SKU-301,0,10.5,769,1048,0,0,279,534,95
6/22/2026,DC-04,West,SKU-SKU-301,228,10.2,1048,820,0,0,0,534,95
6/29/2026,DC-04,West,SKU-SKU-301,286,10,820,534,0,0,0,534,95
7/6/2026,DC-04,West,SKU-SKU-301,429,6.1,534,399,0,0,294,534,95
7/13/2026,DC-04,West,SKU-SKU-301,243,8.2,399,400,0,0,244,534,95
7/20/2026,DC-04,West,SKU-SKU-301,350,10.7,400,366,0,0,316,534,95
7/27/2026,DC-04,West,SKU-SKU-301,293,5.9,366,365,0,0,293,534,95
8/3/2026,DC-04,West,SKU-SKU-301,236,12.2,365,471,0,0,342,534,95
8/10/2026,DC-04,West,SKU-SKU-301,28,5.8,471,686,0,0,243,534,95
8/17/2026,DC-04,West,SKU-SKU-301,142,11.3,686,844,0,0,300,534,95
8/24/2026,DC-04,West,SKU-SKU-301,311,5.9,844,533,0,0,0,534,95
9/2/2024,DC-04,West,SKU-SKU-302,211,8.3,549,338,0,0,0,366,95
9/9/2024,DC-04,West,SKU-SKU-302,20,11.9,338,505,0,0,188,366,95
9/16/2024,DC-04,West,SKU-SKU-302,17,9.5,505,667,0,0,179,366,95
9/23/2024,DC-04,West,SKU-SKU-302,87,6.2,667,580,0,0,0,366,95
9/30/2024,DC-04,West,SKU-SKU-302,186,12.8,580,394,0,0,0,366,95
10/7/2024,DC-04,West,SKU-SKU-302,316,10.6,394,264,0,0,186,366,95
10/14/2024,DC-04,West,SKU-SKU-302,137,7.8,264,313,0,0,187,366,95
10/21/2024,DC-04,West,SKU-SKU-302,175,7.3,313,313,0,0,175,366,95
10/28/2024,DC-04,West,SKU-SKU-302,103,8,313,386,0,0,175,366,95
11/4/2024,DC-04,West,SKU-SKU-302,185,9.7,386,384,0,0,183,366,95
11/11/2024,DC-04,West,SKU-SKU-302,280,11.1,384,285,0,0,181,366,95
11/18/2024,DC-04,West,SKU-SKU-302,214,4.6,285,296,0,0,225,366,95
11/25/2024,DC-04,West,SKU-SKU-302,141,7.1,296,362,0,0,207,366,95
12/2/2024,DC-04,West,SKU-SKU-302,44,7.9,362,503,0,0,185,366,95
12/9/2024,DC-04,West,SKU-SKU-302,179,7.4,503,539,0,0,215,366,95
12/16/2024,DC-04,West,SKU-SKU-302,246,9.7,539,507,0,0,213,366,95
12/23/2024,DC-04,West,SKU-SKU-302,255,4.2,507,419,0,0,167,366,95
12/30/2024,DC-04,West,SKU-SKU-302,134,12.7,419,502,0,0,217,366,95
1/6/2025,DC-04,West,SKU-SKU-302,217,7.9,502,523,0,0,238,366,95
1/13/2025,DC-04,West,SKU-SKU-302,86,7.3,523,624,0,0,187,366,95
1/20/2025,DC-04,West,SKU-SKU-302,160,11.9,624,464,0,0,0,366,95
1/27/2025,DC-04,West,SKU-SKU-302,144,13.8,464,546,0,0,226,366,95
2/3/2025,DC-04,West,SKU-SKU-302,268,8.1,546,491,0,0,213,366,95
2/10/2025,DC-04,West,SKU-SKU-302,198,6.5,491,460,0,0,167,366,95
2/17/2025,DC-04,West,SKU-SKU-302,136,8.9,460,519,0,0,195,366,95
2/24/2025,DC-04,West,SKU-SKU-302,221,7.2,519,470,0,0,172,366,95
3/3/2025,DC-04,West,SKU-SKU-302,48,9.5,470,602,0,0,180,366,95
3/10/2025,DC-04,West,SKU-SKU-302,312,5.8,602,291,0,0,0,366,95
3/17/2025,DC-04,West,SKU-SKU-302,144,8.2,291,357,0,0,210,366,95
3/24/2025,DC-04,West,SKU-SKU-302,145,4.9,357,429,0,0,217,366,95
3/31/2025,DC-04,West,SKU-SKU-302,310,6.8,429,318,0,0,199,366,95
4/7/2025,DC-04,West,SKU-SKU-302,120,9.7,318,389,0,0,191,366,95
4/14/2025,DC-04,West,SKU-SKU-302,121,10.1,389,445,0,0,177,366,95
4/21/2025,DC-04,West,SKU-SKU-302,218,4.5,445,414,0,0,187,366,95
4/28/2025,DC-04,West,SKU-SKU-302,57,5.4,414,574,0,0,217,366,95
5/5/2025,DC-04,West,SKU-SKU-302,229,7.4,574,345,0,0,0,366,95
5/12/2025,DC-04,West,SKU-SKU-302,322,9,345,207,0,0,183,366,95
5/19/2025,DC-04,West,SKU-SKU-302,74,11.5,207,362,0,0,230,366,95
5/26/2025,DC-04,West,SKU-SKU-302,101,6.9,362,498,0,0,237,366,95
6/2/2025,DC-04,West,SKU-SKU-302,216,7.9,498,459,0,0,177,366,95
6/9/2025,DC-04,West,SKU-SKU-302,235,5.1,459,417,0,0,194,366,95
6/16/2025,DC-04,West,SKU-SKU-302,141,5.1,417,480,0,0,203,366,95
6/23/2025,DC-04,West,SKU-SKU-302,47,7,480,634,0,0,201,366,95
6/30/2025,DC-04,West,SKU-SKU-302,118,5.5,634,516,0,0,0,366,95
7/7/2025,DC-04,West,SKU-SKU-302,170,8,516,578,0,0,232,366,95
7/14/2025,DC-04,West,SKU-SKU-302,284,11.3,578,294,0,0,0,366,95
7/21/2025,DC-04,West,SKU-SKU-302,135,8.4,294,341,0,0,182,366,95
7/28/2025,DC-04,West,SKU-SKU-302,150,11.6,341,414,0,0,224,366,95
8/4/2025,DC-04,West,SKU-SKU-302,346,3.7,414,261,0,0,194,366,95
8/11/2025,DC-04,West,SKU-SKU-302,83,3,261,402,0,0,224,366,95
8/18/2025,DC-04,West,SKU-SKU-302,167,9.4,402,467,0,0,232,366,95
8/25/2025,DC-04,West,SKU-SKU-302,231,7.3,467,471,0,0,235,366,95
9/1/2025,DC-04,West,SKU-SKU-302,111,10.6,471,574,0,0,215,366,95
9/8/2025,DC-04,West,SKU-SKU-302,297,9.4,574,277,0,0,0,366,95
9/15/2025,DC-04,West,SKU-SKU-302,261,9.2,277,231,0,0,215,366,95
9/22/2025,DC-04,West,SKU-SKU-302,164,8.6,231,250,0,0,183,366,95
9/29/2025,DC-04,West,SKU-SKU-302,164,4.7,250,319,0,0,234,366,95
10/6/2025,DC-04,West,SKU-SKU-302,281,8.6,319,258,0,0,220,366,95
10/13/2025,DC-04,West,SKU-SKU-302,111,7,258,320,0,0,173,366,95
10/20/2025,DC-04,West,SKU-SKU-302,139,5.2,320,355,0,0,174,366,95
10/27/2025,DC-04,West,SKU-SKU-302,153,10.3,355,440,0,0,238,366,95
11/3/2025,DC-04,West,SKU-SKU-302,369,10.5,440,283,0,0,212,366,95
11/10/2025,DC-04,West,SKU-SKU-302,311,7.4,283,165,1,28,165,366,95
11/17/2025,DC-04,West,SKU-SKU-302,20,8.7,165,369,0,0,224,366,95
11/24/2025,DC-04,West,SKU-SKU-302,145,7.9,369,401,0,0,178,366,95
12/1/2025,DC-04,West,SKU-SKU-302,314,4.1,401,305,0,0,218,366,95
12/8/2025,DC-04,West,SKU-SKU-302,103,4.4,305,422,0,0,221,366,95
12/15/2025,DC-04,West,SKU-SKU-302,162,8.6,422,475,0,0,215,366,95
12/22/2025,DC-04,West,SKU-SKU-302,328,9.9,475,340,0,0,193,366,95
12/29/2025,DC-04,West,SKU-SKU-302,159,14.4,340,411,0,0,230,366,95
1/5/2026,DC-04,West,SKU-SKU-302,180,7.5,411,460,0,0,229,366,95
1/12/2026,DC-04,West,SKU-SKU-302,201,6.3,460,449,0,0,190,366,95
1/19/2026,DC-04,West,SKU-SKU-302,257,6.9,449,396,0,0,204,366,95
1/26/2026,DC-04,West,SKU-SKU-302,398,12.1,396,191,1,2,191,366,95
2/2/2026,DC-04,West,SKU-SKU-302,216,8.7,191,198,1,25,198,366,95
2/9/2026,DC-04,West,SKU-SKU-302,41,8,198,386,0,0,228,366,95
2/16/2026,DC-04,West,SKU-SKU-302,147,9.3,386,442,0,0,204,366,95
2/23/2026,DC-04,West,SKU-SKU-302,132,4.5,442,545,0,0,234,366,95
3/2/2026,DC-04,West,SKU-SKU-302,235,7.9,545,535,0,0,226,366,95
3/9/2026,DC-04,West,SKU-SKU-302,241,6.5,535,517,0,0,223,366,95
3/16/2026,DC-04,West,SKU-SKU-302,292,9.7,517,398,0,0,173,366,95
3/23/2026,DC-04,West,SKU-SKU-302,305,5.8,398,330,0,0,238,366,95
3/30/2026,DC-04,West,SKU-SKU-302,294,11.2,330,248,0,0,212,366,95
4/6/2026,DC-04,West,SKU-SKU-302,217,9.8,248,219,0,0,188,366,95
4/13/2026,DC-04,West,SKU-SKU-302,213,10.5,219,244,0,0,238,366,95
4/20/2026,DC-04,West,SKU-SKU-302,48,10.8,244,371,0,0,175,366,95
4/27/2026,DC-04,West,SKU-SKU-302,246,7.4,371,360,0,0,235,366,95
5/4/2026,DC-04,West,SKU-SKU-302,315,10.1,360,227,0,0,182,366,95
5/11/2026,DC-04,West,SKU-SKU-302,10,10.9,227,408,0,0,191,366,95
5/18/2026,DC-04,West,SKU-SKU-302,252,8.6,408,332,0,0,176,366,95
5/25/2026,DC-04,West,SKU-SKU-302,248,7.4,332,279,0,0,196,366,95
6/1/2026,DC-04,West,SKU-SKU-302,151,7.8,279,314,0,0,186,366,95
6/8/2026,DC-04,West,SKU-SKU-302,188,8.5,314,306,0,0,180,366,95
6/15/2026,DC-04,West,SKU-SKU-302,198,2,306,335,0,0,227,366,95
6/22/2026,DC-04,West,SKU-SKU-302,129,4.5,335,398,0,0,192,366,95
6/29/2026,DC-04,West,SKU-SKU-302,260,7.6,398,374,0,0,236,366,95
7/6/2026,DC-04,West,SKU-SKU-302,201,7.5,374,338,0,0,165,366,95
7/13/2026,DC-04,West,SKU-SKU-302,180,3.9,338,395,0,0,237,366,95
7/20/2026,DC-04,West,SKU-SKU-302,128,8.2,395,496,0,0,229,366,95
7/27/2026,DC-04,West,SKU-SKU-302,15,6.9,496,684,0,0,203,366,95
8/3/2026,DC-04,West,SKU-SKU-302,142,10.9,684,542,0,0,0,366,95
8/10/2026,DC-04,West,SKU-SKU-302,228,14.9,542,496,0,0,183,366,95
8/17/2026,DC-04,West,SKU-SKU-302,246,9.2,496,484,0,0,234,366,95
8/24/2026,DC-04,West,SKU-SKU-302,191,11.2,484,462,0,0,169,366,95
9/2/2024,DC-04,West,SKU-SKU-303,547,8.6,1650,1103,0,0,0,1100,95
9/9/2024,DC-04,West,SKU-SKU-303,1053,6.3,1103,648,0,0,598,1100,95
9/16/2024,DC-04,West,SKU-SKU-303,742,9.5,648,615,1,94,615,1100,95
9/23/2024,DC-04,West,SKU-SKU-303,529,5.2,615,704,0,0,619,1100,95
9/30/2024,DC-04,West,SKU-SKU-303,680,7.1,704,594,0,0,569,1100,95
10/7/2024,DC-04,West,SKU-SKU-303,564,7.3,594,740,0,0,710,1100,95
10/14/2024,DC-04,West,SKU-SKU-303,938,8.1,740,616,1,199,616,1100,95
10/21/2024,DC-04,West,SKU-SKU-303,222,6.5,616,979,0,0,585,1100,95
10/28/2024,DC-04,West,SKU-SKU-303,116,10.7,979,1445,0,0,582,1100,95
11/4/2024,DC-04,West,SKU-SKU-303,624,9.4,1445,1467,0,0,647,1100,95
11/11/2024,DC-04,West,SKU-SKU-303,439,10.5,1467,1742,0,0,713,1100,95
11/18/2024,DC-04,West,SKU-SKU-303,564,5.6,1742,1178,0,0,0,1100,95
11/25/2024,DC-04,West,SKU-SKU-303,824,7.1,1178,979,0,0,625,1100,95
12/2/2024,DC-04,West,SKU-SKU-303,634,6.3,979,960,0,0,614,1100,95
12/9/2024,DC-04,West,SKU-SKU-303,411,7.2,960,1120,0,0,571,1100,95
12/16/2024,DC-04,West,SKU-SKU-303,239,8.7,1120,1556,0,0,675,1100,95
12/23/2024,DC-04,West,SKU-SKU-303,573,6.4,1556,1687,0,0,703,1100,95
12/30/2024,DC-04,West,SKU-SKU-303,437,7.6,1687,1249,0,0,0,1100,95
1/6/2025,DC-04,West,SKU-SKU-303,66,10.7,1249,1720,0,0,537,1100,95
1/13/2025,DC-04,West,SKU-SKU-303,745,6.2,1720,975,0,0,0,1100,95
1/20/2025,DC-04,West,SKU-SKU-303,315,9.6,975,1158,0,0,498,1100,95
1/27/2025,DC-04,West,SKU-SKU-303,1072,9.9,1158,596,0,0,510,1100,95
2/3/2025,DC-04,West,SKU-SKU-303,368,9.1,596,903,0,0,676,1100,95
2/10/2025,DC-04,West,SKU-SKU-303,890,9.3,903,548,0,0,535,1100,95
2/17/2025,DC-04,West,SKU-SKU-303,512,5.5,548,712,0,0,676,1100,95
2/24/2025,DC-04,West,SKU-SKU-303,637,2,712,721,0,0,645,1100,95
3/3/2025,DC-04,West,SKU-SKU-303,618,7.2,721,659,0,0,556,1100,95
3/10/2025,DC-04,West,SKU-SKU-303,690,10,659,620,1,31,620,1100,95
3/17/2025,DC-04,West,SKU-SKU-303,711,7.5,620,516,1,91,516,1100,95
3/24/2025,DC-04,West,SKU-SKU-303,135,9,516,948,0,0,567,1100,95
3/31/2025,DC-04,West,SKU-SKU-303,573,9.7,948,907,0,0,532,1100,95
4/7/2025,DC-04,West,SKU-SKU-303,576,10.3,907,1042,0,0,711,1100,95
4/14/2025,DC-04,West,SKU-SKU-303,812,7.9,1042,776,0,0,547,1100,95
4/21/2025,DC-04,West,SKU-SKU-303,426,9.7,776,857,0,0,507,1100,95
4/28/2025,DC-04,West,SKU-SKU-303,169,9.1,857,1253,0,0,565,1100,95
5/5/2025,DC-04,West,SKU-SKU-303,485,11.5,1253,1417,0,0,649,1100,95
5/12/2025,DC-04,West,SKU-SKU-303,312,7,1417,1637,0,0,531,1100,95
5/19/2025,DC-04,West,SKU-SKU-303,676,10.2,1637,1665,0,0,705,1100,95
5/26/2025,DC-04,West,SKU-SKU-303,458,7.6,1665,1208,0,0,0,1100,95
6/2/2025,DC-04,West,SKU-SKU-303,682,5.5,1208,1203,0,0,678,1100,95
6/9/2025,DC-04,West,SKU-SKU-303,564,9,1203,1158,0,0,518,1100,95
6/16/2025,DC-04,West,SKU-SKU-303,1164,6.9,1158,516,1,7,516,1100,95
6/23/2025,DC-04,West,SKU-SKU-303,661,8.8,516,645,1,145,645,1100,95
6/30/2025,DC-04,West,SKU-SKU-303,443,6.4,645,907,0,0,705,1100,95
7/7/2025,DC-04,West,SKU-SKU-303,547,10.9,907,1049,0,0,689,1100,95
7/14/2025,DC-04,West,SKU-SKU-303,557,4.6,1049,1051,0,0,559,1100,95
7/21/2025,DC-04,West,SKU-SKU-303,717,13.4,1051,875,0,0,541,1100,95
7/28/2025,DC-04,West,SKU-SKU-303,932,8,875,539,1,57,539,1100,95
8/4/2025,DC-04,West,SKU-SKU-303,580,7.2,539,578,1,41,578,1100,95
8/11/2025,DC-04,West,SKU-SKU-303,551,6.4,578,724,0,0,696,1100,95
8/18/2025,DC-04,West,SKU-SKU-303,606,6.5,724,666,0,0,548,1100,95
8/25/2025,DC-04,West,SKU-SKU-303,468,8.8,666,814,0,0,616,1100,95
9/1/2025,DC-04,West,SKU-SKU-303,820,14.9,814,685,1,6,685,1100,95
9/8/2025,DC-04,West,SKU-SKU-303,371,7.3,685,906,0,0,592,1100,95
9/15/2025,DC-04,West,SKU-SKU-303,689,6.4,906,931,0,0,714,1100,95
9/22/2025,DC-04,West,SKU-SKU-303,611,11.2,931,941,0,0,621,1100,95
9/29/2025,DC-04,West,SKU-SKU-303,559,7.7,941,1050,0,0,669,1100,95
10/6/2025,DC-04,West,SKU-SKU-303,846,9,1050,786,0,0,582,1100,95
10/13/2025,DC-04,West,SKU-SKU-303,138,6.7,786,1320,0,0,672,1100,95
10/20/2025,DC-04,West,SKU-SKU-303,356,12.4,1320,1632,0,0,668,1100,95
10/27/2025,DC-04,West,SKU-SKU-303,541,8.3,1632,1767,0,0,675,1100,95
11/3/2025,DC-04,West,SKU-SKU-303,365,5,1767,1402,0,0,0,1100,95
11/10/2025,DC-04,West,SKU-SKU-303,759,9.2,1402,1284,0,0,641,1100,95
11/17/2025,DC-04,West,SKU-SKU-303,781,6.6,1284,1092,0,0,589,1100,95
11/24/2025,DC-04,West,SKU-SKU-303,330,3.1,1092,1319,0,0,557,1100,95
12/1/2025,DC-04,West,SKU-SKU-303,343,10.2,1319,1668,0,0,693,1100,95
12/8/2025,DC-04,West,SKU-SKU-303,693,9.9,1668,975,0,0,0,1100,95
12/15/2025,DC-04,West,SKU-SKU-303,251,5.9,975,1265,0,0,540,1100,95
12/22/2025,DC-04,West,SKU-SKU-303,235,6.6,1265,1633,0,0,603,1100,95
12/29/2025,DC-04,West,SKU-SKU-303,523,3.7,1633,1709,0,0,599,1100,95
1/5/2026,DC-04,West,SKU-SKU-303,868,9.9,1709,841,0,0,0,1100,95
1/12/2026,DC-04,West,SKU-SKU-303,448,8.9,841,952,0,0,560,1100,95
1/19/2026,DC-04,West,SKU-SKU-303,363,9.5,952,1202,0,0,613,1100,95
1/26/2026,DC-04,West,SKU-SKU-303,705,10.9,1202,1097,0,0,600,1100,95
2/2/2026,DC-04,West,SKU-SKU-303,556,10.1,1097,1239,0,0,698,1100,95
2/9/2026,DC-04,West,SKU-SKU-303,475,5.4,1239,1412,0,0,648,1100,95
2/16/2026,DC-04,West,SKU-SKU-303,613,7.9,1412,1443,0,0,644,1100,95
2/23/2026,DC-04,West,SKU-SKU-303,1147,3.5,1443,843,0,0,546,1100,95
3/2/2026,DC-04,West,SKU-SKU-303,596,8.6,843,959,0,0,712,1100,95
3/9/2026,DC-04,West,SKU-SKU-303,241,9.5,959,1281,0,0,564,1100,95
3/16/2026,DC-04,West,SKU-SKU-303,486,6.3,1281,1313,0,0,518,1100,95
3/23/2026,DC-04,West,SKU-SKU-303,597,8.7,1313,1224,0,0,508,1100,95
3/30/2026,DC-04,West,SKU-SKU-303,688,8.5,1224,1083,0,0,547,1100,95
4/6/2026,DC-04,West,SKU-SKU-303,858,7.6,1083,723,0,0,498,1100,95
4/13/2026,DC-04,West,SKU-SKU-303,447,10.5,723,928,0,0,652,1100,95
4/20/2026,DC-04,West,SKU-SKU-303,478,12.2,928,967,0,0,518,1100,95
4/27/2026,DC-04,West,SKU-SKU-303,1124,11.6,967,661,1,157,661,1100,95
5/4/2026,DC-04,West,SKU-SKU-303,313,9.5,661,1056,0,0,709,1100,95
5/11/2026,DC-04,West,SKU-SKU-303,859,9,1056,867,0,0,670,1100,95
5/18/2026,DC-04,West,SKU-SKU-303,546,11.6,867,936,0,0,615,1100,95
5/25/2026,DC-04,West,SKU-SKU-303,584,7.6,936,904,0,0,553,1100,95
6/1/2026,DC-04,West,SKU-SKU-303,787,9.7,904,686,0,0,569,1100,95
6/8/2026,DC-04,West,SKU-SKU-303,703,6.3,686,634,1,17,634,1100,95
6/15/2026,DC-04,West,SKU-SKU-303,82,7.7,634,1090,0,0,538,1100,95
6/22/2026,DC-04,West,SKU-SKU-303,274,7.6,1090,1419,0,0,603,1100,95
6/29/2026,DC-04,West,SKU-SKU-303,371,5.1,1419,1621,0,0,573,1100,95
7/6/2026,DC-04,West,SKU-SKU-303,445,11.5,1621,1851,0,0,675,1100,95
7/13/2026,DC-04,West,SKU-SKU-303,791,10.5,1851,1060,0,0,0,1100,95
7/20/2026,DC-04,West,SKU-SKU-303,727,9.8,1060,961,0,0,628,1100,95
7/27/2026,DC-04,West,SKU-SKU-303,482,8,961,1124,0,0,645,1100,95
8/3/2026,DC-04,West,SKU-SKU-303,928,15.4,1124,776,0,0,580,1100,95
8/10/2026,DC-04,West,SKU-SKU-303,315,8.2,776,1119,0,0,658,1100,95
8/17/2026,DC-04,West,SKU-SKU-303,484,8.4,1119,1274,0,0,638,1100,95
8/24/2026,DC-04,West,SKU-SKU-303,584,9.3,1274,1212,0,0,522,1100,95
9/2/2024,DC-04,West,SKU-SKU-401,132,6.7,708,576,0,0,0,472,95
9/9/2024,DC-04,West,SKU-SKU-401,150,10,576,708,0,0,282,472,95
9/16/2024,DC-04,West,SKU-SKU-401,269,10,708,723,0,0,285,472,95
9/23/2024,DC-04,West,SKU-SKU-401,146,8.4,723,577,0,0,0,472,95
9/30/2024,DC-04,West,SKU-SKU-401,125,10.5,577,759,0,0,307,472,95
10/7/2024,DC-04,West,SKU-SKU-401,309,8.5,759,450,0,0,0,472,95
10/14/2024,DC-04,West,SKU-SKU-401,287,12,450,460,0,0,297,472,95
10/21/2024,DC-04,West,SKU-SKU-401,250,12.4,460,468,0,0,258,472,95
10/28/2024,DC-04,West,SKU-SKU-401,196,8.2,468,563,0,0,291,472,95
11/4/2024,DC-04,West,SKU-SKU-401,225,8.9,563,582,0,0,243,472,95
11/11/2024,DC-04,West,SKU-SKU-401,177,10,582,677,0,0,272,472,95
11/18/2024,DC-04,West,SKU-SKU-401,198,7.9,677,733,0,0,255,472,95
11/25/2024,DC-04,West,SKU-SKU-401,246,7.1,733,487,0,0,0,472,95
12/2/2024,DC-04,West,SKU-SKU-401,327,8.5,487,375,0,0,215,472,95
12/9/2024,DC-04,West,SKU-SKU-401,190,9.7,375,478,0,0,292,472,95
12/16/2024,DC-04,West,SKU-SKU-401,302,10.5,478,428,0,0,253,472,95
12/23/2024,DC-04,West,SKU-SKU-401,184,10.7,428,510,0,0,267,472,95
12/30/2024,DC-04,West,SKU-SKU-401,284,9.1,510,524,0,0,297,472,95
1/6/2025,DC-04,West,SKU-SKU-401,242,9.2,524,577,0,0,295,472,95
1/13/2025,DC-04,West,SKU-SKU-401,175,13.1,577,694,0,0,292,472,95
1/20/2025,DC-04,West,SKU-SKU-401,159,7.3,694,777,0,0,243,472,95
1/27/2025,DC-04,West,SKU-SKU-401,408,8,777,369,0,0,0,472,95
2/3/2025,DC-04,West,SKU-SKU-401,309,8.8,369,307,0,0,248,472,95
2/10/2025,DC-04,West,SKU-SKU-401,317,5.6,307,277,1,9,277,472,95
2/17/2025,DC-04,West,SKU-SKU-401,189,8.9,277,324,0,0,237,472,95
2/24/2025,DC-04,West,SKU-SKU-401,256,8.3,324,286,0,0,218,472,95
3/3/2025,DC-04,West,SKU-SKU-401,148,10.2,286,397,0,0,259,472,95
3/10/2025,DC-04,West,SKU-SKU-401,286,4.9,397,350,0,0,239,472,95
3/17/2025,DC-04,West,SKU-SKU-401,283,6,350,321,0,0,255,472,95
3/24/2025,DC-04,West,SKU-SKU-401,319,6.7,321,246,0,0,244,472,95
3/31/2025,DC-04,West,SKU-SKU-401,242,8,246,299,0,0,295,472,95
4/7/2025,DC-04,West,SKU-SKU-401,331,7.9,299,267,1,32,267,472,95
4/14/2025,DC-04,West,SKU-SKU-401,225,13.8,267,323,0,0,281,472,95
4/21/2025,DC-04,West,SKU-SKU-401,297,7.5,323,332,0,0,306,472,95
4/28/2025,DC-04,West,SKU-SKU-401,288,9.8,332,278,0,0,233,472,95
5/5/2025,DC-04,West,SKU-SKU-401,237,8.7,278,323,0,0,283,472,95
5/12/2025,DC-04,West,SKU-SKU-401,250,7.1,323,346,0,0,273,472,95
5/19/2025,DC-04,West,SKU-SKU-401,338,7.1,346,245,0,0,237,472,95
5/26/2025,DC-04,West,SKU-SKU-401,201,8.7,245,348,0,0,304,472,95
6/2/2025,DC-04,West,SKU-SKU-401,166,7.8,348,425,0,0,243,472,95
6/9/2025,DC-04,West,SKU-SKU-401,219,6.9,425,423,0,0,217,472,95
6/16/2025,DC-04,West,SKU-SKU-401,274,8.7,423,426,0,0,278,472,95
6/23/2025,DC-04,West,SKU-SKU-401,214,8.6,426,449,0,0,237,472,95
6/30/2025,DC-04,West,SKU-SKU-401,254,4.7,449,480,0,0,284,472,95
7/7/2025,DC-04,West,SKU-SKU-401,251,2,480,517,0,0,289,472,95
7/14/2025,DC-04,West,SKU-SKU-401,223,9.6,517,516,0,0,222,472,95
7/21/2025,DC-04,West,SKU-SKU-401,337,8.8,516,395,0,0,216,472,95
7/28/2025,DC-04,West,SKU-SKU-401,207,10.2,395,437,0,0,249,472,95
8/4/2025,DC-04,West,SKU-SKU-401,317,11.9,437,382,0,0,262,472,95
8/11/2025,DC-04,West,SKU-SKU-401,192,8.9,382,467,0,0,277,472,95
8/18/2025,DC-04,West,SKU-SKU-401,218,5.7,467,508,0,0,259,472,95
8/25/2025,DC-04,West,SKU-SKU-401,176,10,508,567,0,0,236,472,95
9/1/2025,DC-04,West,SKU-SKU-401,162,12.7,567,655,0,0,250,472,95
9/8/2025,DC-04,West,SKU-SKU-401,289,8.4,655,606,0,0,240,472,95
9/15/2025,DC-04,West,SKU-SKU-401,253,8.9,606,614,0,0,261,472,95
9/22/2025,DC-04,West,SKU-SKU-401,293,12.4,614,567,0,0,246,472,95
9/29/2025,DC-04,West,SKU-SKU-401,180,2,567,641,0,0,254,472,95
10/6/2025,DC-04,West,SKU-SKU-401,193,6.5,641,748,0,0,300,472,95
10/13/2025,DC-04,West,SKU-SKU-401,245,5.6,748,503,0,0,0,472,95
10/20/2025,DC-04,West,SKU-SKU-401,153,7.5,503,610,0,0,260,472,95
10/27/2025,DC-04,West,SKU-SKU-401,306,7.4,610,607,0,0,303,472,95
11/3/2025,DC-04,West,SKU-SKU-401,210,9.7,607,700,0,0,303,472,95
11/10/2025,DC-04,West,SKU-SKU-401,339,6.6,700,635,0,0,274,472,95
11/17/2025,DC-04,West,SKU-SKU-401,257,5.4,635,644,0,0,267,472,95
11/24/2025,DC-04,West,SKU-SKU-401,129,3.6,644,816,0,0,301,472,95
12/1/2025,DC-04,West,SKU-SKU-401,261,7.1,816,555,0,0,0,472,95
12/8/2025,DC-04,West,SKU-SKU-401,215,7.5,555,587,0,0,247,472,95
12/15/2025,DC-04,West,SKU-SKU-401,268,9.2,587,596,0,0,277,472,95
12/22/2025,DC-04,West,SKU-SKU-401,223,9.8,596,635,0,0,262,472,95
12/29/2025,DC-04,West,SKU-SKU-401,182,9.6,635,701,0,0,248,472,95
1/5/2026,DC-04,West,SKU-SKU-401,234,9.1,701,681,0,0,214,472,95
1/12/2026,DC-04,West,SKU-SKU-401,241,3.8,681,694,0,0,254,472,95
1/19/2026,DC-04,West,SKU-SKU-401,246,9,694,752,0,0,303,472,95
1/26/2026,DC-04,West,SKU-SKU-401,204,7.7,752,548,0,0,0,472,95
2/2/2026,DC-04,West,SKU-SKU-401,96,9.2,548,716,0,0,264,472,95
2/9/2026,DC-04,West,SKU-SKU-401,329,5.7,716,387,0,0,0,472,95
2/16/2026,DC-04,West,SKU-SKU-401,209,10.8,387,401,0,0,223,472,95
2/23/2026,DC-04,West,SKU-SKU-401,252,8.8,401,450,0,0,301,472,95
3/2/2026,DC-04,West,SKU-SKU-401,202,9.7,450,530,0,0,283,472,95
3/9/2026,DC-04,West,SKU-SKU-401,259,12.5,530,499,0,0,228,472,95
3/16/2026,DC-04,West,SKU-SKU-401,183,8.2,499,622,0,0,306,472,95
3/23/2026,DC-04,West,SKU-SKU-401,295,10.9,622,632,0,0,305,472,95
3/30/2026,DC-04,West,SKU-SKU-401,312,9.9,632,590,0,0,270,472,95
4/6/2026,DC-04,West,SKU-SKU-401,261,8.7,590,614,0,0,284,472,95
4/13/2026,DC-04,West,SKU-SKU-401,249,6.8,614,643,0,0,278,472,95
4/20/2026,DC-04,West,SKU-SKU-401,218,7,643,675,0,0,251,472,95
4/27/2026,DC-04,West,SKU-SKU-401,173,8.2,675,782,0,0,280,472,95
5/4/2026,DC-04,West,SKU-SKU-401,139,9.2,782,643,0,0,0,472,95
5/11/2026,DC-04,West,SKU-SKU-401,239,8.4,643,689,0,0,285,472,95
5/18/2026,DC-04,West,SKU-SKU-401,320,7.4,689,609,0,0,240,472,95
5/25/2026,DC-04,West,SKU-SKU-401,232,9.5,609,615,0,0,238,472,95
6/1/2026,DC-04,West,SKU-SKU-401,261,10.3,615,579,0,0,225,472,95
6/8/2026,DC-04,West,SKU-SKU-401,201,2.8,579,649,0,0,271,472,95
6/15/2026,DC-04,West,SKU-SKU-401,274,6.1,649,648,0,0,274,472,95
6/22/2026,DC-04,West,SKU-SKU-401,336,6.3,648,601,0,0,289,472,95
6/29/2026,DC-04,West,SKU-SKU-401,318,7.6,601,529,0,0,247,472,95
7/6/2026,DC-04,West,SKU-SKU-401,240,7.8,529,539,0,0,250,472,95
7/13/2026,DC-04,West,SKU-SKU-401,193,7,539,586,0,0,239,472,95
7/20/2026,DC-04,West,SKU-SKU-401,116,9,586,713,0,0,244,472,95
7/27/2026,DC-04,West,SKU-SKU-401,219,4.5,713,494,0,0,0,472,95
8/3/2026,DC-04,West,SKU-SKU-401,312,8.8,494,425,0,0,242,472,95
8/10/2026,DC-04,West,SKU-SKU-401,153,6.9,425,508,0,0,236,472,95
8/17/2026,DC-04,West,SKU-SKU-401,207,9.3,508,526,0,0,225,472,95
8/24/2026,DC-04,West,SKU-SKU-401,200,8.6,526,622,0,0,296,472,95
9/2/2024,DC-04,West,SKU-SKU-402,259,10.5,1021,762,0,0,0,681,95
9/9/2024,DC-04,West,SKU-SKU-402,237,5.5,762,951,0,0,425,681,95
9/16/2024,DC-04,West,SKU-SKU-402,320,16.6,951,1012,0,0,382,681,95
9/23/2024,DC-04,West,SKU-SKU-402,296,7.5,1012,1075,0,0,358,681,95
9/30/2024,DC-04,West,SKU-SKU-402,325,6.5,1075,750,0,0,0,681,95
10/7/2024,DC-04,West,SKU-SKU-402,312,6.5,750,821,0,0,383,681,95
10/14/2024,DC-04,West,SKU-SKU-402,341,7.5,821,859,0,0,379,681,95
10/21/2024,DC-04,West,SKU-SKU-402,358,13.4,859,920,0,0,419,681,95
10/28/2024,DC-04,West,SKU-SKU-402,300,6.5,920,949,0,0,329,681,95
11/4/2024,DC-04,West,SKU-SKU-402,240,6.8,949,1101,0,0,392,681,95
11/11/2024,DC-04,West,SKU-SKU-402,293,7.8,1101,807,0,0,0,681,95
11/18/2024,DC-04,West,SKU-SKU-402,338,9.6,807,845,0,0,376,681,95
11/25/2024,DC-04,West,SKU-SKU-402,349,15.2,845,931,0,0,435,681,95
12/2/2024,DC-04,West,SKU-SKU-402,385,10.3,931,911,0,0,365,681,95
12/9/2024,DC-04,West,SKU-SKU-402,383,6.8,911,963,0,0,435,681,95
12/16/2024,DC-04,West,SKU-SKU-402,399,13.4,963,948,0,0,384,681,95
12/23/2024,DC-04,West,SKU-SKU-402,376,5.2,948,892,0,0,321,681,95
12/30/2024,DC-04,West,SKU-SKU-402,331,9,892,940,0,0,378,681,95
1/6/2025,DC-04,West,SKU-SKU-402,347,4.8,940,1026,0,0,433,681,95
1/13/2025,DC-04,West,SKU-SKU-402,359,9.3,1026,666,0,0,0,681,95
1/20/2025,DC-04,West,SKU-SKU-402,426,8.6,666,647,0,0,406,681,95
1/27/2025,DC-04,West,SKU-SKU-402,402,10,647,610,0,0,365,681,95
2/3/2025,DC-04,West,SKU-SKU-402,438,9.7,610,591,0,0,419,681,95
2/10/2025,DC-04,West,SKU-SKU-402,299,2.8,591,599,0,0,307,681,95
2/17/2025,DC-04,West,SKU-SKU-402,425,10.6,599,515,0,0,341,681,95
2/24/2025,DC-04,West,SKU-SKU-402,514,8.1,515,325,0,0,324,681,95
3/3/2025,DC-04,West,SKU-SKU-402,409,6.1,325,307,1,84,307,681,95
3/10/2025,DC-04,West,SKU-SKU-402,355,9.8,307,427,1,48,427,681,95
3/17/2025,DC-04,West,SKU-SKU-402,384,7.7,427,404,0,0,362,681,95
3/24/2025,DC-04,West,SKU-SKU-402,472,6.5,404,341,1,68,341,681,95
3/31/2025,DC-04,West,SKU-SKU-402,438,9.3,341,336,1,97,336,681,95
4/7/2025,DC-04,West,SKU-SKU-402,274,7,336,421,0,0,359,681,95
4/14/2025,DC-04,West,SKU-SKU-402,419,7.9,421,362,0,0,360,681,95
4/21/2025,DC-04,West,SKU-SKU-402,379,7.7,362,339,1,17,339,681,95
4/28/2025,DC-04,West,SKU-SKU-402,405,8.1,339,378,1,66,378,681,95
5/5/2025,DC-04,West,SKU-SKU-402,304,7.1,378,460,0,0,385,681,95
5/12/2025,DC-04,West,SKU-SKU-402,441,11.7,460,419,0,0,400,681,95
5/19/2025,DC-04,West,SKU-SKU-402,442,9,419,379,1,23,379,681,95
5/26/2025,DC-04,West,SKU-SKU-402,334,7.8,379,386,0,0,342,681,95
6/2/2025,DC-04,West,SKU-SKU-402,277,7.9,386,451,0,0,341,681,95
6/9/2025,DC-04,West,SKU-SKU-402,279,7.3,451,518,0,0,346,681,95
6/16/2025,DC-04,West,SKU-SKU-402,268,11.2,518,591,0,0,340,681,95
6/23/2025,DC-04,West,SKU-SKU-402,242,9.9,591,766,0,0,417,681,95
6/30/2025,DC-04,West,SKU-SKU-402,256,8.2,766,951,0,0,441,681,95
7/7/2025,DC-04,West,SKU-SKU-402,327,6.9,951,988,0,0,364,681,95
7/14/2025,DC-04,West,SKU-SKU-402,276,12,988,1020,0,0,307,681,95
7/21/2025,DC-04,West,SKU-SKU-402,356,4.4,1020,1056,0,0,392,681,95
7/28/2025,DC-04,West,SKU-SKU-402,247,7.7,1056,809,0,0,0,681,95
8/4/2025,DC-04,West,SKU-SKU-402,319,7.3,809,800,0,0,310,681,95
8/11/2025,DC-04,West,SKU-SKU-402,384,3.1,800,745,0,0,329,681,95
8/18/2025,DC-04,West,SKU-SKU-402,285,6.8,745,900,0,0,439,681,95
8/25/2025,DC-04,West,SKU-SKU-402,310,9.6,900,937,0,0,348,681,95
9/1/2025,DC-04,West,SKU-SKU-402,308,3.6,937,1065,0,0,436,681,95
9/8/2025,DC-04,West,SKU-SKU-402,303,5,1065,761,0,0,0,681,95
9/15/2025,DC-04,West,SKU-SKU-402,355,9.2,761,817,0,0,412,681,95
9/22/2025,DC-04,West,SKU-SKU-402,239,5.6,817,1012,0,0,434,681,95
9/29/2025,DC-04,West,SKU-SKU-402,455,7.5,1012,956,0,0,399,681,95
10/6/2025,DC-04,West,SKU-SKU-402,335,12.6,956,1018,0,0,397,681,95
10/13/2025,DC-04,West,SKU-SKU-402,220,7.5,1018,1196,0,0,398,681,95
10/20/2025,DC-04,West,SKU-SKU-402,321,10.3,1196,876,0,0,0,681,95
10/27/2025,DC-04,West,SKU-SKU-402,346,10.4,876,852,0,0,322,681,95
11/3/2025,DC-04,West,SKU-SKU-402,362,5,852,821,0,0,331,681,95
11/10/2025,DC-04,West,SKU-SKU-402,409,7.4,821,738,0,0,326,681,95
11/17/2025,DC-04,West,SKU-SKU-402,279,5.3,738,768,0,0,309,681,95
11/24/2025,DC-04,West,SKU-SKU-402,387,7.9,768,805,0,0,425,681,95
12/1/2025,DC-04,West,SKU-SKU-402,312,7.8,805,834,0,0,340,681,95
12/8/2025,DC-04,West,SKU-SKU-402,295,4.8,834,893,0,0,354,681,95
12/15/2025,DC-04,West,SKU-SKU-402,278,10.3,893,922,0,0,307,681,95
12/22/2025,DC-04,West,SKU-SKU-402,384,7.6,922,918,0,0,380,681,95
12/29/2025,DC-04,West,SKU-SKU-402,325,6.5,918,905,0,0,313,681,95
1/5/2026,DC-04,West,SKU-SKU-402,245,7.7,905,1055,0,0,395,681,95
1/12/2026,DC-04,West,SKU-SKU-402,342,9.4,1055,713,0,0,0,681,95
1/19/2026,DC-04,West,SKU-SKU-402,261,9.3,713,778,0,0,326,681,95
1/26/2026,DC-04,West,SKU-SKU-402,395,9.5,778,817,0,0,434,681,95
2/2/2026,DC-04,West,SKU-SKU-402,383,11.6,817,754,0,0,320,681,95
2/9/2026,DC-04,West,SKU-SKU-402,464,13.6,754,707,0,0,417,681,95
2/16/2026,DC-04,West,SKU-SKU-402,370,8.4,707,672,0,0,335,681,95
2/23/2026,DC-04,West,SKU-SKU-402,432,9.3,672,556,0,0,315,681,95
3/2/2026,DC-04,West,SKU-SKU-402,475,10,556,480,0,0,400,681,95
3/9/2026,DC-04,West,SKU-SKU-402,453,8.2,480,389,0,0,362,681,95
3/16/2026,DC-04,West,SKU-SKU-402,361,7.9,389,396,0,0,368,681,95
3/23/2026,DC-04,West,SKU-SKU-402,397,8.8,396,394,1,1,394,681,95
3/30/2026,DC-04,West,SKU-SKU-402,284,11.5,394,491,0,0,381,681,95
4/6/2026,DC-04,West,SKU-SKU-402,443,8.5,491,470,0,0,422,681,95
4/13/2026,DC-04,West,SKU-SKU-402,376,7.5,470,493,0,0,399,681,95
4/20/2026,DC-04,West,SKU-SKU-402,463,10.2,493,461,0,0,431,681,95
4/27/2026,DC-04,West,SKU-SKU-402,428,9.4,461,354,0,0,321,681,95
5/4/2026,DC-04,West,SKU-SKU-402,415,7.5,354,412,1,60,412,681,95
5/11/2026,DC-04,West,SKU-SKU-402,337,3.5,412,440,0,0,365,681,95
5/18/2026,DC-04,West,SKU-SKU-402,342,11.7,440,409,0,0,312,681,95
5/25/2026,DC-04,West,SKU-SKU-402,541,8.6,409,359,1,131,359,681,95
6/1/2026,DC-04,West,SKU-SKU-402,351,8.5,359,434,0,0,427,681,95
6/8/2026,DC-04,West,SKU-SKU-402,315,8,434,436,0,0,317,681,95
6/15/2026,DC-04,West,SKU-SKU-402,349,12.5,436,406,0,0,319,681,95
6/22/2026,DC-04,West,SKU-SKU-402,524,8.9,406,316,1,117,316,681,95
6/29/2026,DC-04,West,SKU-SKU-402,322,9.8,316,328,1,6,328,681,95
7/6/2026,DC-04,West,SKU-SKU-402,461,8.4,328,346,1,132,346,681,95
7/13/2026,DC-04,West,SKU-SKU-402,343,7.4,346,375,0,0,371,681,95
7/20/2026,DC-04,West,SKU-SKU-402,341,13.4,375,448,0,0,414,681,95
7/27/2026,DC-04,West,SKU-SKU-402,330,9.2,448,479,0,0,361,681,95
8/3/2026,DC-04,West,SKU-SKU-402,350,9.8,479,496,0,0,366,681,95
8/10/2026,DC-04,West,SKU-SKU-402,309,7.9,496,581,0,0,394,681,95
8/17/2026,DC-04,West,SKU-SKU-402,210,5.4,581,781,0,0,411,681,95
8/24/2026,DC-04,West,SKU-SKU-402,281,11.9,781,812,0,0,312,681,95
9/2/2024,DC-04,West,SKU-SKU-403,57,8.3,698,641,0,0,0,465,95
9/9/2024,DC-04,West,SKU-SKU-403,298,10.8,641,623,0,0,280,465,95
9/16/2024,DC-04,West,SKU-SKU-403,435,7.3,623,474,0,0,287,465,95
9/23/2024,DC-04,West,SKU-SKU-403,153,5.8,474,604,0,0,283,465,95
9/30/2024,DC-04,West,SKU-SKU-403,172,12.3,604,717,0,0,285,465,95
10/7/2024,DC-04,West,SKU-SKU-403,442,9.3,717,275,0,0,0,465,95
10/14/2024,DC-04,West,SKU-SKU-403,431,10.5,275,259,1,157,259,465,95
10/21/2024,DC-04,West,SKU-SKU-403,167,8.1,259,363,0,0,271,465,95
10/28/2024,DC-04,West,SKU-SKU-403,396,7.6,363,290,1,33,290,465,95
11/4/2024,DC-04,West,SKU-SKU-403,181,7.9,290,390,0,0,281,465,95
11/11/2024,DC-04,West,SKU-SKU-403,219,9.1,390,403,0,0,232,465,95
11/18/2024,DC-04,West,SKU-SKU-403,279,3.4,403,391,0,0,267,465,95
11/25/2024,DC-04,West,SKU-SKU-403,177,10,391,505,0,0,291,465,95
12/2/2024,DC-04,West,SKU-SKU-403,259,9.2,505,488,0,0,242,465,95
12/9/2024,DC-04,West,SKU-SKU-403,301,9.8,488,448,0,0,262,465,95
12/16/2024,DC-04,West,SKU-SKU-403,172,10.1,448,489,0,0,213,465,95
12/23/2024,DC-04,West,SKU-SKU-403,53,10.4,489,707,0,0,270,465,95
12/30/2024,DC-04,West,SKU-SKU-403,312,3.2,707,395,0,0,0,465,95
1/6/2025,DC-04,West,SKU-SKU-403,224,6.9,395,398,0,0,227,465,95
1/13/2025,DC-04,West,SKU-SKU-403,214,8.5,398,395,0,0,212,465,95
1/20/2025,DC-04,West,SKU-SKU-403,295,8.5,395,342,0,0,242,465,95
1/27/2025,DC-04,West,SKU-SKU-403,312,8.4,342,257,0,0,227,465,95
2/3/2025,DC-04,West,SKU-SKU-403,210,10.4,257,261,0,0,214,465,95
2/10/2025,DC-04,West,SKU-SKU-403,101,8.3,261,426,0,0,266,465,95
2/17/2025,DC-04,West,SKU-SKU-403,185,8.7,426,507,0,0,265,465,95
2/24/2025,DC-04,West,SKU-SKU-403,218,8,507,553,0,0,264,465,95
3/3/2025,DC-04,West,SKU-SKU-403,204,12,553,636,0,0,287,465,95
3/10/2025,DC-04,West,SKU-SKU-403,303,4.9,636,568,0,0,234,465,95
3/17/2025,DC-04,West,SKU-SKU-403,395,9.2,568,450,0,0,278,465,95
3/24/2025,DC-04,West,SKU-SKU-403,507,10.9,450,216,1,57,216,465,95
3/31/2025,DC-04,West,SKU-SKU-403,280,8.8,216,253,1,64,253,465,95
4/7/2025,DC-04,West,SKU-SKU-403,181,8.5,253,370,0,0,298,465,95
4/14/2025,DC-04,West,SKU-SKU-403,187,7.9,370,432,0,0,249,465,95
4/21/2025,DC-04,West,SKU-SKU-403,343,11.7,432,314,0,0,225,465,95
4/28/2025,DC-04,West,SKU-SKU-403,300,9.2,314,278,0,0,265,465,95
5/5/2025,DC-04,West,SKU-SKU-403,185,10.2,278,375,0,0,282,465,95
5/12/2025,DC-04,West,SKU-SKU-403,213,8.9,375,441,0,0,279,465,95
5/19/2025,DC-04,West,SKU-SKU-403,186,8,441,523,0,0,268,465,95
5/26/2025,DC-04,West,SKU-SKU-403,314,8.4,523,501,0,0,292,465,95
6/2/2025,DC-04,West,SKU-SKU-403,288,7.1,501,473,0,0,260,465,95
6/9/2025,DC-04,West,SKU-SKU-403,0,12.9,473,692,0,0,219,465,95
6/16/2025,DC-04,West,SKU-SKU-403,261,6.9,692,702,0,0,271,465,95
6/23/2025,DC-04,West,SKU-SKU-403,78,11.6,702,624,0,0,0,465,95
6/30/2025,DC-04,West,SKU-SKU-403,291,6.8,624,597,0,0,263,465,95
7/7/2025,DC-04,West,SKU-SKU-403,0,9.5,597,898,0,0,301,465,95
7/14/2025,DC-04,West,SKU-SKU-403,173,8.3,898,725,0,0,0,465,95
7/21/2025,DC-04,West,SKU-SKU-403,154,5.2,725,571,0,0,0,465,95
7/28/2025,DC-04,West,SKU-SKU-403,218,8.5,571,599,0,0,246,465,95
8/4/2025,DC-04,West,SKU-SKU-403,412,12.9,599,479,0,0,292,465,95
8/11/2025,DC-04,West,SKU-SKU-403,306,7.3,479,400,0,0,228,465,95
8/18/2025,DC-04,West,SKU-SKU-403,249,5.1,400,391,0,0,240,465,95
8/25/2025,DC-04,West,SKU-SKU-403,195,7.7,391,493,0,0,298,465,95
9/1/2025,DC-04,West,SKU-SKU-403,198,7.5,493,560,0,0,265,465,95
9/8/2025,DC-04,West,SKU-SKU-403,172,8.4,560,636,0,0,247,465,95
9/15/2025,DC-04,West,SKU-SKU-403,136,8.1,636,716,0,0,216,465,95
9/22/2025,DC-04,West,SKU-SKU-403,142,7.5,716,574,0,0,0,465,95
9/29/2025,DC-04,West,SKU-SKU-403,228,7.6,574,610,0,0,264,465,95
10/6/2025,DC-04,West,SKU-SKU-403,315,8.5,610,561,0,0,265,465,95
10/13/2025,DC-04,West,SKU-SKU-403,15,12.2,561,839,0,0,293,465,95
10/20/2025,DC-04,West,SKU-SKU-403,186,10.2,839,653,0,0,0,465,95
10/27/2025,DC-04,West,SKU-SKU-403,392,6.4,653,527,0,0,266,465,95
11/3/2025,DC-04,West,SKU-SKU-403,232,4.7,527,542,0,0,247,465,95
11/10/2025,DC-04,West,SKU-SKU-403,452,5.8,542,310,0,0,220,465,95
11/17/2025,DC-04,West,SKU-SKU-403,296,10.2,310,293,0,0,278,465,95
11/24/2025,DC-04,West,SKU-SKU-403,43,7.6,293,485,0,0,235,465,95
12/1/2025,DC-04,West,SKU-SKU-403,168,11.6,485,530,0,0,213,465,95
12/8/2025,DC-04,West,SKU-SKU-403,187,7.6,530,584,0,0,242,465,95
12/15/2025,DC-04,West,SKU-SKU-403,273,7.5,584,539,0,0,228,465,95
12/22/2025,DC-04,West,SKU-SKU-403,247,9.3,539,551,0,0,258,465,95
12/29/2025,DC-04,West,SKU-SKU-403,238,9.1,551,529,0,0,216,465,95
1/5/2026,DC-04,West,SKU-SKU-403,261,8.1,529,522,0,0,254,465,95
1/12/2026,DC-04,West,SKU-SKU-403,249,8.5,522,513,0,0,240,465,95
1/19/2026,DC-04,West,SKU-SKU-403,357,7.3,513,435,0,0,280,465,95
1/26/2026,DC-04,West,SKU-SKU-403,164,8,435,489,0,0,217,465,95
2/2/2026,DC-04,West,SKU-SKU-403,312,7.8,489,430,0,0,253,465,95
2/9/2026,DC-04,West,SKU-SKU-403,215,7.3,430,484,0,0,269,465,95
2/16/2026,DC-04,West,SKU-SKU-403,183,10.1,484,595,0,0,293,465,95
2/23/2026,DC-04,West,SKU-SKU-403,94,10.9,595,771,0,0,270,465,95
3/2/2026,DC-04,West,SKU-SKU-403,172,8.3,771,599,0,0,0,465,95
3/9/2026,DC-04,West,SKU-SKU-403,312,7.2,599,558,0,0,271,465,95
3/16/2026,DC-04,West,SKU-SKU-403,158,11.1,558,678,0,0,278,465,95
3/23/2026,DC-04,West,SKU-SKU-403,203,10.9,678,701,0,0,226,465,95
3/30/2026,DC-04,West,SKU-SKU-403,220,4.8,701,481,0,0,0,465,95
4/6/2026,DC-04,West,SKU-SKU-403,378,8.2,481,331,0,0,228,465,95
4/13/2026,DC-04,West,SKU-SKU-403,306,4.3,331,304,0,0,278,465,95
4/20/2026,DC-04,West,SKU-SKU-403,191,12.6,304,326,0,0,213,465,95
4/27/2026,DC-04,West,SKU-SKU-403,462,5.1,326,216,1,136,216,465,95
5/4/2026,DC-04,West,SKU-SKU-403,335,5.3,216,264,1,119,264,465,95
5/11/2026,DC-04,West,SKU-SKU-403,426,6.2,264,243,1,162,243,465,95
5/18/2026,DC-04,West,SKU-SKU-403,166,10.8,243,287,0,0,211,465,95
5/25/2026,DC-04,West,SKU-SKU-403,351,10.1,287,253,1,64,253,465,95
6/1/2026,DC-04,West,SKU-SKU-403,410,10,253,259,1,156,259,465,95
6/8/2026,DC-04,West,SKU-SKU-403,32,8,259,452,0,0,224,465,95
6/15/2026,DC-04,West,SKU-SKU-403,416,11.6,452,303,0,0,268,465,95
6/22/2026,DC-04,West,SKU-SKU-403,300,12.6,303,288,0,0,285,465,95
6/29/2026,DC-04,West,SKU-SKU-403,260,6.6,288,268,0,0,240,465,95
7/6/2026,DC-04,West,SKU-SKU-403,166,4.2,268,319,0,0,216,465,95
7/13/2026,DC-04,West,SKU-SKU-403,212,11.7,319,369,0,0,262,465,95
7/20/2026,DC-04,West,SKU-SKU-403,254,5,369,327,0,0,212,465,95
7/27/2026,DC-04,West,SKU-SKU-403,169,13.8,327,432,0,0,274,465,95
8/3/2026,DC-04,West,SKU-SKU-403,387,9.1,432,300,0,0,255,465,95
8/10/2026,DC-04,West,SKU-SKU-403,286,7.7,300,288,0,0,274,465,95
8/17/2026,DC-04,West,SKU-SKU-403,22,12,288,519,0,0,253,465,95
8/24/2026,DC-04,West,SKU-SKU-403,271,7.2,519,535,0,0,287,465,95
9/2/2024,DC-04,West,SKU-501,224,3.9,618,394,0,0,0,412,95
9/9/2024,DC-04,West,SKU-501,147,4.7,394,484,0,0,237,412,95
9/16/2024,DC-04,West,SKU-501,135,8.5,484,553,0,0,204,412,95
9/23/2024,DC-04,West,SKU-501,276,4.4,553,480,0,0,203,412,95
9/30/2024,DC-04,West,SKU-501,258,5.4,480,422,0,0,200,412,95
10/7/2024,DC-04,West,SKU-501,181,4.2,422,469,0,0,228,412,95
10/14/2024,DC-04,West,SKU-501,69,7.9,469,611,0,0,210,412,95
10/21/2024,DC-04,West,SKU-501,193,7.5,611,684,0,0,266,412,95
10/28/2024,DC-04,West,SKU-501,127,2,684,557,0,0,0,412,95
11/4/2024,DC-04,West,SKU-501,161,5,557,590,0,0,194,412,95
11/11/2024,DC-04,West,SKU-501,93,10.8,590,747,0,0,250,412,95
11/18/2024,DC-04,West,SKU-501,199,11.2,747,548,0,0,0,412,95
11/25/2024,DC-04,West,SKU-501,7,8.1,548,748,0,0,207,412,95
12/2/2024,DC-04,West,SKU-501,162,8.4,748,586,0,0,0,412,95
12/9/2024,DC-04,West,SKU-501,181,5.1,586,596,0,0,191,412,95
12/16/2024,DC-04,West,SKU-501,163,9,596,660,0,0,227,412,95
12/23/2024,DC-04,West,SKU-501,276,12.6,660,383,0,0,0,412,95
12/30/2024,DC-04,West,SKU-501,80,11,383,539,0,0,236,412,95
1/6/2025,DC-04,West,SKU-501,239,10.7,539,563,0,0,264,412,95
1/13/2025,DC-04,West,SKU-501,173,16.2,563,584,0,0,194,412,95
1/20/2025,DC-04,West,SKU-501,197,9.9,584,577,0,0,190,412,95
1/27/2025,DC-04,West,SKU-501,216,9.7,577,589,0,0,229,412,95
2/3/2025,DC-04,West,SKU-501,355,11.7,589,444,0,0,209,412,95
2/10/2025,DC-04,West,SKU-501,253,10.7,444,404,0,0,213,412,95
2/17/2025,DC-04,West,SKU-501,248,7.5,404,393,0,0,237,412,95
2/24/2025,DC-04,West,SKU-501,373,10.4,393,250,0,0,230,412,95
3/3/2025,DC-04,West,SKU-501,183,11.2,250,281,0,0,214,412,95
3/10/2025,DC-04,West,SKU-501,227,9.4,281,242,0,0,187,412,95
3/17/2025,DC-04,West,SKU-501,209,6.8,242,287,0,0,255,412,95
3/24/2025,DC-04,West,SKU-501,146,10.7,287,340,0,0,198,412,95
3/31/2025,DC-04,West,SKU-501,169,7.7,340,430,0,0,259,412,95
4/7/2025,DC-04,West,SKU-501,152,11.8,430,517,0,0,239,412,95
4/14/2025,DC-04,West,SKU-501,160,6.6,517,614,0,0,256,412,95
4/21/2025,DC-04,West,SKU-501,256,7.5,614,614,0,0,257,412,95
4/28/2025,DC-04,West,SKU-501,159,6.9,614,706,0,0,251,412,95
5/5/2025,DC-04,West,SKU-501,417,10.7,706,289,0,0,0,412,95
5/12/2025,DC-04,West,SKU-501,132,9.8,289,346,0,0,188,412,95
5/19/2025,DC-04,West,SKU-501,237,7.5,346,328,0,0,219,412,95
5/26/2025,DC-04,West,SKU-501,319,8.7,328,222,0,0,213,412,95
6/2/2025,DC-04,West,SKU-501,220,10.3,222,211,0,0,209,412,95
6/9/2025,DC-04,West,SKU-501,193,5,211,250,0,0,232,412,95
6/16/2025,DC-04,West,SKU-501,197,9.4,250,299,0,0,246,412,95
6/23/2025,DC-04,West,SKU-501,249,10,299,299,0,0,248,412,95
6/30/2025,DC-04,West,SKU-501,255,3.3,299,259,0,0,215,412,95
7/7/2025,DC-04,West,SKU-501,214,4.7,259,269,0,0,224,412,95
7/14/2025,DC-04,West,SKU-501,272,12.3,269,199,1,3,199,412,95
7/21/2025,DC-04,West,SKU-501,215,8.2,199,229,1,15,229,412,95
7/28/2025,DC-04,West,SKU-501,114,7.7,229,334,0,0,220,412,95
8/4/2025,DC-04,West,SKU-501,222,7.1,334,367,0,0,254,412,95
8/11/2025,DC-04,West,SKU-501,122,7.8,367,495,0,0,250,412,95
8/18/2025,DC-04,West,SKU-501,176,7,495,529,0,0,210,412,95
8/25/2025,DC-04,West,SKU-501,154,11,529,614,0,0,239,412,95
9/1/2025,DC-04,West,SKU-501,222,9.4,614,637,0,0,245,412,95
9/8/2025,DC-04,West,SKU-501,312,4.8,637,324,0,0,0,412,95
9/15/2025,DC-04,West,SKU-501,253,7.5,324,318,0,0,247,412,95
9/22/2025,DC-04,West,SKU-501,129,10.7,318,431,0,0,241,412,95
9/29/2025,DC-04,West,SKU-501,92,11.6,431,538,0,0,200,412,95
10/6/2025,DC-04,West,SKU-501,168,5.6,538,624,0,0,254,412,95
10/13/2025,DC-04,West,SKU-501,146,10.7,624,478,0,0,0,412,95
10/20/2025,DC-04,West,SKU-501,297,9.8,478,399,0,0,218,412,95
10/27/2025,DC-04,West,SKU-501,99,9.7,399,560,0,0,260,412,95
11/3/2025,DC-04,West,SKU-501,82,8,560,689,0,0,210,412,95
11/10/2025,DC-04,West,SKU-501,160,8.5,689,529,0,0,0,412,95
11/17/2025,DC-04,West,SKU-501,257,8.5,529,529,0,0,257,412,95
11/24/2025,DC-04,West,SKU-501,277,9.5,529,468,0,0,216,412,95
12/1/2025,DC-04,West,SKU-501,263,6.4,468,446,0,0,241,412,95
12/8/2025,DC-04,West,SKU-501,99,9.8,446,544,0,0,197,412,95
12/15/2025,DC-04,West,SKU-501,128,8.5,544,670,0,0,254,412,95
12/22/2025,DC-04,West,SKU-501,349,7.7,670,321,0,0,0,412,95
12/29/2025,DC-04,West,SKU-501,286,4.7,321,267,0,0,231,412,95
1/5/2026,DC-04,West,SKU-501,289,12.4,267,263,1,22,263,412,95
1/12/2026,DC-04,West,SKU-501,179,11.2,263,293,0,0,208,412,95
1/19/2026,DC-04,West,SKU-501,222,10.3,293,270,0,0,199,412,95
1/26/2026,DC-04,West,SKU-501,228,10.7,270,235,0,0,192,412,95
2/2/2026,DC-04,West,SKU-501,227,5,235,227,0,0,219,412,95
2/9/2026,DC-04,West,SKU-501,251,5,227,253,1,24,253,412,95
2/16/2026,DC-04,West,SKU-501,126,8.2,253,333,0,0,207,412,95
2/23/2026,DC-04,West,SKU-501,136,6.1,333,462,0,0,265,412,95
3/2/2026,DC-04,West,SKU-501,277,9.7,462,405,0,0,220,412,95
3/9/2026,DC-04,West,SKU-501,271,7.4,405,349,0,0,214,412,95
3/16/2026,DC-04,West,SKU-501,143,10.8,349,452,0,0,246,412,95
3/23/2026,DC-04,West,SKU-501,427,3.9,452,290,0,0,265,412,95
3/30/2026,DC-04,West,SKU-501,257,10.2,290,284,0,0,250,412,95
4/6/2026,DC-04,West,SKU-501,312,8.2,284,197,1,28,197,412,95
4/13/2026,DC-04,West,SKU-501,259,9.7,197,198,1,62,198,412,95
4/20/2026,DC-04,West,SKU-501,313,5.5,198,191,1,115,191,412,95
4/27/2026,DC-04,West,SKU-501,197,8.5,191,213,1,5,213,412,95
5/4/2026,DC-04,West,SKU-501,325,4.5,213,201,1,112,201,412,95
5/11/2026,DC-04,West,SKU-501,173,9.9,201,254,0,0,226,412,95
5/18/2026,DC-04,West,SKU-501,149,7.9,254,363,0,0,258,412,95
5/25/2026,DC-04,West,SKU-501,176,8.7,363,412,0,0,225,412,95
6/1/2026,DC-04,West,SKU-501,254,7.2,412,402,0,0,243,412,95
6/8/2026,DC-04,West,SKU-501,50,3.4,402,561,0,0,210,412,95
6/15/2026,DC-04,West,SKU-501,234,5.9,561,571,0,0,243,412,95
6/22/2026,DC-04,West,SKU-501,217,8,571,620,0,0,267,412,95
6/29/2026,DC-04,West,SKU-501,88,11.8,620,532,0,0,0,412,95
7/6/2026,DC-04,West,SKU-501,110,5.4,532,681,0,0,259,412,95
7/13/2026,DC-04,West,SKU-501,155,10.2,681,527,0,0,0,412,95
7/20/2026,DC-04,West,SKU-501,162,10.5,527,559,0,0,195,412,95
7/27/2026,DC-04,West,SKU-501,215,8.4,559,544,0,0,200,412,95
8/3/2026,DC-04,West,SKU-501,171,8.5,544,638,0,0,265,412,95
8/10/2026,DC-04,West,SKU-501,195,6.9,638,443,0,0,0,412,95
8/17/2026,DC-04,West,SKU-501,236,7.3,443,423,0,0,215,412,95
8/24/2026,DC-04,West,SKU-501,218,11.7,423,422,0,0,217,412,95
9/2/2024,DC-04,West,SKU-502,315,7,1109,793,0,0,0,739,95
9/9/2024,DC-04,West,SKU-502,364,7,793,770,0,0,341,739,95
9/16/2024,DC-04,West,SKU-502,198,11.6,770,944,0,0,372,739,95
9/23/2024,DC-04,West,SKU-502,286,7.1,944,1033,0,0,376,739,95
9/30/2024,DC-04,West,SKU-502,267,5.8,1033,1179,0,0,412,739,95
10/7/2024,DC-04,West,SKU-502,273,10.7,1179,906,0,0,0,739,95
10/14/2024,DC-04,West,SKU-502,325,3.5,906,1039,0,0,458,739,95
10/21/2024,DC-04,West,SKU-502,321,8.6,1039,1097,0,0,380,739,95
10/28/2024,DC-04,West,SKU-502,268,11.4,1097,1279,0,0,450,739,95
11/4/2024,DC-04,West,SKU-502,441,5.6,1279,838,0,0,0,739,95
11/11/2024,DC-04,West,SKU-502,263,8.8,838,993,0,0,418,739,95
11/18/2024,DC-04,West,SKU-502,333,8.8,993,1019,0,0,359,739,95
11/25/2024,DC-04,West,SKU-502,325,5.9,1019,1039,0,0,345,739,95
12/2/2024,DC-04,West,SKU-502,429,10.8,1039,1085,0,0,474,739,95
12/9/2024,DC-04,West,SKU-502,298,9.6,1085,1262,0,0,476,739,95
12/16/2024,DC-04,West,SKU-502,464,8,1262,798,0,0,0,739,95
12/23/2024,DC-04,West,SKU-502,314,5.9,798,825,0,0,340,739,95
12/30/2024,DC-04,West,SKU-502,564,6,825,723,0,0,462,739,95
1/6/2025,DC-04,West,SKU-502,329,9.1,723,814,0,0,420,739,95
1/13/2025,DC-04,West,SKU-502,310,6.1,814,982,0,0,477,739,95
1/20/2025,DC-04,West,SKU-502,336,8.4,982,1101,0,0,456,739,95
1/27/2025,DC-04,West,SKU-502,385,6.5,1101,1146,0,0,429,739,95
2/3/2025,DC-04,West,SKU-502,474,5.6,1146,672,0,0,0,739,95
2/10/2025,DC-04,West,SKU-502,354,6.7,672,710,0,0,393,739,95
2/17/2025,DC-04,West,SKU-502,401,8.7,710,780,0,0,471,739,95
2/24/2025,DC-04,West,SKU-502,456,7.6,780,725,0,0,401,739,95
3/3/2025,DC-04,West,SKU-502,458,6.3,725,644,0,0,377,739,95
3/10/2025,DC-04,West,SKU-502,475,9.3,644,562,0,0,393,739,95
3/17/2025,DC-04,West,SKU-502,503,10.9,562,442,0,0,383,739,95
3/24/2025,DC-04,West,SKU-502,227,8.3,442,568,0,0,353,739,95
3/31/2025,DC-04,West,SKU-502,482,11.7,568,523,0,0,437,739,95
4/7/2025,DC-04,West,SKU-502,560,5.9,523,437,1,38,437,739,95
4/14/2025,DC-04,West,SKU-502,308,2.2,437,600,0,0,471,739,95
4/21/2025,DC-04,West,SKU-502,424,9.3,600,554,0,0,378,739,95
4/28/2025,DC-04,West,SKU-502,408,8.8,554,480,0,0,335,739,95
5/5/2025,DC-04,West,SKU-502,336,8.7,480,546,0,0,402,739,95
5/12/2025,DC-04,West,SKU-502,394,5.2,546,554,0,0,402,739,95
5/19/2025,DC-04,West,SKU-502,406,7.8,554,552,0,0,404,739,95
5/26/2025,DC-04,West,SKU-502,340,9.1,552,617,0,0,404,739,95
6/2/2025,DC-04,West,SKU-502,339,4.9,617,727,0,0,449,739,95
6/9/2025,DC-04,West,SKU-502,418,8,727,742,0,0,434,739,95
6/16/2025,DC-04,West,SKU-502,376,6,742,767,0,0,400,739,95
6/23/2025,DC-04,West,SKU-502,414,10,767,785,0,0,432,739,95
6/30/2025,DC-04,West,SKU-502,254,8.5,785,1005,0,0,474,739,95
7/7/2025,DC-04,West,SKU-502,326,6.8,1005,1144,0,0,466,739,95
7/14/2025,DC-04,West,SKU-502,233,3.9,1144,911,0,0,0,739,95
7/21/2025,DC-04,West,SKU-502,394,8.7,911,857,0,0,339,739,95
7/28/2025,DC-04,West,SKU-502,346,5,857,870,0,0,359,739,95
8/4/2025,DC-04,West,SKU-502,310,9.6,870,916,0,0,356,739,95
8/11/2025,DC-04,West,SKU-502,360,6.5,916,981,0,0,425,739,95
8/18/2025,DC-04,West,SKU-502,333,9.3,981,1079,0,0,430,739,95
8/25/2025,DC-04,West,SKU-502,150,9.2,1079,1356,0,0,427,739,95
9/1/2025,DC-04,West,SKU-502,296,9.2,1356,1061,0,0,0,739,95
9/8/2025,DC-04,West,SKU-502,283,11.4,1061,1237,0,0,460,739,95
9/15/2025,DC-04,West,SKU-502,325,10.2,1237,912,0,0,0,739,95
9/22/2025,DC-04,West,SKU-502,290,5.7,912,998,0,0,375,739,95
9/29/2025,DC-04,West,SKU-502,240,6.8,998,1221,0,0,463,739,95
10/6/2025,DC-04,West,SKU-502,307,8.3,1221,914,0,0,0,739,95
10/13/2025,DC-04,West,SKU-502,392,10.7,914,907,0,0,385,739,95
10/20/2025,DC-04,West,SKU-502,333,5.4,907,935,0,0,361,739,95
10/27/2025,DC-04,West,SKU-502,280,8.7,935,1096,0,0,441,739,95
11/3/2025,DC-04,West,SKU-502,351,8.1,1096,1102,0,0,357,739,95
11/10/2025,DC-04,West,SKU-502,328,8,1102,1171,0,0,397,739,95
11/17/2025,DC-04,West,SKU-502,369,6.8,1171,802,0,0,0,739,95
11/24/2025,DC-04,West,SKU-502,247,8.8,802,983,0,0,428,739,95
12/1/2025,DC-04,West,SKU-502,320,7.2,983,1109,0,0,445,739,95
12/8/2025,DC-04,West,SKU-502,359,7.1,1109,750,0,0,0,739,95
12/15/2025,DC-04,West,SKU-502,307,4.3,750,850,0,0,407,739,95
12/22/2025,DC-04,West,SKU-502,420,8.7,850,888,0,0,458,739,95
12/29/2025,DC-04,West,SKU-502,318,5.9,888,971,0,0,400,739,95
1/5/2026,DC-04,West,SKU-502,332,6.8,971,1063,0,0,425,739,95
1/12/2026,DC-04,West,SKU-502,351,3.8,1063,1130,0,0,419,739,95
1/19/2026,DC-04,West,SKU-502,403,10.4,1130,727,0,0,0,739,95
1/26/2026,DC-04,West,SKU-502,395,11.5,727,808,0,0,475,739,95
2/2/2026,DC-04,West,SKU-502,411,10.6,808,830,0,0,434,739,95
2/9/2026,DC-04,West,SKU-502,385,8.9,830,803,0,0,359,739,95
2/16/2026,DC-04,West,SKU-502,449,10.8,803,835,0,0,480,739,95
2/23/2026,DC-04,West,SKU-502,385,7.6,835,883,0,0,433,739,95
3/2/2026,DC-04,West,SKU-502,349,6.7,883,891,0,0,358,739,95
3/9/2026,DC-04,West,SKU-502,407,7.1,891,874,0,0,390,739,95
3/16/2026,DC-04,West,SKU-502,385,7.7,874,948,0,0,460,739,95
3/23/2026,DC-04,West,SKU-502,518,7.8,948,840,0,0,410,739,95
3/30/2026,DC-04,West,SKU-502,407,6.3,840,778,0,0,345,739,95
4/6/2026,DC-04,West,SKU-502,326,8.6,778,856,0,0,405,739,95
4/13/2026,DC-04,West,SKU-502,368,3.4,856,878,0,0,389,739,95
4/20/2026,DC-04,West,SKU-502,405,8.1,878,888,0,0,415,739,95
4/27/2026,DC-04,West,SKU-502,432,10.4,888,928,0,0,472,739,95
5/4/2026,DC-04,West,SKU-502,425,6.7,928,909,0,0,406,739,95
5/11/2026,DC-04,West,SKU-502,478,12.9,909,806,0,0,375,739,95
5/18/2026,DC-04,West,SKU-502,313,6.6,806,962,0,0,469,739,95
5/25/2026,DC-04,West,SKU-502,374,10,962,1052,0,0,464,739,95
6/1/2026,DC-04,West,SKU-502,444,13,1052,955,0,0,347,739,95
6/8/2026,DC-04,West,SKU-502,273,7.8,955,1145,0,0,463,739,95
6/15/2026,DC-04,West,SKU-502,340,9.3,1145,805,0,0,0,739,95
6/22/2026,DC-04,West,SKU-502,347,6.5,805,904,0,0,445,739,95
6/29/2026,DC-04,West,SKU-502,417,8.9,904,857,0,0,370,739,95
7/6/2026,DC-04,West,SKU-502,333,6.3,857,900,0,0,376,739,95
7/13/2026,DC-04,West,SKU-502,230,13,900,1091,0,0,421,739,95
7/20/2026,DC-04,West,SKU-502,434,3,1091,1056,0,0,399,739,95
7/27/2026,DC-04,West,SKU-502,336,8.6,1056,1157,0,0,437,739,95
8/3/2026,DC-04,West,SKU-502,405,12.2,1157,752,0,0,0,739,95
8/10/2026,DC-04,West,SKU-502,379,8.1,752,706,0,0,333,739,95
8/17/2026,DC-04,West,SKU-502,374,5.6,706,705,0,0,372,739,95
8/24/2026,DC-04,West,SKU-502,432,10,705,623,0,0,349,739,95
9/2/2024,DC-04,West,SKU-503,178,9.6,510,332,0,0,0,340,95
9/9/2024,DC-04,West,SKU-503,205,7.4,332,286,0,0,160,340,95
9/16/2024,DC-04,West,SKU-503,89,8.3,286,355,0,0,158,340,95
9/23/2024,DC-04,West,SKU-503,185,8.5,355,391,0,0,221,340,95
9/30/2024,DC-04,West,SKU-503,155,5.7,391,435,0,0,199,340,95
10/7/2024,DC-04,West,SKU-503,127,7.4,435,500,0,0,192,340,95
10/14/2024,DC-04,West,SKU-503,188,9.4,500,507,0,0,195,340,95
10/21/2024,DC-04,West,SKU-503,113,9.6,507,582,0,0,188,340,95
10/28/2024,DC-04,West,SKU-503,139,9.6,582,443,0,0,0,340,95
11/4/2024,DC-04,West,SKU-503,156,7.2,443,506,0,0,218,340,95
11/11/2024,DC-04,West,SKU-503,152,7.6,506,519,0,0,165,340,95
11/18/2024,DC-04,West,SKU-503,153,8.4,519,366,0,0,0,340,95
11/25/2024,DC-04,West,SKU-503,141,9.9,366,413,0,0,189,340,95
12/2/2024,DC-04,West,SKU-503,172,6.4,413,400,0,0,158,340,95
12/9/2024,DC-04,West,SKU-503,181,5.2,400,413,0,0,194,340,95
12/16/2024,DC-04,West,SKU-503,185,8.5,413,418,0,0,190,340,95
12/23/2024,DC-04,West,SKU-503,132,9.2,418,489,0,0,203,340,95
12/30/2024,DC-04,West,SKU-503,203,6.2,489,487,0,0,200,340,95
1/6/2025,DC-04,West,SKU-503,145,8.5,487,555,0,0,213,340,95
1/13/2025,DC-04,West,SKU-503,181,9.8,555,374,0,0,0,340,95
1/20/2025,DC-04,West,SKU-503,148,4.1,374,399,0,0,173,340,95
1/27/2025,DC-04,West,SKU-503,219,7.5,399,347,0,0,167,340,95
2/3/2025,DC-04,West,SKU-503,245,5.9,347,296,0,0,194,340,95
2/10/2025,DC-04,West,SKU-503,157,5.9,296,334,0,0,194,340,95
2/17/2025,DC-04,West,SKU-503,212,6.4,334,309,0,0,187,340,95
2/24/2025,DC-04,West,SKU-503,188,8,309,322,0,0,202,340,95
3/3/2025,DC-04,West,SKU-503,154,7.8,322,331,0,0,163,340,95
3/10/2025,DC-04,West,SKU-503,193,6.9,331,346,0,0,208,340,95
3/17/2025,DC-04,West,SKU-503,190,9.1,346,312,0,0,156,340,95
3/24/2025,DC-04,West,SKU-503,205,7.1,312,300,0,0,194,340,95
3/31/2025,DC-04,West,SKU-503,205,9.1,300,312,0,0,217,340,95
4/7/2025,DC-04,West,SKU-503,233,8.6,312,236,0,0,157,340,95
4/14/2025,DC-04,West,SKU-503,181,6.6,236,276,0,0,221,340,95
4/21/2025,DC-04,West,SKU-503,196,6,276,299,0,0,219,340,95
4/28/2025,DC-04,West,SKU-503,219,9.6,299,271,0,0,192,340,95
5/5/2025,DC-04,West,SKU-503,102,5.5,271,345,0,0,176,340,95
5/12/2025,DC-04,West,SKU-503,191,6.7,345,339,0,0,184,340,95
5/19/2025,DC-04,West,SKU-503,162,6,339,348,0,0,171,340,95
5/26/2025,DC-04,West,SKU-503,185,5.2,348,336,0,0,174,340,95
6/2/2025,DC-04,West,SKU-503,145,9.1,336,363,0,0,171,340,95
6/9/2025,DC-04,West,SKU-503,209,5.5,363,308,0,0,154,340,95
6/16/2025,DC-04,West,SKU-503,153,10.1,308,315,0,0,161,340,95
6/23/2025,DC-04,West,SKU-503,209,10.5,315,286,0,0,180,340,95
6/30/2025,DC-04,West,SKU-503,218,7.2,286,272,0,0,203,340,95
7/7/2025,DC-04,West,SKU-503,186,7.9,272,246,0,0,160,340,95
7/14/2025,DC-04,West,SKU-503,172,7.7,246,281,0,0,207,340,95
7/21/2025,DC-04,West,SKU-503,146,5.8,281,331,0,0,197,340,95
7/28/2025,DC-04,West,SKU-503,165,8.6,331,362,0,0,196,340,95
8/4/2025,DC-04,West,SKU-503,137,6.5,362,429,0,0,204,340,95
8/11/2025,DC-04,West,SKU-503,156,8.6,429,449,0,0,177,340,95
8/18/2025,DC-04,West,SKU-503,174,6.8,449,458,0,0,183,340,95
8/25/2025,DC-04,West,SKU-503,166,6.7,458,470,0,0,178,340,95
9/1/2025,DC-04,West,SKU-503,177,8.4,470,489,0,0,196,340,95
9/8/2025,DC-04,West,SKU-503,152,8.7,489,500,0,0,163,340,95
9/15/2025,DC-04,West,SKU-503,175,9,500,534,0,0,209,340,95
9/22/2025,DC-04,West,SKU-503,137,8.4,534,397,0,0,0,340,95
9/29/2025,DC-04,West,SKU-503,217,6.7,397,335,0,0,155,340,95
10/6/2025,DC-04,West,SKU-503,135,12.3,335,373,0,0,173,340,95
10/13/2025,DC-04,West,SKU-503,174,7.8,373,398,0,0,199,340,95
10/20/2025,DC-04,West,SKU-503,117,7.7,398,492,0,0,210,340,95
10/27/2025,DC-04,West,SKU-503,145,9.3,492,558,0,0,211,340,95
11/3/2025,DC-04,West,SKU-503,139,6.9,558,419,0,0,0,340,95
11/10/2025,DC-04,West,SKU-503,161,12.4,419,427,0,0,169,340,95
11/17/2025,DC-04,West,SKU-503,141,5.3,427,501,0,0,215,340,95
11/24/2025,DC-04,West,SKU-503,163,8.9,501,522,0,0,184,340,95
12/1/2025,DC-04,West,SKU-503,184,7.9,522,337,0,0,0,340,95
12/8/2025,DC-04,West,SKU-503,123,11.5,337,396,0,0,182,340,95
12/15/2025,DC-04,West,SKU-503,206,10.3,396,390,0,0,199,340,95
12/22/2025,DC-04,West,SKU-503,243,10.3,390,340,0,0,194,340,95
12/29/2025,DC-04,West,SKU-503,141,7.7,340,381,0,0,182,340,95
1/5/2026,DC-04,West,SKU-503,137,11.5,381,437,0,0,194,340,95
1/12/2026,DC-04,West,SKU-503,205,6.9,437,447,0,0,215,340,95
1/19/2026,DC-04,West,SKU-503,173,10.7,447,479,0,0,205,340,95
1/26/2026,DC-04,West,SKU-503,209,12.3,479,442,0,0,172,340,95
2/2/2026,DC-04,West,SKU-503,151,12.7,442,507,0,0,215,340,95
2/9/2026,DC-04,West,SKU-503,160,6.6,507,529,0,0,182,340,95
2/16/2026,DC-04,West,SKU-503,185,5.9,529,344,0,0,0,340,95
2/23/2026,DC-04,West,SKU-503,156,10.1,344,397,0,0,209,340,95
3/2/2026,DC-04,West,SKU-503,247,2.5,397,363,0,0,213,340,95
3/9/2026,DC-04,West,SKU-503,168,5,363,374,0,0,179,340,95
3/16/2026,DC-04,West,SKU-503,207,10.8,374,369,0,0,202,340,95
3/23/2026,DC-04,West,SKU-503,163,9,369,376,0,0,170,340,95
3/30/2026,DC-04,West,SKU-503,271,7.2,376,316,0,0,211,340,95
4/6/2026,DC-04,West,SKU-503,233,10.8,316,290,0,0,207,340,95
4/13/2026,DC-04,West,SKU-503,211,7.5,290,233,0,0,154,340,95
4/20/2026,DC-04,West,SKU-503,198,7.8,233,235,0,0,200,340,95
4/27/2026,DC-04,West,SKU-503,172,10.9,235,223,0,0,161,340,95
5/4/2026,DC-04,West,SKU-503,208,8.8,223,189,0,0,174,340,95
5/11/2026,DC-04,West,SKU-503,174,9.2,189,176,0,0,161,340,95
5/18/2026,DC-04,West,SKU-503,154,6.2,176,178,0,0,156,340,95
5/25/2026,DC-04,West,SKU-503,153,5.6,178,215,0,0,191,340,95
6/1/2026,DC-04,West,SKU-503,176,7.7,215,247,0,0,208,340,95
6/8/2026,DC-04,West,SKU-503,208,9,247,198,0,0,159,340,95
6/15/2026,DC-04,West,SKU-503,206,8.1,198,171,1,8,171,340,95
6/22/2026,DC-04,West,SKU-503,182,8.9,171,160,1,11,160,340,95
6/29/2026,DC-04,West,SKU-503,163,10.7,160,170,1,3,170,340,95
7/6/2026,DC-04,West,SKU-503,167,7.7,170,224,0,0,221,340,95
7/13/2026,DC-04,West,SKU-503,126,4.9,224,281,0,0,182,340,95
7/20/2026,DC-04,West,SKU-503,181,2,281,278,0,0,179,340,95
7/27/2026,DC-04,West,SKU-503,159,8.4,278,283,0,0,164,340,95
8/3/2026,DC-04,West,SKU-503,141,8.8,283,338,0,0,195,340,95
8/10/2026,DC-04,West,SKU-503,98,9.6,338,437,0,0,197,340,95
8/17/2026,DC-04,West,SKU-503,133,11.5,437,500,0,0,196,340,95
8/24/2026,DC-04,West,SKU-503,141,8.7,500,575,0,0,217,340,95
9/2/2024,DC-05,Central,SKU-SKU-101,190,9.5,513,323,0,0,0,342,95
9/9/2024,DC-05,Central,SKU-SKU-101,108,11.4,323,425,0,0,211,342,95
9/16/2024,DC-05,Central,SKU-SKU-101,74,9,425,526,0,0,174,342,95
9/23/2024,DC-05,Central,SKU-SKU-101,101,10.3,526,425,0,0,0,342,95
9/30/2024,DC-05,Central,SKU-SKU-101,171,7,425,411,0,0,157,342,95
10/7/2024,DC-05,Central,SKU-SKU-101,93,16.4,411,512,0,0,194,342,95
10/14/2024,DC-05,Central,SKU-SKU-101,259,9.1,512,422,0,0,168,342,95
10/21/2024,DC-05,Central,SKU-SKU-101,129,13.5,422,503,0,0,211,342,95
10/28/2024,DC-05,Central,SKU-SKU-101,136,4.6,503,522,0,0,155,342,95
11/4/2024,DC-05,Central,SKU-SKU-101,29,11.9,522,493,0,0,0,342,95
11/11/2024,DC-05,Central,SKU-SKU-101,153,8.4,493,559,0,0,219,342,95
11/18/2024,DC-05,Central,SKU-SKU-101,163,13.1,559,396,0,0,0,342,95
11/25/2024,DC-05,Central,SKU-SKU-101,243,9.2,396,308,0,0,155,342,95
12/2/2024,DC-05,Central,SKU-SKU-101,48,10.9,308,452,0,0,192,342,95
12/9/2024,DC-05,Central,SKU-SKU-101,157,10.8,452,504,0,0,209,342,95
12/16/2024,DC-05,Central,SKU-SKU-101,241,12.6,504,435,0,0,172,342,95
12/23/2024,DC-05,Central,SKU-SKU-101,374,8.2,435,244,0,0,183,342,95
12/30/2024,DC-05,Central,SKU-SKU-101,291,13.7,244,160,1,46,160,342,95
1/6/2025,DC-05,Central,SKU-SKU-101,292,15,160,219,1,132,219,342,95
1/13/2025,DC-05,Central,SKU-SKU-101,169,13.1,219,252,0,0,203,342,95
1/20/2025,DC-05,Central,SKU-SKU-101,128,16,252,291,0,0,166,342,95
1/27/2025,DC-05,Central,SKU-SKU-101,226,11.4,291,239,0,0,174,342,95
2/3/2025,DC-05,Central,SKU-SKU-101,90,12.6,239,327,0,0,178,342,95
2/10/2025,DC-05,Central,SKU-SKU-101,164,10.9,327,327,0,0,164,342,95
2/17/2025,DC-05,Central,SKU-SKU-101,289,8.9,327,215,0,0,177,342,95
2/24/2025,DC-05,Central,SKU-SKU-101,307,9.2,215,221,1,92,221,342,95
3/3/2025,DC-05,Central,SKU-SKU-101,169,14.3,221,209,0,0,158,342,95
3/10/2025,DC-05,Central,SKU-SKU-101,139,11.6,209,232,0,0,162,342,95
3/17/2025,DC-05,Central,SKU-SKU-101,277,13.2,232,170,1,45,170,342,95
3/24/2025,DC-05,Central,SKU-SKU-101,260,11.1,170,208,1,91,208,342,95
3/31/2025,DC-05,Central,SKU-SKU-101,215,13,208,196,1,8,196,342,95
4/7/2025,DC-05,Central,SKU-SKU-101,149,12.2,196,214,0,0,168,342,95
4/14/2025,DC-05,Central,SKU-SKU-101,271,4.9,214,216,1,56,216,342,95
4/21/2025,DC-05,Central,SKU-SKU-101,206,7.2,216,190,0,0,179,342,95
4/28/2025,DC-05,Central,SKU-SKU-101,65,12.1,190,299,0,0,174,342,95
5/5/2025,DC-05,Central,SKU-SKU-101,151,17.3,299,339,0,0,191,342,95
5/12/2025,DC-05,Central,SKU-SKU-101,270,10.6,339,275,0,0,206,342,95
5/19/2025,DC-05,Central,SKU-SKU-101,180,13.8,275,265,0,0,170,342,95
5/26/2025,DC-05,Central,SKU-SKU-101,194,8.9,265,247,0,0,175,342,95
6/2/2025,DC-05,Central,SKU-SKU-101,191,6.4,247,243,0,0,187,342,95
6/9/2025,DC-05,Central,SKU-SKU-101,208,11.5,243,247,0,0,211,342,95
6/16/2025,DC-05,Central,SKU-SKU-101,240,7.5,247,218,0,0,211,342,95
6/23/2025,DC-05,Central,SKU-SKU-101,0,13.5,218,388,0,0,170,342,95
6/30/2025,DC-05,Central,SKU-SKU-101,188,11.6,388,389,0,0,189,342,95
7/7/2025,DC-05,Central,SKU-SKU-101,26,9.7,389,571,0,0,208,342,95
7/14/2025,DC-05,Central,SKU-SKU-101,231,13.6,571,340,0,0,0,342,95
7/21/2025,DC-05,Central,SKU-SKU-101,79,13.3,340,454,0,0,193,342,95
7/28/2025,DC-05,Central,SKU-SKU-101,0,7.1,454,619,0,0,166,342,95
8/4/2025,DC-05,Central,SKU-SKU-101,155,14.3,619,465,0,0,0,342,95
8/11/2025,DC-05,Central,SKU-SKU-101,308,14.7,465,348,0,0,191,342,95
8/18/2025,DC-05,Central,SKU-SKU-101,117,11,348,400,0,0,169,342,95
8/25/2025,DC-05,Central,SKU-SKU-101,246,6.6,400,352,0,0,198,342,95
9/1/2025,DC-05,Central,SKU-SKU-101,222,14.7,352,335,0,0,205,342,95
9/8/2025,DC-05,Central,SKU-SKU-101,11,6.6,335,530,0,0,207,342,95
9/15/2025,DC-05,Central,SKU-SKU-101,286,12,530,245,0,0,0,342,95
9/22/2025,DC-05,Central,SKU-SKU-101,145,8,245,283,0,0,184,342,95
9/29/2025,DC-05,Central,SKU-SKU-101,73,10.5,283,376,0,0,166,342,95
10/6/2025,DC-05,Central,SKU-SKU-101,195,14.7,376,351,0,0,169,342,95
10/13/2025,DC-05,Central,SKU-SKU-101,107,9.7,351,439,0,0,195,342,95
10/20/2025,DC-05,Central,SKU-SKU-101,61,11.7,439,590,0,0,212,342,95
10/27/2025,DC-05,Central,SKU-SKU-101,0,10.1,590,590,0,0,0,342,95
11/3/2025,DC-05,Central,SKU-SKU-101,159,8.8,590,431,0,0,0,342,95
11/10/2025,DC-05,Central,SKU-SKU-101,75,7.9,431,511,0,0,155,342,95
11/17/2025,DC-05,Central,SKU-SKU-101,142,15.1,511,577,0,0,209,342,95
11/24/2025,DC-05,Central,SKU-SKU-101,155,7.7,577,423,0,0,0,342,95
12/1/2025,DC-05,Central,SKU-SKU-101,67,12.6,423,527,0,0,171,342,95
12/8/2025,DC-05,Central,SKU-SKU-101,147,6.5,527,380,0,0,0,342,95
12/15/2025,DC-05,Central,SKU-SKU-101,222,14.3,380,318,0,0,160,342,95
12/22/2025,DC-05,Central,SKU-SKU-101,166,9.1,318,345,0,0,193,342,95
12/29/2025,DC-05,Central,SKU-SKU-101,209,8.8,345,300,0,0,165,342,95
1/5/2026,DC-05,Central,SKU-SKU-101,113,13.7,300,343,0,0,156,342,95
1/12/2026,DC-05,Central,SKU-SKU-101,171,12.4,343,358,0,0,186,342,95
1/19/2026,DC-05,Central,SKU-SKU-101,244,11.5,358,311,0,0,197,342,95
1/26/2026,DC-05,Central,SKU-SKU-101,97,10.5,311,435,0,0,221,342,95
2/2/2026,DC-05,Central,SKU-SKU-101,198,9.2,435,445,0,0,209,342,95
2/9/2026,DC-05,Central,SKU-SKU-101,205,6.1,445,435,0,0,194,342,95
2/16/2026,DC-05,Central,SKU-SKU-101,97,8.4,435,539,0,0,201,342,95
2/23/2026,DC-05,Central,SKU-SKU-101,244,8.6,539,295,0,0,0,342,95
3/2/2026,DC-05,Central,SKU-SKU-101,89,13.2,295,422,0,0,215,342,95
3/9/2026,DC-05,Central,SKU-SKU-101,264,11.5,422,346,0,0,188,342,95
3/16/2026,DC-05,Central,SKU-SKU-101,323,9.4,346,203,0,0,181,342,95
3/23/2026,DC-05,Central,SKU-SKU-101,130,11.9,203,291,0,0,217,342,95
3/30/2026,DC-05,Central,SKU-SKU-101,223,10.3,291,286,0,0,218,342,95
4/6/2026,DC-05,Central,SKU-SKU-101,296,9.6,286,221,1,10,221,342,95
4/13/2026,DC-05,Central,SKU-SKU-101,266,14,221,193,1,44,193,342,95
4/20/2026,DC-05,Central,SKU-SKU-101,227,8.4,193,181,1,34,181,342,95
4/27/2026,DC-05,Central,SKU-SKU-101,200,9.5,181,154,1,19,154,342,95
5/4/2026,DC-05,Central,SKU-SKU-101,258,12,154,185,1,104,185,342,95
5/11/2026,DC-05,Central,SKU-SKU-101,202,11.8,185,201,1,17,201,342,95
5/18/2026,DC-05,Central,SKU-SKU-101,110,10.5,201,254,0,0,163,342,95
5/25/2026,DC-05,Central,SKU-SKU-101,309,9.1,254,190,1,55,190,342,95
6/1/2026,DC-05,Central,SKU-SKU-101,141,8.5,190,215,0,0,166,342,95
6/8/2026,DC-05,Central,SKU-SKU-101,131,13.9,215,254,0,0,170,342,95
6/15/2026,DC-05,Central,SKU-SKU-101,167,11.9,254,241,0,0,154,342,95
6/22/2026,DC-05,Central,SKU-SKU-101,59,7.6,241,402,0,0,220,342,95
6/29/2026,DC-05,Central,SKU-SKU-101,267,7.8,402,347,0,0,212,342,95
7/6/2026,DC-05,Central,SKU-SKU-101,198,12.7,347,351,0,0,202,342,95
7/13/2026,DC-05,Central,SKU-SKU-101,193,13.1,351,352,0,0,194,342,95
7/20/2026,DC-05,Central,SKU-SKU-101,109,14.3,352,410,0,0,167,342,95
7/27/2026,DC-05,Central,SKU-SKU-101,165,10.6,410,462,0,0,217,342,95
8/3/2026,DC-05,Central,SKU-SKU-101,49,3,462,633,0,0,220,342,95
8/10/2026,DC-05,Central,SKU-SKU-101,116,10.8,633,518,0,0,0,342,95
8/17/2026,DC-05,Central,SKU-SKU-101,71,10.8,518,447,0,0,0,342,95
8/24/2026,DC-05,Central,SKU-SKU-101,235,9.5,447,406,0,0,195,342,95
9/2/2024,DC-05,Central,SKU-SKU-102,137,13.9,445,308,0,0,0,297,95
9/9/2024,DC-05,Central,SKU-SKU-102,201,13.6,308,277,0,0,170,297,95
9/16/2024,DC-05,Central,SKU-SKU-102,200,11.6,277,252,0,0,175,297,95
9/23/2024,DC-05,Central,SKU-SKU-102,57,11.7,252,356,0,0,161,297,95
9/30/2024,DC-05,Central,SKU-SKU-102,93,13.2,356,410,0,0,146,297,95
10/7/2024,DC-05,Central,SKU-SKU-102,54,9.8,410,517,0,0,161,297,95
10/14/2024,DC-05,Central,SKU-SKU-102,163,10.5,517,354,0,0,0,297,95
10/21/2024,DC-05,Central,SKU-SKU-102,107,10.6,354,420,0,0,173,297,95
10/28/2024,DC-05,Central,SKU-SKU-102,57,12.6,420,547,0,0,184,297,95
11/4/2024,DC-05,Central,SKU-SKU-102,124,7.7,547,423,0,0,0,297,95
11/11/2024,DC-05,Central,SKU-SKU-102,155,7.9,423,422,0,0,154,297,95
11/18/2024,DC-05,Central,SKU-SKU-102,196,4.9,422,406,0,0,180,297,95
11/25/2024,DC-05,Central,SKU-SKU-102,211,17,406,377,0,0,183,297,95
12/2/2024,DC-05,Central,SKU-SKU-102,109,9,377,411,0,0,143,297,95
12/9/2024,DC-05,Central,SKU-SKU-102,59,17.2,411,529,0,0,178,297,95
12/16/2024,DC-05,Central,SKU-SKU-102,154,12.9,529,376,0,0,0,297,95
12/23/2024,DC-05,Central,SKU-SKU-102,194,10.6,376,329,0,0,147,297,95
12/30/2024,DC-05,Central,SKU-SKU-102,129,7,329,349,0,0,150,297,95
1/6/2025,DC-05,Central,SKU-SKU-102,180,9.8,349,350,0,0,180,297,95
1/13/2025,DC-05,Central,SKU-SKU-102,60,18.4,350,476,0,0,187,297,95
1/20/2025,DC-05,Central,SKU-SKU-102,55,8.3,476,421,0,0,0,297,95
1/27/2025,DC-05,Central,SKU-SKU-102,200,6,421,359,0,0,138,297,95
2/3/2025,DC-05,Central,SKU-SKU-102,236,13.8,359,295,0,0,172,297,95
2/10/2025,DC-05,Central,SKU-SKU-102,164,15.5,295,278,0,0,146,297,95
2/17/2025,DC-05,Central,SKU-SKU-102,109,15.7,278,319,0,0,149,297,95
2/24/2025,DC-05,Central,SKU-SKU-102,212,11.5,319,262,0,0,155,297,95
3/3/2025,DC-05,Central,SKU-SKU-102,125,13.8,262,305,0,0,168,297,95
3/10/2025,DC-05,Central,SKU-SKU-102,194,14.3,305,248,0,0,137,297,95
3/17/2025,DC-05,Central,SKU-SKU-102,216,13.4,248,213,0,0,181,297,95
3/24/2025,DC-05,Central,SKU-SKU-102,240,16.6,213,170,1,27,170,297,95
3/31/2025,DC-05,Central,SKU-SKU-102,311,11.6,170,165,1,141,165,297,95
4/7/2025,DC-05,Central,SKU-SKU-102,0,8,165,321,0,0,156,297,95
4/14/2025,DC-05,Central,SKU-SKU-102,268,9.8,321,229,0,0,176,297,95
4/21/2025,DC-05,Central,SKU-SKU-102,127,16.8,229,282,0,0,181,297,95
4/28/2025,DC-05,Central,SKU-SKU-102,147,11.2,282,290,0,0,155,297,95
5/5/2025,DC-05,Central,SKU-SKU-102,80,8.5,290,352,0,0,143,297,95
5/12/2025,DC-05,Central,SKU-SKU-102,270,10.4,352,274,0,0,192,297,95
5/19/2025,DC-05,Central,SKU-SKU-102,128,10.4,274,323,0,0,177,297,95
5/26/2025,DC-05,Central,SKU-SKU-102,280,11,323,194,0,0,151,297,95
6/2/2025,DC-05,Central,SKU-SKU-102,71,15.1,194,312,0,0,189,297,95
6/9/2025,DC-05,Central,SKU-SKU-102,187,8.4,312,309,0,0,185,297,95
6/16/2025,DC-05,Central,SKU-SKU-102,246,13.3,309,238,0,0,174,297,95
6/23/2025,DC-05,Central,SKU-SKU-102,238,5.9,238,136,0,0,136,297,95
6/30/2025,DC-05,Central,SKU-SKU-102,160,8.4,136,160,1,24,160,297,95
7/7/2025,DC-05,Central,SKU-SKU-102,54,12.5,160,275,0,0,169,297,95
7/14/2025,DC-05,Central,SKU-SKU-102,143,6.2,275,320,0,0,188,297,95
7/21/2025,DC-05,Central,SKU-SKU-102,3,17.4,320,471,0,0,154,297,95
7/28/2025,DC-05,Central,SKU-SKU-102,212,7.2,471,259,0,0,0,297,95
8/4/2025,DC-05,Central,SKU-SKU-102,217,11.9,259,229,0,0,187,297,95
8/11/2025,DC-05,Central,SKU-SKU-102,169,5.1,229,217,0,0,157,297,95
8/18/2025,DC-05,Central,SKU-SKU-102,102,9.4,217,298,0,0,182,297,95
8/25/2025,DC-05,Central,SKU-SKU-102,88,10.3,298,364,0,0,155,297,95
9/1/2025,DC-05,Central,SKU-SKU-102,98,3.4,364,433,0,0,167,297,95
9/8/2025,DC-05,Central,SKU-SKU-102,117,11,433,456,0,0,140,297,95
9/15/2025,DC-05,Central,SKU-SKU-102,47,7.3,456,410,0,0,0,297,95
9/22/2025,DC-05,Central,SKU-SKU-102,201,11.6,410,349,0,0,140,297,95
9/29/2025,DC-05,Central,SKU-SKU-102,0,9.4,349,533,0,0,184,297,95
10/6/2025,DC-05,Central,SKU-SKU-102,71,14.8,533,462,0,0,0,297,95
10/13/2025,DC-05,Central,SKU-SKU-102,37,16.2,462,425,0,0,0,297,95
10/20/2025,DC-05,Central,SKU-SKU-102,93,12.3,425,499,0,0,167,297,95
10/27/2025,DC-05,Central,SKU-SKU-102,98,15.9,499,401,0,0,0,297,95
11/3/2025,DC-05,Central,SKU-SKU-102,73,11.1,401,482,0,0,155,297,95
11/10/2025,DC-05,Central,SKU-SKU-102,61,13.5,482,422,0,0,0,297,95
11/17/2025,DC-05,Central,SKU-SKU-102,109,6.9,422,478,0,0,166,297,95
11/24/2025,DC-05,Central,SKU-SKU-102,348,14.5,478,130,0,0,0,297,95
12/1/2025,DC-05,Central,SKU-SKU-102,169,9.7,130,145,1,39,145,297,95
12/8/2025,DC-05,Central,SKU-SKU-102,215,7.9,145,170,1,70,170,297,95
12/15/2025,DC-05,Central,SKU-SKU-102,11,9.2,170,338,0,0,179,297,95
12/22/2025,DC-05,Central,SKU-SKU-102,108,11,338,378,0,0,147,297,95
12/29/2025,DC-05,Central,SKU-SKU-102,165,10.2,378,378,0,0,166,297,95
1/5/2026,DC-05,Central,SKU-SKU-102,151,9.5,378,397,0,0,170,297,95
1/12/2026,DC-05,Central,SKU-SKU-102,113,10.8,397,468,0,0,185,297,95
1/19/2026,DC-05,Central,SKU-SKU-102,98,13.7,468,371,0,0,0,297,95
1/26/2026,DC-05,Central,SKU-SKU-102,118,16.9,371,397,0,0,144,297,95
2/2/2026,DC-05,Central,SKU-SKU-102,65,14.2,397,494,0,0,162,297,95
2/9/2026,DC-05,Central,SKU-SKU-102,213,10.3,494,281,0,0,0,297,95
2/16/2026,DC-05,Central,SKU-SKU-102,50,11.9,281,375,0,0,145,297,95
2/23/2026,DC-05,Central,SKU-SKU-102,226,10.3,375,302,0,0,152,297,95
3/2/2026,DC-05,Central,SKU-SKU-102,195,8.5,302,264,0,0,158,297,95
3/9/2026,DC-05,Central,SKU-SKU-102,262,12.5,264,173,0,0,171,297,95
3/16/2026,DC-05,Central,SKU-SKU-102,80,12.4,173,231,0,0,137,297,95
3/23/2026,DC-05,Central,SKU-SKU-102,237,13.3,231,154,1,6,154,297,95
3/30/2026,DC-05,Central,SKU-SKU-102,97,10.7,154,216,0,0,158,297,95
4/6/2026,DC-05,Central,SKU-SKU-102,123,13.3,216,265,0,0,173,297,95
4/13/2026,DC-05,Central,SKU-SKU-102,230,13,265,220,0,0,184,297,95
4/20/2026,DC-05,Central,SKU-SKU-102,148,13,220,256,0,0,184,297,95
4/27/2026,DC-05,Central,SKU-SKU-102,50,13,256,362,0,0,156,297,95
5/4/2026,DC-05,Central,SKU-SKU-102,164,10.8,362,353,0,0,155,297,95
5/11/2026,DC-05,Central,SKU-SKU-102,81,11.1,353,454,0,0,182,297,95
5/18/2026,DC-05,Central,SKU-SKU-102,180,10.7,454,273,0,0,0,297,95
5/25/2026,DC-05,Central,SKU-SKU-102,152,9.2,273,283,0,0,162,297,95
6/1/2026,DC-05,Central,SKU-SKU-102,134,15.6,283,328,0,0,179,297,95
6/8/2026,DC-05,Central,SKU-SKU-102,147,10.9,328,340,0,0,159,297,95
6/15/2026,DC-05,Central,SKU-SKU-102,32,11.3,340,492,0,0,184,297,95
6/22/2026,DC-05,Central,SKU-SKU-102,142,10.2,492,350,0,0,0,297,95
6/29/2026,DC-05,Central,SKU-SKU-102,1,10.2,350,494,0,0,146,297,95
7/6/2026,DC-05,Central,SKU-SKU-102,128,9.7,494,367,0,0,0,297,95
7/13/2026,DC-05,Central,SKU-SKU-102,0,10.1,367,542,0,0,176,297,95
7/20/2026,DC-05,Central,SKU-SKU-102,244,2.8,542,299,0,0,0,297,95
7/27/2026,DC-05,Central,SKU-SKU-102,245,12.8,299,234,0,0,180,297,95
8/3/2026,DC-05,Central,SKU-SKU-102,69,13.7,234,329,0,0,164,297,95
8/10/2026,DC-05,Central,SKU-SKU-102,4,13.5,329,476,0,0,151,297,95
8/17/2026,DC-05,Central,SKU-SKU-102,250,12.2,476,225,0,0,0,297,95
8/24/2026,DC-05,Central,SKU-SKU-102,273,15.3,225,180,1,47,180,297,95
9/2/2024,DC-05,Central,SKU-SKU-103,298,6.9,1590,1292,0,0,0,1060,95
9/9/2024,DC-05,Central,SKU-SKU-103,373,15.3,1292,1457,0,0,537,1060,95
9/16/2024,DC-05,Central,SKU-SKU-103,484,13.6,1457,1520,0,0,548,1060,95
9/23/2024,DC-05,Central,SKU-SKU-103,388,11.8,1520,1668,0,0,537,1060,95
9/30/2024,DC-05,Central,SKU-SKU-103,453,6.7,1668,1216,0,0,0,1060,95
10/7/2024,DC-05,Central,SKU-SKU-103,323,10.5,1216,1523,0,0,631,1060,95
10/14/2024,DC-05,Central,SKU-SKU-103,258,12.3,1523,1873,0,0,608,1060,95
10/21/2024,DC-05,Central,SKU-SKU-103,226,9.4,1873,1648,0,0,0,1060,95
10/28/2024,DC-05,Central,SKU-SKU-103,724,14.4,1648,924,0,0,0,1060,95
11/4/2024,DC-05,Central,SKU-SKU-103,176,9.9,924,1365,0,0,617,1060,95
11/11/2024,DC-05,Central,SKU-SKU-103,744,8.8,1365,1210,0,0,589,1060,95
11/18/2024,DC-05,Central,SKU-SKU-103,328,13.8,1210,1525,0,0,643,1060,95
11/25/2024,DC-05,Central,SKU-SKU-103,457,7.3,1525,1695,0,0,628,1060,95
12/2/2024,DC-05,Central,SKU-SKU-103,569,11.9,1695,1126,0,0,0,1060,95
12/9/2024,DC-05,Central,SKU-SKU-103,433,9.8,1126,1365,0,0,672,1060,95
12/16/2024,DC-05,Central,SKU-SKU-103,413,13.4,1365,1575,0,0,624,1060,95
12/23/2024,DC-05,Central,SKU-SKU-103,455,11.3,1575,1754,0,0,634,1060,95
12/30/2024,DC-05,Central,SKU-SKU-103,503,10.7,1754,1251,0,0,0,1060,95
1/6/2025,DC-05,Central,SKU-SKU-103,601,13.1,1251,1264,0,0,614,1060,95
1/13/2025,DC-05,Central,SKU-SKU-103,749,11.3,1264,1096,0,0,581,1060,95
1/20/2025,DC-05,Central,SKU-SKU-103,776,8.1,1096,893,0,0,573,1060,95
1/27/2025,DC-05,Central,SKU-SKU-103,560,8.1,893,935,0,0,602,1060,95
2/3/2025,DC-05,Central,SKU-SKU-103,310,9.7,935,1124,0,0,499,1060,95
2/10/2025,DC-05,Central,SKU-SKU-103,681,11.6,1124,968,0,0,525,1060,95
2/17/2025,DC-05,Central,SKU-SKU-103,366,9.7,968,1200,0,0,597,1060,95
2/24/2025,DC-05,Central,SKU-SKU-103,732,7.4,1200,1119,0,0,651,1060,95
3/3/2025,DC-05,Central,SKU-SKU-103,521,9.8,1119,1195,0,0,597,1060,95
3/10/2025,DC-05,Central,SKU-SKU-103,548,7.8,1195,1125,0,0,478,1060,95
3/17/2025,DC-05,Central,SKU-SKU-103,797,16.9,1125,992,0,0,664,1060,95
3/24/2025,DC-05,Central,SKU-SKU-103,649,11.8,992,867,0,0,523,1060,95
3/31/2025,DC-05,Central,SKU-SKU-103,610,8.8,867,922,0,0,666,1060,95
4/7/2025,DC-05,Central,SKU-SKU-103,386,15.7,922,1132,0,0,595,1060,95
4/14/2025,DC-05,Central,SKU-SKU-103,779,9.2,1132,919,0,0,566,1060,95
4/21/2025,DC-05,Central,SKU-SKU-103,578,6.3,919,888,0,0,548,1060,95
4/28/2025,DC-05,Central,SKU-SKU-103,649,17.6,888,862,0,0,623,1060,95
5/5/2025,DC-05,Central,SKU-SKU-103,702,15.3,862,840,0,0,680,1060,95
5/12/2025,DC-05,Central,SKU-SKU-103,684,8.1,840,738,0,0,583,1060,95
5/19/2025,DC-05,Central,SKU-SKU-103,456,13.6,738,785,0,0,503,1060,95
5/26/2025,DC-05,Central,SKU-SKU-103,395,15.2,785,1077,0,0,687,1060,95
6/2/2025,DC-05,Central,SKU-SKU-103,574,12.6,1077,1014,0,0,510,1060,95
6/9/2025,DC-05,Central,SKU-SKU-103,957,11.9,1014,628,0,0,572,1060,95
6/16/2025,DC-05,Central,SKU-SKU-103,452,11.4,628,803,0,0,627,1060,95
6/23/2025,DC-05,Central,SKU-SKU-103,572,12.5,803,767,0,0,536,1060,95
6/30/2025,DC-05,Central,SKU-SKU-103,738,14.9,767,580,0,0,551,1060,95
7/7/2025,DC-05,Central,SKU-SKU-103,314,13.5,580,837,0,0,571,1060,95
7/14/2025,DC-05,Central,SKU-SKU-103,668,10.7,837,753,0,0,584,1060,95
7/21/2025,DC-05,Central,SKU-SKU-103,366,14.9,753,865,0,0,479,1060,95
7/28/2025,DC-05,Central,SKU-SKU-103,781,8.2,865,645,0,0,561,1060,95
8/4/2025,DC-05,Central,SKU-SKU-103,493,6.7,645,823,0,0,671,1060,95
8/11/2025,DC-05,Central,SKU-SKU-103,668,9.2,823,820,0,0,666,1060,95
8/18/2025,DC-05,Central,SKU-SKU-103,326,14.8,820,1023,0,0,529,1060,95
8/25/2025,DC-05,Central,SKU-SKU-103,112,13.3,1023,1567,0,0,656,1060,95
9/1/2025,DC-05,Central,SKU-SKU-103,565,11.9,1567,1582,0,0,580,1060,95
9/8/2025,DC-05,Central,SKU-SKU-103,461,10.2,1582,1695,0,0,575,1060,95
9/15/2025,DC-05,Central,SKU-SKU-103,524,10.2,1695,1171,0,0,0,1060,95
9/22/2025,DC-05,Central,SKU-SKU-103,430,8.3,1171,1270,0,0,529,1060,95
9/29/2025,DC-05,Central,SKU-SKU-103,275,11.2,1270,1589,0,0,594,1060,95
10/6/2025,DC-05,Central,SKU-SKU-103,131,10.4,1589,1964,0,0,506,1060,95
10/13/2025,DC-05,Central,SKU-SKU-103,334,10.2,1964,1630,0,0,0,1060,95
10/20/2025,DC-05,Central,SKU-SKU-103,567,14.4,1630,1064,0,0,0,1060,95
10/27/2025,DC-05,Central,SKU-SKU-103,518,6.9,1064,1139,0,0,593,1060,95
11/3/2025,DC-05,Central,SKU-SKU-103,357,7.9,1139,1466,0,0,685,1060,95
11/10/2025,DC-05,Central,SKU-SKU-103,515,9.5,1466,1630,0,0,678,1060,95
11/17/2025,DC-05,Central,SKU-SKU-103,680,5.3,1630,949,0,0,0,1060,95
11/24/2025,DC-05,Central,SKU-SKU-103,822,12.8,949,721,0,0,594,1060,95
12/1/2025,DC-05,Central,SKU-SKU-103,603,10.8,721,748,0,0,630,1060,95
12/8/2025,DC-05,Central,SKU-SKU-103,487,3.5,748,893,0,0,632,1060,95
12/15/2025,DC-05,Central,SKU-SKU-103,395,11.8,893,1108,0,0,609,1060,95
12/22/2025,DC-05,Central,SKU-SKU-103,739,11.3,1108,951,0,0,583,1060,95
12/29/2025,DC-05,Central,SKU-SKU-103,735,6.6,951,737,0,0,520,1060,95
1/5/2026,DC-05,Central,SKU-SKU-103,476,8.6,737,806,0,0,545,1060,95
1/12/2026,DC-05,Central,SKU-SKU-103,552,11.8,806,816,0,0,561,1060,95
1/19/2026,DC-05,Central,SKU-SKU-103,591,9.9,816,775,0,0,550,1060,95
1/26/2026,DC-05,Central,SKU-SKU-103,633,7.1,775,701,0,0,559,1060,95
2/2/2026,DC-05,Central,SKU-SKU-103,554,12.5,701,704,0,0,558,1060,95
2/9/2026,DC-05,Central,SKU-SKU-103,627,12.7,704,622,0,0,545,1060,95
2/16/2026,DC-05,Central,SKU-SKU-103,603,11.8,622,704,0,0,685,1060,95
2/23/2026,DC-05,Central,SKU-SKU-103,703,2,704,610,0,0,609,1060,95
3/2/2026,DC-05,Central,SKU-SKU-103,595,13.1,610,539,0,0,524,1060,95
3/9/2026,DC-05,Central,SKU-SKU-103,315,9.2,539,814,0,0,591,1060,95
3/16/2026,DC-05,Central,SKU-SKU-103,547,11.2,814,808,0,0,541,1060,95
3/23/2026,DC-05,Central,SKU-SKU-103,677,15.7,808,744,0,0,613,1060,95
3/30/2026,DC-05,Central,SKU-SKU-103,543,12,744,866,0,0,664,1060,95
4/6/2026,DC-05,Central,SKU-SKU-103,1032,10.4,866,489,1,166,489,1060,95
4/13/2026,DC-05,Central,SKU-SKU-103,499,10.2,489,517,1,10,517,1060,95
4/20/2026,DC-05,Central,SKU-SKU-103,648,7.7,517,586,1,131,586,1060,95
4/27/2026,DC-05,Central,SKU-SKU-103,795,12.9,586,480,1,209,480,1060,95
5/4/2026,DC-05,Central,SKU-SKU-103,930,9.2,480,524,1,450,524,1060,95
5/11/2026,DC-05,Central,SKU-SKU-103,465,12.6,524,677,0,0,618,1060,95
5/18/2026,DC-05,Central,SKU-SKU-103,632,14.6,677,593,0,0,547,1060,95
5/25/2026,DC-05,Central,SKU-SKU-103,825,10.8,593,679,1,232,679,1060,95
6/1/2026,DC-05,Central,SKU-SKU-103,817,9.3,679,530,1,138,530,1060,95
6/8/2026,DC-05,Central,SKU-SKU-103,250,12.8,530,910,0,0,630,1060,95
6/15/2026,DC-05,Central,SKU-SKU-103,489,10.3,910,975,0,0,555,1060,95
6/22/2026,DC-05,Central,SKU-SKU-103,638,12.9,975,822,0,0,485,1060,95
6/29/2026,DC-05,Central,SKU-SKU-103,460,8.8,822,931,0,0,570,1060,95
7/6/2026,DC-05,Central,SKU-SKU-103,579,10.1,931,920,0,0,567,1060,95
7/13/2026,DC-05,Central,SKU-SKU-103,466,12.7,920,1139,0,0,685,1060,95
7/20/2026,DC-05,Central,SKU-SKU-103,856,10.8,1139,930,0,0,647,1060,95
7/27/2026,DC-05,Central,SKU-SKU-103,192,8.3,930,1272,0,0,535,1060,95
8/3/2026,DC-05,Central,SKU-SKU-103,611,9.6,1272,1206,0,0,544,1060,95
8/10/2026,DC-05,Central,SKU-SKU-103,332,13.3,1206,1432,0,0,559,1060,95
8/17/2026,DC-05,Central,SKU-SKU-103,522,12,1432,1544,0,0,633,1060,95
8/24/2026,DC-05,Central,SKU-SKU-103,458,12.1,1544,1701,0,0,614,1060,95
9/2/2024,DC-05,Central,SKU-SKU-201,448,11.7,1116,668,0,0,0,744,95
9/9/2024,DC-05,Central,SKU-SKU-201,332,8.5,668,718,0,0,381,744,95
9/16/2024,DC-05,Central,SKU-SKU-201,288,5.1,718,766,0,0,336,744,95
9/23/2024,DC-05,Central,SKU-SKU-201,281,12.3,766,824,0,0,339,744,95
9/30/2024,DC-05,Central,SKU-SKU-201,259,11.1,824,991,0,0,426,744,95
10/7/2024,DC-05,Central,SKU-SKU-201,169,11.5,991,1280,0,0,458,744,95
10/14/2024,DC-05,Central,SKU-SKU-201,284,9.2,1280,995,0,0,0,744,95
10/21/2024,DC-05,Central,SKU-SKU-201,133,12.6,995,1341,0,0,478,744,95
10/28/2024,DC-05,Central,SKU-SKU-201,206,6.6,1341,1135,0,0,0,744,95
11/4/2024,DC-05,Central,SKU-SKU-201,218,5.7,1135,917,0,0,0,744,95
11/11/2024,DC-05,Central,SKU-SKU-201,352,13.9,917,1032,0,0,467,744,95
11/18/2024,DC-05,Central,SKU-SKU-201,364,8.9,1032,1120,0,0,452,744,95
11/25/2024,DC-05,Central,SKU-SKU-201,443,8.8,1120,677,0,0,0,744,95
12/2/2024,DC-05,Central,SKU-SKU-201,143,5.5,677,882,0,0,347,744,95
12/9/2024,DC-05,Central,SKU-SKU-201,221,6.7,882,1129,0,0,467,744,95
12/16/2024,DC-05,Central,SKU-SKU-201,412,8.9,1129,717,0,0,0,744,95
12/23/2024,DC-05,Central,SKU-SKU-201,357,9.7,717,785,0,0,425,744,95
12/30/2024,DC-05,Central,SKU-SKU-201,3,13.2,785,1121,0,0,339,744,95
1/6/2025,DC-05,Central,SKU-SKU-201,142,10.8,1121,979,0,0,0,744,95
1/13/2025,DC-05,Central,SKU-SKU-201,424,14,979,912,0,0,358,744,95
1/20/2025,DC-05,Central,SKU-SKU-201,19,11.3,912,1296,0,0,402,744,95
1/27/2025,DC-05,Central,SKU-SKU-201,824,8.9,1296,472,0,0,0,744,95
2/3/2025,DC-05,Central,SKU-SKU-201,766,11.4,472,347,1,293,347,744,95
2/10/2025,DC-05,Central,SKU-SKU-201,748,8.9,347,455,1,401,455,744,95
2/17/2025,DC-05,Central,SKU-SKU-201,188,14.2,455,660,0,0,394,744,95
2/24/2025,DC-05,Central,SKU-SKU-201,280,8.8,660,740,0,0,359,744,95
3/3/2025,DC-05,Central,SKU-SKU-201,255,6.8,740,853,0,0,368,744,95
3/10/2025,DC-05,Central,SKU-SKU-201,855,10,853,412,1,2,412,744,95
3/17/2025,DC-05,Central,SKU-SKU-201,291,14.2,412,591,0,0,471,744,95
3/24/2025,DC-05,Central,SKU-SKU-201,304,8.8,591,765,0,0,478,744,95
3/31/2025,DC-05,Central,SKU-SKU-201,244,12.6,765,973,0,0,451,744,95
4/7/2025,DC-05,Central,SKU-SKU-201,237,9.2,973,1120,0,0,384,744,95
4/14/2025,DC-05,Central,SKU-SKU-201,310,12.5,1120,810,0,0,0,744,95
4/21/2025,DC-05,Central,SKU-SKU-201,483,11.4,810,705,0,0,379,744,95
4/28/2025,DC-05,Central,SKU-SKU-201,692,12.4,705,369,0,0,355,744,95
5/5/2025,DC-05,Central,SKU-SKU-201,250,9,369,540,0,0,421,744,95
5/12/2025,DC-05,Central,SKU-SKU-201,573,16.1,540,451,1,32,451,744,95
5/19/2025,DC-05,Central,SKU-SKU-201,519,5,451,381,1,67,381,744,95
5/26/2025,DC-05,Central,SKU-SKU-201,597,15,381,369,1,217,369,744,95
6/2/2025,DC-05,Central,SKU-SKU-201,25,12.7,369,740,0,0,396,744,95
6/9/2025,DC-05,Central,SKU-SKU-201,61,12.3,740,1058,0,0,379,744,95
6/16/2025,DC-05,Central,SKU-SKU-201,187,8.5,1058,1275,0,0,403,744,95
6/23/2025,DC-05,Central,SKU-SKU-201,193,6.7,1275,1081,0,0,0,744,95
6/30/2025,DC-05,Central,SKU-SKU-201,739,15.3,1081,800,0,0,458,744,95
7/7/2025,DC-05,Central,SKU-SKU-201,323,8.8,800,939,0,0,463,744,95
7/14/2025,DC-05,Central,SKU-SKU-201,497,10.2,939,811,0,0,369,744,95
7/21/2025,DC-05,Central,SKU-SKU-201,356,11.2,811,839,0,0,384,744,95
7/28/2025,DC-05,Central,SKU-SKU-201,727,5.3,839,503,0,0,391,744,95
8/4/2025,DC-05,Central,SKU-SKU-201,163,13.5,503,749,0,0,410,744,95
8/11/2025,DC-05,Central,SKU-SKU-201,145,11.8,749,1002,0,0,399,744,95
8/18/2025,DC-05,Central,SKU-SKU-201,395,12.9,1002,1070,0,0,462,744,95
8/25/2025,DC-05,Central,SKU-SKU-201,238,15.6,1070,1279,0,0,447,744,95
9/1/2025,DC-05,Central,SKU-SKU-201,300,16.4,1279,978,0,0,0,744,95
9/8/2025,DC-05,Central,SKU-SKU-201,265,13,978,1065,0,0,351,744,95
9/15/2025,DC-05,Central,SKU-SKU-201,13,13.9,1065,1403,0,0,351,744,95
9/22/2025,DC-05,Central,SKU-SKU-201,469,14.9,1403,934,0,0,0,744,95
9/29/2025,DC-05,Central,SKU-SKU-201,75,17.8,934,1249,0,0,391,744,95
10/6/2025,DC-05,Central,SKU-SKU-201,417,12.2,1249,832,0,0,0,744,95
10/13/2025,DC-05,Central,SKU-SKU-201,564,12.1,832,648,0,0,379,744,95
10/20/2025,DC-05,Central,SKU-SKU-201,183,10.3,648,914,0,0,450,744,95
10/27/2025,DC-05,Central,SKU-SKU-201,473,7.7,914,782,0,0,341,744,95
11/3/2025,DC-05,Central,SKU-SKU-201,217,9.3,782,914,0,0,349,744,95
11/10/2025,DC-05,Central,SKU-SKU-201,293,11.1,914,1018,0,0,398,744,95
11/17/2025,DC-05,Central,SKU-SKU-201,471,11.1,1018,919,0,0,372,744,95
11/24/2025,DC-05,Central,SKU-SKU-201,177,11.7,919,1213,0,0,471,744,95
12/1/2025,DC-05,Central,SKU-SKU-201,570,14.3,1213,643,0,0,0,744,95
12/8/2025,DC-05,Central,SKU-SKU-201,219,14,643,811,0,0,387,744,95
12/15/2025,DC-05,Central,SKU-SKU-201,423,14.4,811,848,0,0,460,744,95
12/22/2025,DC-05,Central,SKU-SKU-201,489,14.3,848,748,0,0,389,744,95
12/29/2025,DC-05,Central,SKU-SKU-201,275,14.5,748,897,0,0,425,744,95
1/5/2026,DC-05,Central,SKU-SKU-201,505,10.1,897,841,0,0,448,744,95
1/12/2026,DC-05,Central,SKU-SKU-201,400,17.5,841,822,0,0,381,744,95
1/19/2026,DC-05,Central,SKU-SKU-201,270,6.4,822,962,0,0,409,744,95
1/26/2026,DC-05,Central,SKU-SKU-201,513,9,962,903,0,0,454,744,95
2/2/2026,DC-05,Central,SKU-SKU-201,307,10.9,903,1035,0,0,440,744,95
2/9/2026,DC-05,Central,SKU-SKU-201,211,16.1,1035,1181,0,0,357,744,95
2/16/2026,DC-05,Central,SKU-SKU-201,511,16.1,1181,670,0,0,0,744,95
2/23/2026,DC-05,Central,SKU-SKU-201,384,10,670,678,0,0,392,744,95
3/2/2026,DC-05,Central,SKU-SKU-201,132,11.8,678,957,0,0,410,744,95
3/9/2026,DC-05,Central,SKU-SKU-201,381,14.1,957,971,0,0,394,744,95
3/16/2026,DC-05,Central,SKU-SKU-201,497,12.2,971,924,0,0,451,744,95
3/23/2026,DC-05,Central,SKU-SKU-201,374,7,924,948,0,0,398,744,95
3/30/2026,DC-05,Central,SKU-SKU-201,363,13,948,925,0,0,340,744,95
4/6/2026,DC-05,Central,SKU-SKU-201,717,11.4,925,579,0,0,371,744,95
4/13/2026,DC-05,Central,SKU-SKU-201,688,9.3,579,398,1,109,398,744,95
4/20/2026,DC-05,Central,SKU-SKU-201,318,13,398,422,0,0,342,744,95
4/27/2026,DC-05,Central,SKU-SKU-201,568,5.8,422,484,1,145,484,744,95
5/4/2026,DC-05,Central,SKU-SKU-201,895,8.6,484,429,1,411,429,744,95
5/11/2026,DC-05,Central,SKU-SKU-201,188,9.5,429,650,0,0,409,744,95
5/18/2026,DC-05,Central,SKU-SKU-201,438,16.1,650,614,0,0,402,744,95
5/25/2026,DC-05,Central,SKU-SKU-201,620,16.7,614,362,1,7,362,744,95
6/1/2026,DC-05,Central,SKU-SKU-201,499,6.5,362,405,1,137,405,744,95
6/8/2026,DC-05,Central,SKU-SKU-201,280,12.3,405,527,0,0,402,744,95
6/15/2026,DC-05,Central,SKU-SKU-201,337,11.5,527,578,0,0,389,744,95
6/22/2026,DC-05,Central,SKU-SKU-201,125,11.2,578,916,0,0,463,744,95
6/29/2026,DC-05,Central,SKU-SKU-201,723,10.8,916,606,0,0,414,744,95
7/6/2026,DC-05,Central,SKU-SKU-201,29,9.2,606,953,0,0,377,744,95
7/13/2026,DC-05,Central,SKU-SKU-201,0,12.1,953,1317,0,0,364,744,95
7/20/2026,DC-05,Central,SKU-SKU-201,340,11.4,1317,977,0,0,0,744,95
7/27/2026,DC-05,Central,SKU-SKU-201,294,8.9,977,1093,0,0,410,744,95
8/3/2026,DC-05,Central,SKU-SKU-201,357,12.6,1093,1101,0,0,365,744,95
8/10/2026,DC-05,Central,SKU-SKU-201,324,9.7,1101,1145,0,0,367,744,95
8/17/2026,DC-05,Central,SKU-SKU-201,391,5.2,1145,753,0,0,0,744,95
8/24/2026,DC-05,Central,SKU-SKU-201,538,12,753,596,0,0,380,744,95
9/2/2024,DC-05,Central,SKU-SKU-202,385,8.5,1011,626,0,0,0,674,95
9/9/2024,DC-05,Central,SKU-SKU-202,382,13.3,626,561,0,0,316,674,95
9/16/2024,DC-05,Central,SKU-SKU-202,331,5.6,561,594,0,0,364,674,95
9/23/2024,DC-05,Central,SKU-SKU-202,332,11.4,594,676,0,0,414,674,95
9/30/2024,DC-05,Central,SKU-SKU-202,363,18,676,702,0,0,389,674,95
10/7/2024,DC-05,Central,SKU-SKU-202,410,12,702,707,0,0,415,674,95
10/14/2024,DC-05,Central,SKU-SKU-202,136,11.8,707,943,0,0,372,674,95
10/21/2024,DC-05,Central,SKU-SKU-202,249,11.3,943,1041,0,0,347,674,95
10/28/2024,DC-05,Central,SKU-SKU-202,287,11.2,1041,754,0,0,0,674,95
11/4/2024,DC-05,Central,SKU-SKU-202,222,8.1,754,971,0,0,438,674,95
11/11/2024,DC-05,Central,SKU-SKU-202,538,8.1,971,805,0,0,372,674,95
11/18/2024,DC-05,Central,SKU-SKU-202,398,14.2,805,811,0,0,405,674,95
11/25/2024,DC-05,Central,SKU-SKU-202,417,7.6,811,783,0,0,388,674,95
12/2/2024,DC-05,Central,SKU-SKU-202,209,11.8,783,994,0,0,420,674,95
12/9/2024,DC-05,Central,SKU-SKU-202,331,8.5,994,1065,0,0,402,674,95
12/16/2024,DC-05,Central,SKU-SKU-202,222,8,1065,843,0,0,0,674,95
12/23/2024,DC-05,Central,SKU-SKU-202,374,10.2,843,790,0,0,321,674,95
12/30/2024,DC-05,Central,SKU-SKU-202,167,11.7,790,982,0,0,359,674,95
1/6/2025,DC-05,Central,SKU-SKU-202,494,16.5,982,797,0,0,309,674,95
1/13/2025,DC-05,Central,SKU-SKU-202,438,10.4,797,700,0,0,341,674,95
1/20/2025,DC-05,Central,SKU-SKU-202,320,11.5,700,774,0,0,395,674,95
1/27/2025,DC-05,Central,SKU-SKU-202,398,12.4,774,699,0,0,323,674,95
2/3/2025,DC-05,Central,SKU-SKU-202,395,15.9,699,711,0,0,406,674,95
2/10/2025,DC-05,Central,SKU-SKU-202,462,10.7,711,682,0,0,433,674,95
2/17/2025,DC-05,Central,SKU-SKU-202,487,14,682,547,0,0,351,674,95
2/24/2025,DC-05,Central,SKU-SKU-202,517,8.7,547,413,0,0,383,674,95
3/3/2025,DC-05,Central,SKU-SKU-202,529,8.8,413,307,1,117,307,674,95
3/10/2025,DC-05,Central,SKU-SKU-202,523,10.7,307,429,1,216,429,674,95
3/17/2025,DC-05,Central,SKU-SKU-202,261,12.1,429,475,0,0,307,674,95
3/24/2025,DC-05,Central,SKU-SKU-202,568,12.4,475,362,1,93,362,674,95
3/31/2025,DC-05,Central,SKU-SKU-202,516,13.5,362,332,1,154,332,674,95
4/7/2025,DC-05,Central,SKU-SKU-202,553,9.3,332,379,1,221,379,674,95
4/14/2025,DC-05,Central,SKU-SKU-202,315,12,379,447,0,0,383,674,95
4/21/2025,DC-05,Central,SKU-SKU-202,201,19.1,447,682,0,0,437,674,95
4/28/2025,DC-05,Central,SKU-SKU-202,533,14.1,682,495,0,0,346,674,95
5/5/2025,DC-05,Central,SKU-SKU-202,357,7.7,495,464,0,0,326,674,95
5/12/2025,DC-05,Central,SKU-SKU-202,515,13.1,464,373,1,51,373,674,95
5/19/2025,DC-05,Central,SKU-SKU-202,556,13.5,373,342,1,183,342,674,95
5/26/2025,DC-05,Central,SKU-SKU-202,451,11.2,342,415,1,109,415,674,95
6/2/2025,DC-05,Central,SKU-SKU-202,623,13,415,371,1,209,371,674,95
6/9/2025,DC-05,Central,SKU-SKU-202,413,13.9,371,385,1,42,385,674,95
6/16/2025,DC-05,Central,SKU-SKU-202,446,15,385,414,1,61,414,674,95
6/23/2025,DC-05,Central,SKU-SKU-202,269,12.6,414,497,0,0,352,674,95
6/30/2025,DC-05,Central,SKU-SKU-202,484,8.4,497,397,0,0,384,674,95
7/7/2025,DC-05,Central,SKU-SKU-202,289,11,397,463,0,0,355,674,95
7/14/2025,DC-05,Central,SKU-SKU-202,555,7.5,463,341,1,92,341,674,95
7/21/2025,DC-05,Central,SKU-SKU-202,398,11.7,341,322,1,57,322,674,95
7/28/2025,DC-05,Central,SKU-SKU-202,441,7.8,322,341,1,119,341,674,95
8/4/2025,DC-05,Central,SKU-SKU-202,634,9,341,409,1,293,409,674,95
8/11/2025,DC-05,Central,SKU-SKU-202,272,6.6,409,500,0,0,363,674,95
8/18/2025,DC-05,Central,SKU-SKU-202,201,14.2,500,710,0,0,411,674,95
8/25/2025,DC-05,Central,SKU-SKU-202,448,9.6,710,657,0,0,395,674,95
9/1/2025,DC-05,Central,SKU-SKU-202,343,11.6,657,743,0,0,429,674,95
9/8/2025,DC-05,Central,SKU-SKU-202,324,13.6,743,768,0,0,349,674,95
9/15/2025,DC-05,Central,SKU-SKU-202,162,9.8,768,915,0,0,308,674,95
9/22/2025,DC-05,Central,SKU-SKU-202,331,11.6,915,966,0,0,383,674,95
9/29/2025,DC-05,Central,SKU-SKU-202,385,9.9,966,989,0,0,408,674,95
10/6/2025,DC-05,Central,SKU-SKU-202,398,13.4,989,930,0,0,339,674,95
10/13/2025,DC-05,Central,SKU-SKU-202,198,11.5,930,1046,0,0,314,674,95
10/20/2025,DC-05,Central,SKU-SKU-202,391,13.6,1046,655,0,0,0,674,95
10/27/2025,DC-05,Central,SKU-SKU-202,241,12,655,753,0,0,340,674,95
11/3/2025,DC-05,Central,SKU-SKU-202,322,9.3,753,781,0,0,350,674,95
11/10/2025,DC-05,Central,SKU-SKU-202,395,12.6,781,806,0,0,420,674,95
11/17/2025,DC-05,Central,SKU-SKU-202,334,7.6,806,849,0,0,377,674,95
11/24/2025,DC-05,Central,SKU-SKU-202,317,9.7,849,881,0,0,349,674,95
12/1/2025,DC-05,Central,SKU-SKU-202,168,9.1,881,1118,0,0,405,674,95
12/8/2025,DC-05,Central,SKU-SKU-202,421,15.3,1118,698,0,0,0,674,95
12/15/2025,DC-05,Central,SKU-SKU-202,282,12.9,698,742,0,0,326,674,95
12/22/2025,DC-05,Central,SKU-SKU-202,470,15.3,742,588,0,0,316,674,95
12/29/2025,DC-05,Central,SKU-SKU-202,437,11.1,588,456,0,0,305,674,95
1/5/2026,DC-05,Central,SKU-SKU-202,363,10.5,456,463,0,0,370,674,95
1/12/2026,DC-05,Central,SKU-SKU-202,131,7,463,711,0,0,379,674,95
1/19/2026,DC-05,Central,SKU-SKU-202,362,12.4,711,756,0,0,407,674,95
1/26/2026,DC-05,Central,SKU-SKU-202,453,10.9,756,733,0,0,430,674,95
2/2/2026,DC-05,Central,SKU-SKU-202,441,9.6,733,607,0,0,314,674,95
2/9/2026,DC-05,Central,SKU-SKU-202,345,11,607,683,0,0,422,674,95
2/16/2026,DC-05,Central,SKU-SKU-202,450,15.9,683,628,0,0,395,674,95
2/23/2026,DC-05,Central,SKU-SKU-202,500,15.8,628,458,0,0,330,674,95
3/2/2026,DC-05,Central,SKU-SKU-202,309,14.5,458,526,0,0,377,674,95
3/9/2026,DC-05,Central,SKU-SKU-202,252,8.3,526,652,0,0,379,674,95
3/16/2026,DC-05,Central,SKU-SKU-202,401,11.9,652,623,0,0,372,674,95
3/23/2026,DC-05,Central,SKU-SKU-202,286,8.3,623,661,0,0,323,674,95
3/30/2026,DC-05,Central,SKU-SKU-202,467,11.3,661,606,0,0,412,674,95
4/6/2026,DC-05,Central,SKU-SKU-202,331,13,606,692,0,0,417,674,95
4/13/2026,DC-05,Central,SKU-SKU-202,449,10.4,692,599,0,0,356,674,95
4/20/2026,DC-05,Central,SKU-SKU-202,507,11.4,599,402,0,0,310,674,95
4/27/2026,DC-05,Central,SKU-SKU-202,223,6,402,517,0,0,338,674,95
5/4/2026,DC-05,Central,SKU-SKU-202,369,15.6,517,508,0,0,359,674,95
5/11/2026,DC-05,Central,SKU-SKU-202,432,9.8,508,439,0,0,363,674,95
5/18/2026,DC-05,Central,SKU-SKU-202,451,10.4,439,436,1,12,436,674,95
5/25/2026,DC-05,Central,SKU-SKU-202,514,10.5,436,382,1,78,382,674,95
6/1/2026,DC-05,Central,SKU-SKU-202,581,9.5,382,345,1,199,345,674,95
6/8/2026,DC-05,Central,SKU-SKU-202,501,16.6,345,389,1,156,389,674,95
6/15/2026,DC-05,Central,SKU-SKU-202,533,10.9,389,328,1,144,328,674,95
6/22/2026,DC-05,Central,SKU-SKU-202,220,15,328,493,0,0,386,674,95
6/29/2026,DC-05,Central,SKU-SKU-202,367,9.3,493,448,0,0,322,674,95
7/6/2026,DC-05,Central,SKU-SKU-202,375,8.5,448,434,0,0,361,674,95
7/13/2026,DC-05,Central,SKU-SKU-202,270,11.5,434,491,0,0,327,674,95
7/20/2026,DC-05,Central,SKU-SKU-202,495,15.6,491,409,1,4,409,674,95
7/27/2026,DC-05,Central,SKU-SKU-202,201,12.3,409,550,0,0,342,674,95
8/3/2026,DC-05,Central,SKU-SKU-202,0,16,550,877,0,0,327,674,95
8/10/2026,DC-05,Central,SKU-SKU-202,526,11.2,877,782,0,0,431,674,95
8/17/2026,DC-05,Central,SKU-SKU-202,469,13.7,782,654,0,0,341,674,95
8/24/2026,DC-05,Central,SKU-SKU-202,312,11.8,654,727,0,0,385,674,95
9/2/2024,DC-05,Central,SKU-SKU-203,50,10.1,695,644,0,0,0,463,95
9/9/2024,DC-05,Central,SKU-SKU-203,85,12.9,644,823,0,0,264,463,95
9/16/2024,DC-05,Central,SKU-SKU-203,176,11.8,823,647,0,0,0,463,95
9/23/2024,DC-05,Central,SKU-SKU-203,218,7,647,693,0,0,265,463,95
9/30/2024,DC-05,Central,SKU-SKU-203,197,9.9,693,713,0,0,216,463,95
10/7/2024,DC-05,Central,SKU-SKU-203,187,7,713,526,0,0,0,463,95
10/14/2024,DC-05,Central,SKU-SKU-203,207,6.5,526,594,0,0,275,463,95
10/21/2024,DC-05,Central,SKU-SKU-203,172,9.1,594,697,0,0,275,463,95
10/28/2024,DC-05,Central,SKU-SKU-203,157,11.2,697,539,0,0,0,463,95
11/4/2024,DC-05,Central,SKU-SKU-203,283,15,539,487,0,0,231,463,95
11/11/2024,DC-05,Central,SKU-SKU-203,316,14.1,487,392,0,0,220,463,95
11/18/2024,DC-05,Central,SKU-SKU-203,188,16,392,482,0,0,278,463,95
11/25/2024,DC-05,Central,SKU-SKU-203,129,12.6,482,619,0,0,266,463,95
12/2/2024,DC-05,Central,SKU-SKU-203,286,10.7,619,595,0,0,262,463,95
12/9/2024,DC-05,Central,SKU-SKU-203,142,12.3,595,688,0,0,236,463,95
12/16/2024,DC-05,Central,SKU-SKU-203,175,9.1,688,734,0,0,221,463,95
12/23/2024,DC-05,Central,SKU-SKU-203,231,13.9,734,503,0,0,0,463,95
12/30/2024,DC-05,Central,SKU-SKU-203,158,18.8,503,624,0,0,279,463,95
1/6/2025,DC-05,Central,SKU-SKU-203,269,13.4,624,656,0,0,301,463,95
1/13/2025,DC-05,Central,SKU-SKU-203,404,9.4,656,470,0,0,219,463,95
1/20/2025,DC-05,Central,SKU-SKU-203,287,10.3,470,454,0,0,271,463,95
1/27/2025,DC-05,Central,SKU-SKU-203,240,12.3,454,485,0,0,271,463,95
2/3/2025,DC-05,Central,SKU-SKU-203,257,12,485,455,0,0,227,463,95
2/10/2025,DC-05,Central,SKU-SKU-203,188,13.7,455,563,0,0,297,463,95
2/17/2025,DC-05,Central,SKU-SKU-203,378,8.8,563,463,0,0,278,463,95
2/24/2025,DC-05,Central,SKU-SKU-203,312,14.3,463,360,0,0,209,463,95
3/3/2025,DC-05,Central,SKU-SKU-203,426,6.9,360,255,1,66,255,463,95
3/10/2025,DC-05,Central,SKU-SKU-203,147,7,255,337,0,0,230,463,95
3/17/2025,DC-05,Central,SKU-SKU-203,222,9.8,337,394,0,0,280,463,95
3/24/2025,DC-05,Central,SKU-SKU-203,172,11.2,394,458,0,0,236,463,95
3/31/2025,DC-05,Central,SKU-SKU-203,228,10.4,458,448,0,0,218,463,95
4/7/2025,DC-05,Central,SKU-SKU-203,328,9.9,448,420,0,0,301,463,95
4/14/2025,DC-05,Central,SKU-SKU-203,239,12.8,420,454,0,0,273,463,95
4/21/2025,DC-05,Central,SKU-SKU-203,201,7.9,454,473,0,0,221,463,95
4/28/2025,DC-05,Central,SKU-SKU-203,220,9.1,473,509,0,0,256,463,95
5/5/2025,DC-05,Central,SKU-SKU-203,330,10.7,509,438,0,0,259,463,95
5/12/2025,DC-05,Central,SKU-SKU-203,248,8.6,438,489,0,0,299,463,95
5/19/2025,DC-05,Central,SKU-SKU-203,358,10.2,489,430,0,0,299,463,95
5/26/2025,DC-05,Central,SKU-SKU-203,209,9.3,430,473,0,0,252,463,95
6/2/2025,DC-05,Central,SKU-SKU-203,351,9.6,473,355,0,0,233,463,95
6/9/2025,DC-05,Central,SKU-SKU-203,72,13,355,576,0,0,293,463,95
6/16/2025,DC-05,Central,SKU-SKU-203,227,8,576,612,0,0,263,463,95
6/23/2025,DC-05,Central,SKU-SKU-203,175,12.2,612,673,0,0,236,463,95
6/30/2025,DC-05,Central,SKU-SKU-203,343,13.4,673,598,0,0,268,463,95
7/7/2025,DC-05,Central,SKU-SKU-203,206,8.2,598,692,0,0,300,463,95
7/14/2025,DC-05,Central,SKU-SKU-203,115,12,692,805,0,0,228,463,95
7/21/2025,DC-05,Central,SKU-SKU-203,304,11.1,805,501,0,0,0,463,95
7/28/2025,DC-05,Central,SKU-SKU-203,215,9.9,501,516,0,0,230,463,95
8/4/2025,DC-05,Central,SKU-SKU-203,260,9.3,516,501,0,0,245,463,95
8/11/2025,DC-05,Central,SKU-SKU-203,216,11.1,501,577,0,0,291,463,95
8/18/2025,DC-05,Central,SKU-SKU-203,289,12.6,577,568,0,0,280,463,95
8/25/2025,DC-05,Central,SKU-SKU-203,255,10,568,550,0,0,237,463,95
9/1/2025,DC-05,Central,SKU-SKU-203,283,9.9,550,499,0,0,233,463,95
9/8/2025,DC-05,Central,SKU-SKU-203,180,13,499,529,0,0,210,463,95
9/15/2025,DC-05,Central,SKU-SKU-203,118,10.9,529,695,0,0,284,463,95
9/22/2025,DC-05,Central,SKU-SKU-203,174,13.8,695,522,0,0,0,463,95
9/29/2025,DC-05,Central,SKU-SKU-203,322,11.2,522,462,0,0,262,463,95
10/6/2025,DC-05,Central,SKU-SKU-203,114,11.8,462,617,0,0,269,463,95
10/13/2025,DC-05,Central,SKU-SKU-203,159,10.1,617,703,0,0,245,463,95
10/20/2025,DC-05,Central,SKU-SKU-203,214,12.5,703,489,0,0,0,463,95
10/27/2025,DC-05,Central,SKU-SKU-203,422,10.7,489,294,0,0,226,463,95
11/3/2025,DC-05,Central,SKU-SKU-203,146,11,294,436,0,0,288,463,95
11/10/2025,DC-05,Central,SKU-SKU-203,227,15.1,436,508,0,0,299,463,95
11/17/2025,DC-05,Central,SKU-SKU-203,214,12.7,508,555,0,0,261,463,95
11/24/2025,DC-05,Central,SKU-SKU-203,431,11.4,555,420,0,0,296,463,95
12/1/2025,DC-05,Central,SKU-SKU-203,194,9.1,420,453,0,0,228,463,95
12/8/2025,DC-05,Central,SKU-SKU-203,283,11.3,453,435,0,0,264,463,95
12/15/2025,DC-05,Central,SKU-SKU-203,180,13.7,435,536,0,0,281,463,95
12/22/2025,DC-05,Central,SKU-SKU-203,431,8.6,536,370,0,0,264,463,95
12/29/2025,DC-05,Central,SKU-SKU-203,163,14.5,370,417,0,0,211,463,95
1/5/2026,DC-05,Central,SKU-SKU-203,211,16.1,417,426,0,0,220,463,95
1/12/2026,DC-05,Central,SKU-SKU-203,250,12,426,423,0,0,247,463,95
1/19/2026,DC-05,Central,SKU-SKU-203,442,9.9,423,259,1,19,259,463,95
1/26/2026,DC-05,Central,SKU-SKU-203,304,12.1,259,264,1,45,264,463,95
2/2/2026,DC-05,Central,SKU-SKU-203,224,9.6,264,334,0,0,294,463,95
2/9/2026,DC-05,Central,SKU-SKU-203,279,11.7,334,337,0,0,281,463,95
2/16/2026,DC-05,Central,SKU-SKU-203,450,15.4,337,232,1,114,232,463,95
2/23/2026,DC-05,Central,SKU-SKU-203,227,14.5,232,245,0,0,240,463,95
3/2/2026,DC-05,Central,SKU-SKU-203,289,13.1,245,284,1,45,284,463,95
3/9/2026,DC-05,Central,SKU-SKU-203,330,9.8,284,257,1,46,257,463,95
3/16/2026,DC-05,Central,SKU-SKU-203,324,13.7,257,231,1,67,231,463,95
3/23/2026,DC-05,Central,SKU-SKU-203,391,13.8,231,270,1,160,270,463,95
3/30/2026,DC-05,Central,SKU-SKU-203,236,11.8,270,268,0,0,234,463,95
4/6/2026,DC-05,Central,SKU-SKU-203,166,8.9,268,350,0,0,248,463,95
4/13/2026,DC-05,Central,SKU-SKU-203,184,11.1,350,401,0,0,235,463,95
4/20/2026,DC-05,Central,SKU-SKU-203,285,10.3,401,390,0,0,273,463,95
4/27/2026,DC-05,Central,SKU-SKU-203,176,12.2,390,478,0,0,264,463,95
5/4/2026,DC-05,Central,SKU-SKU-203,419,10.6,478,282,0,0,222,463,95
5/11/2026,DC-05,Central,SKU-SKU-203,204,13,282,307,0,0,230,463,95
5/18/2026,DC-05,Central,SKU-SKU-203,284,10.6,307,241,0,0,218,463,95
5/25/2026,DC-05,Central,SKU-SKU-203,244,9.1,241,287,1,3,287,463,95
6/1/2026,DC-05,Central,SKU-SKU-203,259,7.4,287,269,0,0,241,463,95
6/8/2026,DC-05,Central,SKU-SKU-203,143,10.1,269,385,0,0,259,463,95
6/15/2026,DC-05,Central,SKU-SKU-203,245,13.6,385,379,0,0,239,463,95
6/22/2026,DC-05,Central,SKU-SKU-203,218,9,379,412,0,0,251,463,95
6/29/2026,DC-05,Central,SKU-SKU-203,302,10.4,412,377,0,0,267,463,95
7/6/2026,DC-05,Central,SKU-SKU-203,184,8.3,377,406,0,0,213,463,95
7/13/2026,DC-05,Central,SKU-SKU-203,145,11.2,406,522,0,0,260,463,95
7/20/2026,DC-05,Central,SKU-SKU-203,100,11.6,522,687,0,0,265,463,95
7/27/2026,DC-05,Central,SKU-SKU-203,241,11.4,687,709,0,0,263,463,95
8/3/2026,DC-05,Central,SKU-SKU-203,231,12.6,709,478,0,0,0,463,95
8/10/2026,DC-05,Central,SKU-SKU-203,111,11.5,478,636,0,0,270,463,95
8/17/2026,DC-05,Central,SKU-SKU-203,260,5.1,636,614,0,0,238,463,95
8/24/2026,DC-05,Central,SKU-SKU-203,100,10,614,786,0,0,272,463,95
9/2/2024,DC-05,Central,SKU-SKU-301,328,8.4,990,662,0,0,0,660,95
9/9/2024,DC-05,Central,SKU-SKU-301,548,12.2,662,475,0,0,360,660,95
9/16/2024,DC-05,Central,SKU-SKU-301,310,13.6,475,464,0,0,299,660,95
9/23/2024,DC-05,Central,SKU-SKU-301,655,11.5,464,423,1,191,423,660,95
9/30/2024,DC-05,Central,SKU-SKU-301,0,11.4,423,762,0,0,340,660,95
10/7/2024,DC-05,Central,SKU-SKU-301,429,14.5,762,641,0,0,307,660,95
10/14/2024,DC-05,Central,SKU-SKU-301,51,14.4,641,975,0,0,385,660,95
10/21/2024,DC-05,Central,SKU-SKU-301,546,11.4,975,773,0,0,343,660,95
10/28/2024,DC-05,Central,SKU-SKU-301,161,13.8,773,986,0,0,375,660,95
11/4/2024,DC-05,Central,SKU-SKU-301,44,8,986,1309,0,0,366,660,95
11/11/2024,DC-05,Central,SKU-SKU-301,256,12.5,1309,1053,0,0,0,660,95
11/18/2024,DC-05,Central,SKU-SKU-301,360,10.8,1053,693,0,0,0,660,95
11/25/2024,DC-05,Central,SKU-SKU-301,377,10.5,693,618,0,0,301,660,95
12/2/2024,DC-05,Central,SKU-SKU-301,129,12.6,618,799,0,0,309,660,95
12/9/2024,DC-05,Central,SKU-SKU-301,631,8.4,799,593,0,0,426,660,95
12/16/2024,DC-05,Central,SKU-SKU-301,614,9.8,593,390,1,21,390,660,95
12/23/2024,DC-05,Central,SKU-SKU-301,342,6.8,390,465,0,0,416,660,95
12/30/2024,DC-05,Central,SKU-SKU-301,0,12.4,465,788,0,0,323,660,95
1/6/2025,DC-05,Central,SKU-SKU-301,457,9.2,788,649,0,0,318,660,95
1/13/2025,DC-05,Central,SKU-SKU-301,81,12.6,649,926,0,0,357,660,95
1/20/2025,DC-05,Central,SKU-SKU-301,227,9.1,926,1039,0,0,341,660,95
1/27/2025,DC-05,Central,SKU-SKU-301,662,9.2,1039,377,0,0,0,660,95
2/3/2025,DC-05,Central,SKU-SKU-301,599,10.8,377,312,1,221,312,660,95
2/10/2025,DC-05,Central,SKU-SKU-301,228,10.7,312,409,0,0,325,660,95
2/17/2025,DC-05,Central,SKU-SKU-301,510,9.9,409,298,1,101,298,660,95
2/24/2025,DC-05,Central,SKU-SKU-301,312,10.3,298,406,1,14,406,660,95
3/3/2025,DC-05,Central,SKU-SKU-301,305,14.7,406,514,0,0,413,660,95
3/10/2025,DC-05,Central,SKU-SKU-301,475,12.9,514,401,0,0,361,660,95
3/17/2025,DC-05,Central,SKU-SKU-301,153,7.2,401,635,0,0,387,660,95
3/24/2025,DC-05,Central,SKU-SKU-301,504,6.4,635,433,0,0,302,660,95
3/31/2025,DC-05,Central,SKU-SKU-301,199,12.6,433,589,0,0,354,660,95
4/7/2025,DC-05,Central,SKU-SKU-301,469,12.9,589,463,0,0,344,660,95
4/14/2025,DC-05,Central,SKU-SKU-301,295,9.5,463,583,0,0,414,660,95
4/21/2025,DC-05,Central,SKU-SKU-301,339,12.5,583,590,0,0,346,660,95
4/28/2025,DC-05,Central,SKU-SKU-301,620,7.3,590,375,1,30,375,660,95
5/5/2025,DC-05,Central,SKU-SKU-301,462,8.8,375,321,1,87,321,660,95
5/12/2025,DC-05,Central,SKU-SKU-301,135,10.7,321,499,0,0,312,660,95
5/19/2025,DC-05,Central,SKU-SKU-301,574,13.2,499,393,1,76,393,660,95
5/26/2025,DC-05,Central,SKU-SKU-301,473,12.6,393,334,1,80,334,660,95
6/2/2025,DC-05,Central,SKU-SKU-301,373,11.3,334,391,1,40,391,660,95
6/9/2025,DC-05,Central,SKU-SKU-301,125,9.8,391,671,0,0,404,660,95
6/16/2025,DC-05,Central,SKU-SKU-301,341,11.9,671,659,0,0,329,660,95
6/23/2025,DC-05,Central,SKU-SKU-301,483,17,659,492,0,0,316,660,95
6/30/2025,DC-05,Central,SKU-SKU-301,259,10.7,492,576,0,0,343,660,95
7/7/2025,DC-05,Central,SKU-SKU-301,506,12.5,576,496,0,0,427,660,95
7/14/2025,DC-05,Central,SKU-SKU-301,134,10.8,496,737,0,0,375,660,95
7/21/2025,DC-05,Central,SKU-SKU-301,279,7.7,737,782,0,0,324,660,95
7/28/2025,DC-05,Central,SKU-SKU-301,127,10.8,782,1052,0,0,397,660,95
8/4/2025,DC-05,Central,SKU-SKU-301,0,8.5,1052,1052,0,0,0,660,95
8/11/2025,DC-05,Central,SKU-SKU-301,199,13.7,1052,853,0,0,0,660,95
8/18/2025,DC-05,Central,SKU-SKU-301,336,18.3,853,830,0,0,313,660,95
8/25/2025,DC-05,Central,SKU-SKU-301,239,11.7,830,964,0,0,373,660,95
9/1/2025,DC-05,Central,SKU-SKU-301,132,8.8,964,1192,0,0,359,660,95
9/8/2025,DC-05,Central,SKU-SKU-301,70,15.2,1192,1122,0,0,0,660,95
9/15/2025,DC-05,Central,SKU-SKU-301,397,5.8,1122,725,0,0,0,660,95
9/22/2025,DC-05,Central,SKU-SKU-301,186,13.2,725,859,0,0,320,660,95
9/29/2025,DC-05,Central,SKU-SKU-301,343,4.8,859,862,0,0,346,660,95
10/6/2025,DC-05,Central,SKU-SKU-301,155,11.4,862,1044,0,0,336,660,95
10/13/2025,DC-05,Central,SKU-SKU-301,0,11,1044,1044,0,0,0,660,95
10/20/2025,DC-05,Central,SKU-SKU-301,469,7.7,1044,575,0,0,0,660,95
10/27/2025,DC-05,Central,SKU-SKU-301,281,11.5,575,697,0,0,402,660,95
11/3/2025,DC-05,Central,SKU-SKU-301,354,11.1,697,683,0,0,340,660,95
11/10/2025,DC-05,Central,SKU-SKU-301,288,16,683,737,0,0,342,660,95
11/17/2025,DC-05,Central,SKU-SKU-301,89,11.8,737,1024,0,0,376,660,95
11/24/2025,DC-05,Central,SKU-SKU-301,21,17.7,1024,1003,0,0,0,660,95
12/1/2025,DC-05,Central,SKU-SKU-301,339,12.5,1003,664,0,0,0,660,95
12/8/2025,DC-05,Central,SKU-SKU-301,292,13.6,664,707,0,0,335,660,95
12/15/2025,DC-05,Central,SKU-SKU-301,126,12.3,707,983,0,0,402,660,95
12/22/2025,DC-05,Central,SKU-SKU-301,260,9.5,983,1131,0,0,408,660,95
12/29/2025,DC-05,Central,SKU-SKU-301,470,7.3,1131,661,0,0,0,660,95
1/5/2026,DC-05,Central,SKU-SKU-301,348,4.9,661,717,0,0,404,660,95
1/12/2026,DC-05,Central,SKU-SKU-301,365,10.5,717,682,0,0,331,660,95
1/19/2026,DC-05,Central,SKU-SKU-301,412,12.6,682,642,0,0,372,660,95
1/26/2026,DC-05,Central,SKU-SKU-301,582,16.3,642,478,0,0,419,660,95
2/2/2026,DC-05,Central,SKU-SKU-301,219,11.4,478,617,0,0,357,660,95
2/9/2026,DC-05,Central,SKU-SKU-301,115,11.8,617,818,0,0,316,660,95
2/16/2026,DC-05,Central,SKU-SKU-301,481,10.7,818,701,0,0,365,660,95
2/23/2026,DC-05,Central,SKU-SKU-301,299,12.3,701,825,0,0,423,660,95
3/2/2026,DC-05,Central,SKU-SKU-301,110,14,825,1019,0,0,304,660,95
3/9/2026,DC-05,Central,SKU-SKU-301,485,16,1019,534,0,0,0,660,95
3/16/2026,DC-05,Central,SKU-SKU-301,152,13.7,534,698,0,0,315,660,95
3/23/2026,DC-05,Central,SKU-SKU-301,65,11.8,698,1038,0,0,405,660,95
3/30/2026,DC-05,Central,SKU-SKU-301,169,9.7,1038,868,0,0,0,660,95
4/6/2026,DC-05,Central,SKU-SKU-301,297,8.6,868,925,0,0,354,660,95
4/13/2026,DC-05,Central,SKU-SKU-301,690,9.8,925,584,0,0,349,660,95
4/20/2026,DC-05,Central,SKU-SKU-301,427,14.2,584,520,0,0,363,660,95
4/27/2026,DC-05,Central,SKU-SKU-301,409,9.3,520,424,0,0,313,660,95
5/4/2026,DC-05,Central,SKU-SKU-301,334,13.2,424,392,0,0,302,660,95
5/11/2026,DC-05,Central,SKU-SKU-301,271,10.5,392,538,0,0,416,660,95
5/18/2026,DC-05,Central,SKU-SKU-301,167,13.4,538,682,0,0,311,660,95
5/25/2026,DC-05,Central,SKU-SKU-301,812,15.1,682,298,1,131,298,660,95
6/1/2026,DC-05,Central,SKU-SKU-301,447,10.2,298,351,1,149,351,660,95
6/8/2026,DC-05,Central,SKU-SKU-301,420,10.8,351,408,1,69,408,660,95
6/15/2026,DC-05,Central,SKU-SKU-301,497,10.5,408,298,1,89,298,660,95
6/22/2026,DC-05,Central,SKU-SKU-301,291,11.3,298,321,0,0,314,660,95
6/29/2026,DC-05,Central,SKU-SKU-301,94,5.1,321,526,0,0,299,660,95
7/6/2026,DC-05,Central,SKU-SKU-301,460,13.2,526,396,0,0,330,660,95
7/13/2026,DC-05,Central,SKU-SKU-301,111,6.7,396,619,0,0,334,660,95
7/20/2026,DC-05,Central,SKU-SKU-301,555,11.4,619,441,0,0,377,660,95
7/27/2026,DC-05,Central,SKU-SKU-301,445,10.6,441,427,1,3,427,660,95
8/3/2026,DC-05,Central,SKU-SKU-301,169,5.1,427,577,0,0,318,660,95
8/10/2026,DC-05,Central,SKU-SKU-301,344,13.4,577,552,0,0,319,660,95
8/17/2026,DC-05,Central,SKU-SKU-301,169,11.3,552,748,0,0,365,660,95
8/24/2026,DC-05,Central,SKU-SKU-301,435,14.8,748,688,0,0,375,660,95
9/2/2024,DC-05,Central,SKU-SKU-302,237,10.2,482,244,0,0,0,321,95
9/9/2024,DC-05,Central,SKU-SKU-302,154,10.1,244,236,0,0,146,321,95
9/16/2024,DC-05,Central,SKU-SKU-302,60,8.5,236,330,0,0,155,321,95
9/23/2024,DC-05,Central,SKU-SKU-302,63,8.7,330,440,0,0,173,321,95
9/30/2024,DC-05,Central,SKU-SKU-302,214,11.6,440,397,0,0,171,321,95
10/7/2024,DC-05,Central,SKU-SKU-302,249,8.1,397,354,0,0,205,321,95
10/14/2024,DC-05,Central,SKU-SKU-302,16,9.2,354,495,0,0,157,321,95
10/21/2024,DC-05,Central,SKU-SKU-302,188,9.4,495,307,0,0,0,321,95
10/28/2024,DC-05,Central,SKU-SKU-302,114,9.9,307,394,0,0,201,321,95
11/4/2024,DC-05,Central,SKU-SKU-302,154,10.5,394,423,0,0,183,321,95
11/11/2024,DC-05,Central,SKU-SKU-302,277,14.6,423,338,0,0,191,321,95
11/18/2024,DC-05,Central,SKU-SKU-302,109,12.7,338,414,0,0,185,321,95
11/25/2024,DC-05,Central,SKU-SKU-302,306,12.9,414,274,0,0,165,321,95
12/2/2024,DC-05,Central,SKU-SKU-302,178,10.6,274,264,0,0,168,321,95
12/9/2024,DC-05,Central,SKU-SKU-302,59,10.8,264,355,0,0,150,321,95
12/16/2024,DC-05,Central,SKU-SKU-302,103,10.5,355,423,0,0,171,321,95
12/23/2024,DC-05,Central,SKU-SKU-302,145,8.2,423,483,0,0,205,321,95
12/30/2024,DC-05,Central,SKU-SKU-302,164,10.3,483,319,0,0,0,321,95
1/6/2025,DC-05,Central,SKU-SKU-302,268,8.7,319,219,0,0,168,321,95
1/13/2025,DC-05,Central,SKU-SKU-302,154,11.8,219,255,0,0,190,321,95
1/20/2025,DC-05,Central,SKU-SKU-302,132,11.5,255,327,0,0,204,321,95
1/27/2025,DC-05,Central,SKU-SKU-302,110,8.7,327,363,0,0,146,321,95
2/3/2025,DC-05,Central,SKU-SKU-302,210,10.7,363,353,0,0,200,321,95
2/10/2025,DC-05,Central,SKU-SKU-302,130,12.8,353,376,0,0,153,321,95
2/17/2025,DC-05,Central,SKU-SKU-302,52,16.6,376,497,0,0,173,321,95
2/24/2025,DC-05,Central,SKU-SKU-302,245,9.9,497,252,0,0,0,321,95
3/3/2025,DC-05,Central,SKU-SKU-302,195,9.9,252,245,0,0,188,321,95
3/10/2025,DC-05,Central,SKU-SKU-302,226,6,245,209,0,0,190,321,95
3/17/2025,DC-05,Central,SKU-SKU-302,245,13,209,148,1,36,148,321,95
3/24/2025,DC-05,Central,SKU-SKU-302,211,6.4,148,167,1,63,167,321,95
3/31/2025,DC-05,Central,SKU-SKU-302,176,12.9,167,198,1,8,198,321,95
4/7/2025,DC-05,Central,SKU-SKU-302,124,10.3,198,219,0,0,145,321,95
4/14/2025,DC-05,Central,SKU-SKU-302,212,15.3,219,172,0,0,165,321,95
4/21/2025,DC-05,Central,SKU-SKU-302,133,14.8,172,241,0,0,202,321,95
4/28/2025,DC-05,Central,SKU-SKU-302,235,8.6,241,172,0,0,166,321,95
5/5/2025,DC-05,Central,SKU-SKU-302,309,13.5,172,199,1,138,199,321,95
5/12/2025,DC-05,Central,SKU-SKU-302,270,11.9,199,159,1,71,159,321,95
5/19/2025,DC-05,Central,SKU-SKU-302,139,12.4,159,166,0,0,146,321,95
5/26/2025,DC-05,Central,SKU-SKU-302,145,15.8,166,219,0,0,198,321,95
6/2/2025,DC-05,Central,SKU-SKU-302,97,15.4,219,274,0,0,152,321,95
6/9/2025,DC-05,Central,SKU-SKU-302,157,11.3,274,321,0,0,204,321,95
6/16/2025,DC-05,Central,SKU-SKU-302,232,8.2,321,257,0,0,168,321,95
6/23/2025,DC-05,Central,SKU-SKU-302,105,12,257,358,0,0,205,321,95
6/30/2025,DC-05,Central,SKU-SKU-302,219,9,358,296,0,0,158,321,95
7/7/2025,DC-05,Central,SKU-SKU-302,148,13.5,296,301,0,0,153,321,95
7/14/2025,DC-05,Central,SKU-SKU-302,177,9.4,301,326,0,0,202,321,95
7/21/2025,DC-05,Central,SKU-SKU-302,2,13.4,326,473,0,0,149,321,95
7/28/2025,DC-05,Central,SKU-SKU-302,160,13.8,473,470,0,0,157,321,95
8/4/2025,DC-05,Central,SKU-SKU-302,201,12.3,470,465,0,0,196,321,95
8/11/2025,DC-05,Central,SKU-SKU-302,179,11.3,465,435,0,0,149,321,95
8/18/2025,DC-05,Central,SKU-SKU-302,101,15.4,435,528,0,0,194,321,95
8/25/2025,DC-05,Central,SKU-SKU-302,121,14.7,528,406,0,0,0,321,95
9/1/2025,DC-05,Central,SKU-SKU-302,191,13,406,394,0,0,179,321,95
9/8/2025,DC-05,Central,SKU-SKU-302,267,10.1,394,294,0,0,167,321,95
9/15/2025,DC-05,Central,SKU-SKU-302,66,11.8,294,403,0,0,175,321,95
9/22/2025,DC-05,Central,SKU-SKU-302,68,13.1,403,500,0,0,164,321,95
9/29/2025,DC-05,Central,SKU-SKU-302,247,15.9,500,253,0,0,0,321,95
10/6/2025,DC-05,Central,SKU-SKU-302,87,9.8,253,366,0,0,200,321,95
10/13/2025,DC-05,Central,SKU-SKU-302,123,5.9,366,395,0,0,151,321,95
10/20/2025,DC-05,Central,SKU-SKU-302,207,13.2,395,363,0,0,175,321,95
10/27/2025,DC-05,Central,SKU-SKU-302,163,12.5,363,365,0,0,165,321,95
11/3/2025,DC-05,Central,SKU-SKU-302,110,12.8,365,461,0,0,206,321,95
11/10/2025,DC-05,Central,SKU-SKU-302,172,11.1,461,481,0,0,192,321,95
11/17/2025,DC-05,Central,SKU-SKU-302,0,3.9,481,688,0,0,207,321,95
11/24/2025,DC-05,Central,SKU-SKU-302,22,15.9,688,666,0,0,0,321,95
12/1/2025,DC-05,Central,SKU-SKU-302,300,11.7,666,366,0,0,0,321,95
12/8/2025,DC-05,Central,SKU-SKU-302,6,8.1,366,532,0,0,172,321,95
12/15/2025,DC-05,Central,SKU-SKU-302,143,5.6,532,389,0,0,0,321,95
12/22/2025,DC-05,Central,SKU-SKU-302,285,10.5,389,264,0,0,160,321,95
12/29/2025,DC-05,Central,SKU-SKU-302,148,12.3,264,300,0,0,183,321,95
1/5/2026,DC-05,Central,SKU-SKU-302,144,7.1,300,345,0,0,189,321,95
1/12/2026,DC-05,Central,SKU-SKU-302,109,10.1,345,410,0,0,175,321,95
1/19/2026,DC-05,Central,SKU-SKU-302,54,9.9,410,540,0,0,184,321,95
1/26/2026,DC-05,Central,SKU-SKU-302,180,8.3,540,359,0,0,0,321,95
2/2/2026,DC-05,Central,SKU-SKU-302,144,9.3,359,366,0,0,151,321,95
2/9/2026,DC-05,Central,SKU-SKU-302,52,10.6,366,497,0,0,183,321,95
2/16/2026,DC-05,Central,SKU-SKU-302,102,7.4,497,395,0,0,0,321,95
2/23/2026,DC-05,Central,SKU-SKU-302,154,12.4,395,435,0,0,194,321,95
3/2/2026,DC-05,Central,SKU-SKU-302,169,13.8,435,430,0,0,164,321,95
3/9/2026,DC-05,Central,SKU-SKU-302,181,14.3,430,432,0,0,183,321,95
3/16/2026,DC-05,Central,SKU-SKU-302,279,8.9,432,337,0,0,183,321,95
3/23/2026,DC-05,Central,SKU-SKU-302,240,13.6,337,279,0,0,182,321,95
3/30/2026,DC-05,Central,SKU-SKU-302,17,6.7,279,460,0,0,198,321,95
4/6/2026,DC-05,Central,SKU-SKU-302,204,11.6,460,419,0,0,164,321,95
4/13/2026,DC-05,Central,SKU-SKU-302,110,10.8,419,514,0,0,205,321,95
4/20/2026,DC-05,Central,SKU-SKU-302,160,17.2,514,354,0,0,0,321,95
4/27/2026,DC-05,Central,SKU-SKU-302,198,9.3,354,321,0,0,165,321,95
5/4/2026,DC-05,Central,SKU-SKU-302,167,6.2,321,304,0,0,150,321,95
5/11/2026,DC-05,Central,SKU-SKU-302,0,12.7,304,480,0,0,176,321,95
5/18/2026,DC-05,Central,SKU-SKU-302,213,9.5,480,475,0,0,207,321,95
5/25/2026,DC-05,Central,SKU-SKU-302,156,11.5,475,465,0,0,146,321,95
6/1/2026,DC-05,Central,SKU-SKU-302,194,10.5,465,474,0,0,203,321,95
6/8/2026,DC-05,Central,SKU-SKU-302,2,7.8,474,668,0,0,195,321,95
6/15/2026,DC-05,Central,SKU-SKU-302,130,11.2,668,537,0,0,0,321,95
6/22/2026,DC-05,Central,SKU-SKU-302,123,7.3,537,414,0,0,0,321,95
6/29/2026,DC-05,Central,SKU-SKU-302,181,11.5,414,442,0,0,208,321,95
7/6/2026,DC-05,Central,SKU-SKU-302,163,14.7,442,423,0,0,145,321,95
7/13/2026,DC-05,Central,SKU-SKU-302,260,9.3,423,353,0,0,189,321,95
7/20/2026,DC-05,Central,SKU-SKU-302,48,9.4,353,500,0,0,195,321,95
7/27/2026,DC-05,Central,SKU-SKU-302,57,13.4,500,444,0,0,0,321,95
8/3/2026,DC-05,Central,SKU-SKU-302,0,12.7,444,638,0,0,194,321,95
8/10/2026,DC-05,Central,SKU-SKU-302,271,10.8,638,367,0,0,0,321,95
8/17/2026,DC-05,Central,SKU-SKU-302,127,14.1,367,390,0,0,150,321,95
8/24/2026,DC-05,Central,SKU-SKU-302,134,13.5,390,410,0,0,154,321,95
9/2/2024,DC-05,Central,SKU-SKU-303,273,9.5,1419,1146,0,0,0,946,95
9/9/2024,DC-05,Central,SKU-SKU-303,559,9,1146,1119,0,0,532,946,95
9/16/2024,DC-05,Central,SKU-SKU-303,397,12.4,1119,1299,0,0,577,946,95
9/23/2024,DC-05,Central,SKU-SKU-303,392,12.7,1299,1472,0,0,564,946,95
9/30/2024,DC-05,Central,SKU-SKU-303,604,10.6,1472,868,0,0,0,946,95
10/7/2024,DC-05,Central,SKU-SKU-303,501,16.1,868,967,0,0,599,946,95
10/14/2024,DC-05,Central,SKU-SKU-303,369,16.7,967,1141,0,0,543,946,95
10/21/2024,DC-05,Central,SKU-SKU-303,669,10.2,1141,906,0,0,434,946,95
10/28/2024,DC-05,Central,SKU-SKU-303,676,9.1,906,699,0,0,469,946,95
11/4/2024,DC-05,Central,SKU-SKU-303,555,15.6,699,705,0,0,560,946,95
11/11/2024,DC-05,Central,SKU-SKU-303,771,9.2,705,430,1,66,430,946,95
11/18/2024,DC-05,Central,SKU-SKU-303,682,11.1,430,581,1,252,581,946,95
11/25/2024,DC-05,Central,SKU-SKU-303,375,13.9,581,647,0,0,441,946,95
12/2/2024,DC-05,Central,SKU-SKU-303,401,9.6,647,821,0,0,574,946,95
12/9/2024,DC-05,Central,SKU-SKU-303,559,8.2,821,859,0,0,597,946,95
12/16/2024,DC-05,Central,SKU-SKU-303,499,12.3,859,952,0,0,592,946,95
12/23/2024,DC-05,Central,SKU-SKU-303,624,8.9,952,798,0,0,470,946,95
12/30/2024,DC-05,Central,SKU-SKU-303,626,7.7,798,601,0,0,429,946,95
1/6/2025,DC-05,Central,SKU-SKU-303,258,13.6,601,833,0,0,490,946,95
1/13/2025,DC-05,Central,SKU-SKU-303,345,13.4,833,997,0,0,509,946,95
1/20/2025,DC-05,Central,SKU-SKU-303,656,8.5,997,956,0,0,614,946,95
1/27/2025,DC-05,Central,SKU-SKU-303,651,10.4,956,771,0,0,466,946,95
2/3/2025,DC-05,Central,SKU-SKU-303,550,17.8,771,795,0,0,573,946,95
2/10/2025,DC-05,Central,SKU-SKU-303,349,9.8,795,987,0,0,541,946,95
2/17/2025,DC-05,Central,SKU-SKU-303,752,15.8,987,675,0,0,440,946,95
2/24/2025,DC-05,Central,SKU-SKU-303,607,11.2,675,612,0,0,543,946,95
3/3/2025,DC-05,Central,SKU-SKU-303,752,15.7,612,538,1,140,538,946,95
3/10/2025,DC-05,Central,SKU-SKU-303,850,13.1,538,466,1,311,466,946,95
3/17/2025,DC-05,Central,SKU-SKU-303,907,9,466,577,1,441,577,946,95
3/24/2025,DC-05,Central,SKU-SKU-303,321,15.4,577,766,0,0,510,946,95
3/31/2025,DC-05,Central,SKU-SKU-303,180,8.4,766,1161,0,0,575,946,95
4/7/2025,DC-05,Central,SKU-SKU-303,359,11.6,1161,1310,0,0,508,946,95
4/14/2025,DC-05,Central,SKU-SKU-303,260,14.6,1310,1504,0,0,454,946,95
4/21/2025,DC-05,Central,SKU-SKU-303,789,11.8,1504,715,0,0,0,946,95
4/28/2025,DC-05,Central,SKU-SKU-303,769,8.2,715,474,1,54,474,946,95
5/5/2025,DC-05,Central,SKU-SKU-303,374,12.9,474,603,0,0,503,946,95
5/12/2025,DC-05,Central,SKU-SKU-303,699,13.1,603,494,1,96,494,946,95
5/19/2025,DC-05,Central,SKU-SKU-303,567,10.1,494,492,1,73,492,946,95
5/26/2025,DC-05,Central,SKU-SKU-303,343,10.1,492,707,0,0,558,946,95
6/2/2025,DC-05,Central,SKU-SKU-303,472,10.3,707,754,0,0,519,946,95
6/9/2025,DC-05,Central,SKU-SKU-303,0,13.6,754,1343,0,0,590,946,95
6/16/2025,DC-05,Central,SKU-SKU-303,478,13.8,1343,1332,0,0,466,946,95
6/23/2025,DC-05,Central,SKU-SKU-303,336,12.5,1332,1503,0,0,507,946,95
6/30/2025,DC-05,Central,SKU-SKU-303,189,8.7,1503,1314,0,0,0,946,95
7/7/2025,DC-05,Central,SKU-SKU-303,257,13,1314,1671,0,0,614,946,95
7/14/2025,DC-05,Central,SKU-SKU-303,524,9.8,1671,1147,0,0,0,946,95
7/21/2025,DC-05,Central,SKU-SKU-303,165,9.4,1147,1522,0,0,540,946,95
7/28/2025,DC-05,Central,SKU-SKU-303,207,9.4,1522,1315,0,0,0,946,95
8/4/2025,DC-05,Central,SKU-SKU-303,395,8.7,1315,1391,0,0,472,946,95
8/11/2025,DC-05,Central,SKU-SKU-303,687,10.9,1391,1267,0,0,563,946,95
8/18/2025,DC-05,Central,SKU-SKU-303,481,13.2,1267,1297,0,0,511,946,95
8/25/2025,DC-05,Central,SKU-SKU-303,119,15.5,1297,1615,0,0,436,946,95
9/1/2025,DC-05,Central,SKU-SKU-303,277,8.8,1615,1338,0,0,0,946,95
9/8/2025,DC-05,Central,SKU-SKU-303,247,9.8,1338,1588,0,0,498,946,95
9/15/2025,DC-05,Central,SKU-SKU-303,150,4.5,1588,1439,0,0,0,946,95
9/22/2025,DC-05,Central,SKU-SKU-303,462,9.4,1439,976,0,0,0,946,95
9/29/2025,DC-05,Central,SKU-SKU-303,113,11.2,976,1338,0,0,475,946,95
10/6/2025,DC-05,Central,SKU-SKU-303,618,4.3,1338,1241,0,0,521,946,95
10/13/2025,DC-05,Central,SKU-SKU-303,299,8.4,1241,1480,0,0,537,946,95
10/20/2025,DC-05,Central,SKU-SKU-303,462,11,1480,1018,0,0,0,946,95
10/27/2025,DC-05,Central,SKU-SKU-303,228,13.5,1018,1286,0,0,495,946,95
11/3/2025,DC-05,Central,SKU-SKU-303,626,8.8,1286,1136,0,0,476,946,95
11/10/2025,DC-05,Central,SKU-SKU-303,702,14.6,1136,1007,0,0,574,946,95
11/17/2025,DC-05,Central,SKU-SKU-303,500,10.4,1007,1086,0,0,579,946,95
11/24/2025,DC-05,Central,SKU-SKU-303,551,13,1086,1136,0,0,601,946,95
12/1/2025,DC-05,Central,SKU-SKU-303,483,10.8,1136,1170,0,0,516,946,95
12/8/2025,DC-05,Central,SKU-SKU-303,452,15.1,1170,1294,0,0,576,946,95
12/15/2025,DC-05,Central,SKU-SKU-303,438,10.1,1294,1404,0,0,548,946,95
12/22/2025,DC-05,Central,SKU-SKU-303,507,11.1,1404,1337,0,0,440,946,95
12/29/2025,DC-05,Central,SKU-SKU-303,389,14,1337,1406,0,0,458,946,95
1/5/2026,DC-05,Central,SKU-SKU-303,717,17.2,1406,1206,0,0,517,946,95
1/12/2026,DC-05,Central,SKU-SKU-303,758,17,1206,892,0,0,444,946,95
1/19/2026,DC-05,Central,SKU-SKU-303,314,11.6,892,1162,0,0,584,946,95
1/26/2026,DC-05,Central,SKU-SKU-303,502,11.6,1162,1268,0,0,607,946,95
2/2/2026,DC-05,Central,SKU-SKU-303,483,9.7,1268,1362,0,0,578,946,95
2/9/2026,DC-05,Central,SKU-SKU-303,598,10,1362,1348,0,0,584,946,95
2/16/2026,DC-05,Central,SKU-SKU-303,662,9.4,1348,1273,0,0,587,946,95
2/23/2026,DC-05,Central,SKU-SKU-303,252,7.9,1273,1534,0,0,513,946,95
3/2/2026,DC-05,Central,SKU-SKU-303,627,10.3,1534,907,0,0,0,946,95
3/9/2026,DC-05,Central,SKU-SKU-303,672,11.6,907,685,0,0,450,946,95
3/16/2026,DC-05,Central,SKU-SKU-303,583,13.2,685,680,0,0,579,946,95
3/23/2026,DC-05,Central,SKU-SKU-303,654,12.2,680,463,0,0,436,946,95
3/30/2026,DC-05,Central,SKU-SKU-303,114,12.8,463,947,0,0,599,946,95
4/6/2026,DC-05,Central,SKU-SKU-303,391,9.8,947,1168,0,0,612,946,95
4/13/2026,DC-05,Central,SKU-SKU-303,462,13.1,1168,1142,0,0,436,946,95
4/20/2026,DC-05,Central,SKU-SKU-303,870,8.4,1142,789,0,0,517,946,95
4/27/2026,DC-05,Central,SKU-SKU-303,307,10.7,789,935,0,0,454,946,95
5/4/2026,DC-05,Central,SKU-SKU-303,600,8.1,935,809,0,0,474,946,95
5/11/2026,DC-05,Central,SKU-SKU-303,439,14.7,809,948,0,0,577,946,95
5/18/2026,DC-05,Central,SKU-SKU-303,604,11.7,948,954,0,0,610,946,95
5/25/2026,DC-05,Central,SKU-SKU-303,611,8.3,954,882,0,0,539,946,95
6/1/2026,DC-05,Central,SKU-SKU-303,542,15,882,911,0,0,572,946,95
6/8/2026,DC-05,Central,SKU-SKU-303,502,11.8,911,926,0,0,518,946,95
6/15/2026,DC-05,Central,SKU-SKU-303,256,12.2,926,1137,0,0,467,946,95
6/22/2026,DC-05,Central,SKU-SKU-303,267,12.9,1137,1407,0,0,536,946,95
6/29/2026,DC-05,Central,SKU-SKU-303,591,9.8,1407,1339,0,0,522,946,95
7/6/2026,DC-05,Central,SKU-SKU-303,61,16.7,1339,1868,0,0,590,946,95
7/13/2026,DC-05,Central,SKU-SKU-303,491,10.8,1868,1377,0,0,0,946,95
7/20/2026,DC-05,Central,SKU-SKU-303,509,15.5,1377,1370,0,0,502,946,95
7/27/2026,DC-05,Central,SKU-SKU-303,281,12.8,1370,1637,0,0,548,946,95
8/3/2026,DC-05,Central,SKU-SKU-303,463,12.3,1637,1174,0,0,0,946,95
8/10/2026,DC-05,Central,SKU-SKU-303,272,9.2,1174,1512,0,0,610,946,95
8/17/2026,DC-05,Central,SKU-SKU-303,345,10,1512,1167,0,0,0,946,95
8/24/2026,DC-05,Central,SKU-SKU-303,295,13.6,1167,1479,0,0,607,946,95
9/2/2024,DC-05,Central,SKU-SKU-401,267,9.5,718,452,0,0,0,479,95
9/9/2024,DC-05,Central,SKU-SKU-401,193,9.6,452,516,0,0,257,479,95
9/16/2024,DC-05,Central,SKU-SKU-401,270,9.1,516,531,0,0,285,479,95
9/23/2024,DC-05,Central,SKU-SKU-401,227,14.9,531,524,0,0,220,479,95
9/30/2024,DC-05,Central,SKU-SKU-401,231,9.1,524,568,0,0,275,479,95
10/7/2024,DC-05,Central,SKU-SKU-401,206,8.8,568,652,0,0,290,479,95
10/14/2024,DC-05,Central,SKU-SKU-401,191,10.9,652,681,0,0,219,479,95
10/21/2024,DC-05,Central,SKU-SKU-401,194,8.4,681,782,0,0,294,479,95
10/28/2024,DC-05,Central,SKU-SKU-401,214,5,782,568,0,0,0,479,95
11/4/2024,DC-05,Central,SKU-SKU-401,310,10.5,568,568,0,0,310,479,95
11/11/2024,DC-05,Central,SKU-SKU-401,203,14.8,568,633,0,0,268,479,95
11/18/2024,DC-05,Central,SKU-SKU-401,323,11.3,633,606,0,0,296,479,95
11/25/2024,DC-05,Central,SKU-SKU-401,184,11.7,606,677,0,0,255,479,95
12/2/2024,DC-05,Central,SKU-SKU-401,286,8.1,677,651,0,0,260,479,95
12/9/2024,DC-05,Central,SKU-SKU-401,182,11.7,651,735,0,0,266,479,95
12/16/2024,DC-05,Central,SKU-SKU-401,172,13.2,735,564,0,0,0,479,95
12/23/2024,DC-05,Central,SKU-SKU-401,277,11.2,564,547,0,0,260,479,95
12/30/2024,DC-05,Central,SKU-SKU-401,259,9.4,547,533,0,0,245,479,95
1/6/2025,DC-05,Central,SKU-SKU-401,212,9.5,533,556,0,0,235,479,95
1/13/2025,DC-05,Central,SKU-SKU-401,273,10.5,556,541,0,0,258,479,95
1/20/2025,DC-05,Central,SKU-SKU-401,339,9.6,541,497,0,0,295,479,95
1/27/2025,DC-05,Central,SKU-SKU-401,283,14.8,497,475,0,0,262,479,95
2/3/2025,DC-05,Central,SKU-SKU-401,218,10.3,475,507,0,0,249,479,95
2/10/2025,DC-05,Central,SKU-SKU-401,229,12.7,507,567,0,0,289,479,95
2/17/2025,DC-05,Central,SKU-SKU-401,336,12.3,567,503,0,0,272,479,95
2/24/2025,DC-05,Central,SKU-SKU-401,262,8.8,503,461,0,0,220,479,95
3/3/2025,DC-05,Central,SKU-SKU-401,307,9.5,461,456,0,0,302,479,95
3/10/2025,DC-05,Central,SKU-SKU-401,302,6.3,456,417,0,0,263,479,95
3/17/2025,DC-05,Central,SKU-SKU-401,259,11.4,417,388,0,0,229,479,95
3/24/2025,DC-05,Central,SKU-SKU-401,300,5.9,388,387,0,0,300,479,95
3/31/2025,DC-05,Central,SKU-SKU-401,198,13.2,387,467,0,0,278,479,95
4/7/2025,DC-05,Central,SKU-SKU-401,223,7.8,467,479,0,0,234,479,95
4/14/2025,DC-05,Central,SKU-SKU-401,272,12.7,479,509,0,0,302,479,95
4/21/2025,DC-05,Central,SKU-SKU-401,170,14.9,509,557,0,0,218,479,95
4/28/2025,DC-05,Central,SKU-SKU-401,317,6.9,557,539,0,0,298,479,95
5/5/2025,DC-05,Central,SKU-SKU-401,308,17.8,539,482,0,0,252,479,95
5/12/2025,DC-05,Central,SKU-SKU-401,282,12.3,482,424,0,0,224,479,95
5/19/2025,DC-05,Central,SKU-SKU-401,282,11.8,424,444,0,0,302,479,95
5/26/2025,DC-05,Central,SKU-SKU-401,247,11,444,503,0,0,305,479,95
6/2/2025,DC-05,Central,SKU-SKU-401,229,10.6,503,518,0,0,245,479,95
6/9/2025,DC-05,Central,SKU-SKU-401,269,12.2,518,469,0,0,221,479,95
6/16/2025,DC-05,Central,SKU-SKU-401,231,8.2,469,482,0,0,243,479,95
6/23/2025,DC-05,Central,SKU-SKU-401,255,9.7,482,529,0,0,302,479,95
6/30/2025,DC-05,Central,SKU-SKU-401,238,15.2,529,573,0,0,282,479,95
7/7/2025,DC-05,Central,SKU-SKU-401,266,8,573,572,0,0,266,479,95
7/14/2025,DC-05,Central,SKU-SKU-401,268,14.1,572,596,0,0,291,479,95
7/21/2025,DC-05,Central,SKU-SKU-401,269,15.2,596,569,0,0,242,479,95
7/28/2025,DC-05,Central,SKU-SKU-401,232,12.5,569,579,0,0,242,479,95
8/4/2025,DC-05,Central,SKU-SKU-401,202,9.8,579,666,0,0,289,479,95
8/11/2025,DC-05,Central,SKU-SKU-401,178,8.6,666,761,0,0,273,479,95
8/18/2025,DC-05,Central,SKU-SKU-401,238,8.4,761,523,0,0,0,479,95
8/25/2025,DC-05,Central,SKU-SKU-401,145,5,523,661,0,0,282,479,95
9/1/2025,DC-05,Central,SKU-SKU-401,140,11.1,661,794,0,0,273,479,95
9/8/2025,DC-05,Central,SKU-SKU-401,226,7.5,794,568,0,0,0,479,95
9/15/2025,DC-05,Central,SKU-SKU-401,247,7.6,568,578,0,0,257,479,95
9/22/2025,DC-05,Central,SKU-SKU-401,153,13.7,578,706,0,0,282,479,95
9/29/2025,DC-05,Central,SKU-SKU-401,165,14.6,706,779,0,0,238,479,95
10/6/2025,DC-05,Central,SKU-SKU-401,266,10.3,779,513,0,0,0,479,95
10/13/2025,DC-05,Central,SKU-SKU-401,162,11.5,513,629,0,0,278,479,95
10/20/2025,DC-05,Central,SKU-SKU-401,149,11.1,629,721,0,0,242,479,95
10/27/2025,DC-05,Central,SKU-SKU-401,152,13.3,721,569,0,0,0,479,95
11/3/2025,DC-05,Central,SKU-SKU-401,252,12,569,561,0,0,243,479,95
11/10/2025,DC-05,Central,SKU-SKU-401,222,9.6,561,593,0,0,253,479,95
11/17/2025,DC-05,Central,SKU-SKU-401,307,3.3,593,548,0,0,262,479,95
11/24/2025,DC-05,Central,SKU-SKU-401,181,8.6,548,624,0,0,257,479,95
12/1/2025,DC-05,Central,SKU-SKU-401,234,14.4,624,692,0,0,301,479,95
12/8/2025,DC-05,Central,SKU-SKU-401,316,16.2,692,633,0,0,257,479,95
12/15/2025,DC-05,Central,SKU-SKU-401,213,7.5,633,638,0,0,218,479,95
12/22/2025,DC-05,Central,SKU-SKU-401,276,12.4,638,601,0,0,238,479,95
12/29/2025,DC-05,Central,SKU-SKU-401,366,14.1,601,486,0,0,252,479,95
1/5/2026,DC-05,Central,SKU-SKU-401,215,8.9,486,496,0,0,225,479,95
1/12/2026,DC-05,Central,SKU-SKU-401,225,9.9,496,489,0,0,218,479,95
1/19/2026,DC-05,Central,SKU-SKU-401,274,9.4,489,525,0,0,310,479,95
1/26/2026,DC-05,Central,SKU-SKU-401,191,15,525,554,0,0,220,479,95
2/2/2026,DC-05,Central,SKU-SKU-401,195,12.2,554,615,0,0,255,479,95
2/9/2026,DC-05,Central,SKU-SKU-401,279,11.8,615,555,0,0,219,479,95
2/16/2026,DC-05,Central,SKU-SKU-401,266,9,555,516,0,0,227,479,95
2/23/2026,DC-05,Central,SKU-SKU-401,292,12.6,516,447,0,0,222,479,95
3/2/2026,DC-05,Central,SKU-SKU-401,238,14.1,447,434,0,0,225,479,95
3/9/2026,DC-05,Central,SKU-SKU-401,272,7.2,434,387,0,0,225,479,95
3/16/2026,DC-05,Central,SKU-SKU-401,245,5.8,387,359,0,0,217,479,95
3/23/2026,DC-05,Central,SKU-SKU-401,296,12.1,359,285,0,0,222,479,95
3/30/2026,DC-05,Central,SKU-SKU-401,172,13,285,364,0,0,251,479,95
4/6/2026,DC-05,Central,SKU-SKU-401,349,11.1,364,321,0,0,306,479,95
4/13/2026,DC-05,Central,SKU-SKU-401,243,12.6,321,297,0,0,219,479,95
4/20/2026,DC-05,Central,SKU-SKU-401,253,11,297,268,0,0,224,479,95
4/27/2026,DC-05,Central,SKU-SKU-401,338,15.1,268,311,1,70,311,479,95
5/4/2026,DC-05,Central,SKU-SKU-401,252,12.3,311,363,0,0,304,479,95
5/11/2026,DC-05,Central,SKU-SKU-401,232,15.4,363,393,0,0,262,479,95
5/18/2026,DC-05,Central,SKU-SKU-401,212,8.9,393,402,0,0,221,479,95
5/25/2026,DC-05,Central,SKU-SKU-401,240,15.8,402,422,0,0,260,479,95
6/1/2026,DC-05,Central,SKU-SKU-401,263,17.8,422,415,0,0,255,479,95
6/8/2026,DC-05,Central,SKU-SKU-401,299,9.8,415,389,0,0,272,479,95
6/15/2026,DC-05,Central,SKU-SKU-401,277,14.1,389,384,0,0,273,479,95
6/22/2026,DC-05,Central,SKU-SKU-401,254,10.2,384,413,0,0,283,479,95
6/29/2026,DC-05,Central,SKU-SKU-401,210,12.3,413,504,0,0,301,479,95
7/6/2026,DC-05,Central,SKU-SKU-401,282,12.7,504,507,0,0,286,479,95
7/13/2026,DC-05,Central,SKU-SKU-401,189,13.9,507,624,0,0,305,479,95
7/20/2026,DC-05,Central,SKU-SKU-401,269,10.4,624,650,0,0,296,479,95
7/27/2026,DC-05,Central,SKU-SKU-401,220,18.5,650,647,0,0,217,479,95
8/3/2026,DC-05,Central,SKU-SKU-401,236,15,647,719,0,0,308,479,95
8/10/2026,DC-05,Central,SKU-SKU-401,215,8.9,719,503,0,0,0,479,95
8/17/2026,DC-05,Central,SKU-SKU-401,217,7.3,503,571,0,0,285,479,95
8/24/2026,DC-05,Central,SKU-SKU-401,252,10.5,571,552,0,0,233,479,95
9/2/2024,DC-05,Central,SKU-SKU-402,386,8.8,1173,787,0,0,0,782,95
9/9/2024,DC-05,Central,SKU-SKU-402,374,8.7,787,858,0,0,444,782,95
9/16/2024,DC-05,Central,SKU-SKU-402,366,9.9,858,915,0,0,423,782,95
9/23/2024,DC-05,Central,SKU-SKU-402,429,9.5,915,928,0,0,442,782,95
9/30/2024,DC-05,Central,SKU-SKU-402,272,11.7,928,1095,0,0,439,782,95
10/7/2024,DC-05,Central,SKU-SKU-402,348,14.1,1095,1131,0,0,384,782,95
10/14/2024,DC-05,Central,SKU-SKU-402,235,4.8,1131,1371,0,0,475,782,95
10/21/2024,DC-05,Central,SKU-SKU-402,258,9.4,1371,1113,0,0,0,782,95
10/28/2024,DC-05,Central,SKU-SKU-402,331,13.4,1113,1137,0,0,355,782,95
11/4/2024,DC-05,Central,SKU-SKU-402,307,11.8,1137,1221,0,0,392,782,95
11/11/2024,DC-05,Central,SKU-SKU-402,330,8.5,1221,891,0,0,0,782,95
11/18/2024,DC-05,Central,SKU-SKU-402,331,12.7,891,1000,0,0,440,782,95
11/25/2024,DC-05,Central,SKU-SKU-402,292,10.3,1000,1106,0,0,398,782,95
12/2/2024,DC-05,Central,SKU-SKU-402,427,11.4,1106,1140,0,0,461,782,95
12/9/2024,DC-05,Central,SKU-SKU-402,347,5,1140,1169,0,0,377,782,95
12/16/2024,DC-05,Central,SKU-SKU-402,411,12.4,1169,1195,0,0,437,782,95
12/23/2024,DC-05,Central,SKU-SKU-402,386,12.5,1195,809,0,0,0,782,95
12/30/2024,DC-05,Central,SKU-SKU-402,463,10.5,809,809,0,0,463,782,95
1/6/2025,DC-05,Central,SKU-SKU-402,338,12.5,809,825,0,0,353,782,95
1/13/2025,DC-05,Central,SKU-SKU-402,291,10.9,825,977,0,0,443,782,95
1/20/2025,DC-05,Central,SKU-SKU-402,342,11.9,977,1111,0,0,476,782,95
1/27/2025,DC-05,Central,SKU-SKU-402,489,12,1111,1038,0,0,416,782,95
2/3/2025,DC-05,Central,SKU-SKU-402,488,11.1,1038,974,0,0,424,782,95
2/10/2025,DC-05,Central,SKU-SKU-402,424,6.5,974,1041,0,0,492,782,95
2/17/2025,DC-05,Central,SKU-SKU-402,432,8.1,1041,1037,0,0,428,782,95
2/24/2025,DC-05,Central,SKU-SKU-402,367,12.1,1037,1121,0,0,451,782,95
3/3/2025,DC-05,Central,SKU-SKU-402,407,10.2,1121,1092,0,0,379,782,95
3/10/2025,DC-05,Central,SKU-SKU-402,473,15.3,1092,1008,0,0,389,782,95
3/17/2025,DC-05,Central,SKU-SKU-402,492,9.3,1008,934,0,0,417,782,95
3/24/2025,DC-05,Central,SKU-SKU-402,459,12.3,934,918,0,0,443,782,95
3/31/2025,DC-05,Central,SKU-SKU-402,338,14.5,918,1071,0,0,491,782,95
4/7/2025,DC-05,Central,SKU-SKU-402,422,11.7,1071,1093,0,0,444,782,95
4/14/2025,DC-05,Central,SKU-SKU-402,550,7.8,1093,932,0,0,389,782,95
4/21/2025,DC-05,Central,SKU-SKU-402,530,18.8,932,764,0,0,363,782,95
4/28/2025,DC-05,Central,SKU-SKU-402,469,19.4,764,800,0,0,505,782,95
5/5/2025,DC-05,Central,SKU-SKU-402,442,14,800,757,0,0,399,782,95
5/12/2025,DC-05,Central,SKU-SKU-402,520,12.9,757,701,0,0,463,782,95
5/19/2025,DC-05,Central,SKU-SKU-402,338,9.4,701,792,0,0,429,782,95
5/26/2025,DC-05,Central,SKU-SKU-402,512,11.3,792,649,0,0,369,782,95
6/2/2025,DC-05,Central,SKU-SKU-402,376,11.5,649,664,0,0,390,782,95
6/9/2025,DC-05,Central,SKU-SKU-402,472,11.3,664,570,0,0,377,782,95
6/16/2025,DC-05,Central,SKU-SKU-402,290,10.5,570,687,0,0,407,782,95
6/23/2025,DC-05,Central,SKU-SKU-402,344,14,687,705,0,0,363,782,95
6/30/2025,DC-05,Central,SKU-SKU-402,440,14,705,696,0,0,430,782,95
7/7/2025,DC-05,Central,SKU-SKU-402,421,9.8,696,670,0,0,395,782,95
7/14/2025,DC-05,Central,SKU-SKU-402,413,13.1,670,638,0,0,381,782,95
7/21/2025,DC-05,Central,SKU-SKU-402,366,8.3,638,685,0,0,413,782,95
7/28/2025,DC-05,Central,SKU-SKU-402,284,12.7,685,868,0,0,467,782,95
8/4/2025,DC-05,Central,SKU-SKU-402,298,10.7,868,1051,0,0,481,782,95
8/11/2025,DC-05,Central,SKU-SKU-402,265,9.4,1051,1289,0,0,503,782,95
8/18/2025,DC-05,Central,SKU-SKU-402,372,8.7,1289,916,0,0,0,782,95
8/25/2025,DC-05,Central,SKU-SKU-402,255,9.1,916,1076,0,0,415,782,95
9/1/2025,DC-05,Central,SKU-SKU-402,226,14,1076,1207,0,0,358,782,95
9/8/2025,DC-05,Central,SKU-SKU-402,379,12.3,1207,828,0,0,0,782,95
9/15/2025,DC-05,Central,SKU-SKU-402,339,9,828,904,0,0,415,782,95
9/22/2025,DC-05,Central,SKU-SKU-402,299,7.3,904,992,0,0,387,782,95
9/29/2025,DC-05,Central,SKU-SKU-402,249,9.9,992,1118,0,0,375,782,95
10/6/2025,DC-05,Central,SKU-SKU-402,355,10,1118,1271,0,0,508,782,95
10/13/2025,DC-05,Central,SKU-SKU-402,401,20,1271,869,0,0,0,782,95
10/20/2025,DC-05,Central,SKU-SKU-402,483,11.4,869,855,0,0,468,782,95
10/27/2025,DC-05,Central,SKU-SKU-402,225,13.8,855,1041,0,0,411,782,95
11/3/2025,DC-05,Central,SKU-SKU-402,358,12,1041,1048,0,0,365,782,95
11/10/2025,DC-05,Central,SKU-SKU-402,351,12.6,1048,1204,0,0,507,782,95
11/17/2025,DC-05,Central,SKU-SKU-402,470,13.1,1204,733,0,0,0,782,95
11/24/2025,DC-05,Central,SKU-SKU-402,332,11.7,733,824,0,0,423,782,95
12/1/2025,DC-05,Central,SKU-SKU-402,497,14.7,824,706,0,0,379,782,95
12/8/2025,DC-05,Central,SKU-SKU-402,457,9.6,706,717,0,0,468,782,95
12/15/2025,DC-05,Central,SKU-SKU-402,472,13.4,717,664,0,0,419,782,95
12/22/2025,DC-05,Central,SKU-SKU-402,320,10.4,664,812,0,0,467,782,95
12/29/2025,DC-05,Central,SKU-SKU-402,343,6.4,812,872,0,0,404,782,95
1/5/2026,DC-05,Central,SKU-SKU-402,319,11.8,872,949,0,0,395,782,95
1/12/2026,DC-05,Central,SKU-SKU-402,359,10.7,949,977,0,0,387,782,95
1/19/2026,DC-05,Central,SKU-SKU-402,302,14.1,977,1028,0,0,353,782,95
1/26/2026,DC-05,Central,SKU-SKU-402,370,12.2,1028,1055,0,0,397,782,95
2/2/2026,DC-05,Central,SKU-SKU-402,440,13.3,1055,998,0,0,382,782,95
2/9/2026,DC-05,Central,SKU-SKU-402,406,13.3,998,1080,0,0,489,782,95
2/16/2026,DC-05,Central,SKU-SKU-402,358,9,1080,1109,0,0,388,782,95
2/23/2026,DC-05,Central,SKU-SKU-402,563,11.2,1109,944,0,0,397,782,95
3/2/2026,DC-05,Central,SKU-SKU-402,485,13.7,944,834,0,0,375,782,95
3/9/2026,DC-05,Central,SKU-SKU-402,542,10.9,834,758,0,0,466,782,95
3/16/2026,DC-05,Central,SKU-SKU-402,550,10.7,758,615,0,0,408,782,95
3/23/2026,DC-05,Central,SKU-SKU-402,248,7.1,615,804,0,0,436,782,95
3/30/2026,DC-05,Central,SKU-SKU-402,450,12,804,778,0,0,424,782,95
4/6/2026,DC-05,Central,SKU-SKU-402,425,9.4,778,730,0,0,377,782,95
4/13/2026,DC-05,Central,SKU-SKU-402,501,15.4,730,594,0,0,365,782,95
4/20/2026,DC-05,Central,SKU-SKU-402,350,11.6,594,715,0,0,471,782,95
4/27/2026,DC-05,Central,SKU-SKU-402,428,10.9,715,756,0,0,468,782,95
5/4/2026,DC-05,Central,SKU-SKU-402,482,11.3,756,705,0,0,432,782,95
5/11/2026,DC-05,Central,SKU-SKU-402,347,12.9,705,798,0,0,440,782,95
5/18/2026,DC-05,Central,SKU-SKU-402,370,7.7,798,854,0,0,427,782,95
5/25/2026,DC-05,Central,SKU-SKU-402,385,13.6,854,885,0,0,415,782,95
6/1/2026,DC-05,Central,SKU-SKU-402,496,6.9,885,794,0,0,405,782,95
6/8/2026,DC-05,Central,SKU-SKU-402,507,8.6,794,690,0,0,404,782,95
6/15/2026,DC-05,Central,SKU-SKU-402,333,10.3,690,816,0,0,460,782,95
6/22/2026,DC-05,Central,SKU-SKU-402,427,10.3,816,859,0,0,470,782,95
6/29/2026,DC-05,Central,SKU-SKU-402,314,13.6,859,907,0,0,363,782,95
7/6/2026,DC-05,Central,SKU-SKU-402,384,9.7,907,950,0,0,426,782,95
7/13/2026,DC-05,Central,SKU-SKU-402,307,10.5,950,1095,0,0,452,782,95
7/20/2026,DC-05,Central,SKU-SKU-402,465,15.3,1095,1070,0,0,440,782,95
7/27/2026,DC-05,Central,SKU-SKU-402,491,9.9,1070,959,0,0,380,782,95
8/3/2026,DC-05,Central,SKU-SKU-402,376,12.3,959,1009,0,0,426,782,95
8/10/2026,DC-05,Central,SKU-SKU-402,353,10.1,1009,1119,0,0,462,782,95
8/17/2026,DC-05,Central,SKU-SKU-402,377,6.6,1119,1127,0,0,385,782,95
8/24/2026,DC-05,Central,SKU-SKU-402,343,8.1,1127,1138,0,0,354,782,95
9/2/2024,DC-05,Central,SKU-SKU-403,464,14.8,991,527,0,0,0,661,95
9/9/2024,DC-05,Central,SKU-SKU-403,251,11,527,656,0,0,379,661,95
9/16/2024,DC-05,Central,SKU-SKU-403,14,7.3,656,1046,0,0,404,661,95
9/23/2024,DC-05,Central,SKU-SKU-403,244,13,1046,801,0,0,0,661,95
9/30/2024,DC-05,Central,SKU-SKU-403,520,6.1,801,638,0,0,356,661,95
10/7/2024,DC-05,Central,SKU-SKU-403,408,7.2,638,615,0,0,385,661,95
10/14/2024,DC-05,Central,SKU-SKU-403,291,13,615,634,0,0,310,661,95
10/21/2024,DC-05,Central,SKU-SKU-403,417,11.4,634,604,0,0,386,661,95
10/28/2024,DC-05,Central,SKU-SKU-403,200,12.5,604,805,0,0,402,661,95
11/4/2024,DC-05,Central,SKU-SKU-403,236,10.2,805,931,0,0,362,661,95
11/11/2024,DC-05,Central,SKU-SKU-403,208,10.6,931,1053,0,0,331,661,95
11/18/2024,DC-05,Central,SKU-SKU-403,419,8.7,1053,634,0,0,0,661,95
11/25/2024,DC-05,Central,SKU-SKU-403,463,10.2,634,568,0,0,397,661,95
12/2/2024,DC-05,Central,SKU-SKU-403,42,8.4,568,864,0,0,338,661,95
12/9/2024,DC-05,Central,SKU-SKU-403,158,8.4,864,1021,0,0,315,661,95
12/16/2024,DC-05,Central,SKU-SKU-403,437,10.8,1021,584,0,0,0,661,95
12/23/2024,DC-05,Central,SKU-SKU-403,3,7.5,584,907,0,0,326,661,95
12/30/2024,DC-05,Central,SKU-SKU-403,443,6.8,907,797,0,0,333,661,95
1/6/2025,DC-05,Central,SKU-SKU-403,643,11.2,797,500,0,0,346,661,95
1/13/2025,DC-05,Central,SKU-SKU-403,106,10,500,770,0,0,376,661,95
1/20/2025,DC-05,Central,SKU-SKU-403,701,14.7,770,482,0,0,413,661,95
1/27/2025,DC-05,Central,SKU-SKU-403,471,10.9,482,420,0,0,409,661,95
2/3/2025,DC-05,Central,SKU-SKU-403,322,6.4,420,522,0,0,424,661,95
2/10/2025,DC-05,Central,SKU-SKU-403,398,10.9,522,468,0,0,345,661,95
2/17/2025,DC-05,Central,SKU-SKU-403,425,10.5,468,461,0,0,418,661,95
2/24/2025,DC-05,Central,SKU-SKU-403,367,13.9,461,521,0,0,428,661,95
3/3/2025,DC-05,Central,SKU-SKU-403,417,13.5,521,420,0,0,316,661,95
3/10/2025,DC-05,Central,SKU-SKU-403,374,14.9,420,456,0,0,411,661,95
3/17/2025,DC-05,Central,SKU-SKU-403,577,8,456,413,1,120,413,661,95
3/24/2025,DC-05,Central,SKU-SKU-403,380,13.3,413,391,0,0,358,661,95
3/31/2025,DC-05,Central,SKU-SKU-403,588,15.7,391,353,1,197,353,661,95
4/7/2025,DC-05,Central,SKU-SKU-403,486,13.1,353,370,1,133,370,661,95
4/14/2025,DC-05,Central,SKU-SKU-403,292,9.9,370,492,0,0,414,661,95
4/21/2025,DC-05,Central,SKU-SKU-403,545,6.9,492,400,1,53,400,661,95
4/28/2025,DC-05,Central,SKU-SKU-403,216,12.8,400,517,0,0,333,661,95
5/5/2025,DC-05,Central,SKU-SKU-403,479,14.1,517,432,0,0,395,661,95
5/12/2025,DC-05,Central,SKU-SKU-403,229,11.2,432,544,0,0,341,661,95
5/19/2025,DC-05,Central,SKU-SKU-403,77,11.5,544,830,0,0,362,661,95
5/26/2025,DC-05,Central,SKU-SKU-403,565,9.9,830,589,0,0,324,661,95
6/2/2025,DC-05,Central,SKU-SKU-403,535,7.8,589,427,0,0,373,661,95
6/9/2025,DC-05,Central,SKU-SKU-403,327,12.3,427,489,0,0,389,661,95
6/16/2025,DC-05,Central,SKU-SKU-403,22,10.9,489,865,0,0,398,661,95
6/23/2025,DC-05,Central,SKU-SKU-403,261,11.2,865,945,0,0,340,661,95
6/30/2025,DC-05,Central,SKU-SKU-403,316,12.1,945,962,0,0,333,661,95
7/7/2025,DC-05,Central,SKU-SKU-403,353,10.1,962,1011,0,0,402,661,95
7/14/2025,DC-05,Central,SKU-SKU-403,489,9.3,1011,522,0,0,0,661,95
7/21/2025,DC-05,Central,SKU-SKU-403,67,12.9,522,790,0,0,336,661,95
7/28/2025,DC-05,Central,SKU-SKU-403,392,7.1,790,788,0,0,390,661,95
8/4/2025,DC-05,Central,SKU-SKU-403,341,10.2,788,767,0,0,321,661,95
8/11/2025,DC-05,Central,SKU-SKU-403,419,10.6,767,764,0,0,415,661,95
8/18/2025,DC-05,Central,SKU-SKU-403,232,10.3,764,839,0,0,307,661,95
8/25/2025,DC-05,Central,SKU-SKU-403,356,9.7,839,861,0,0,378,661,95
9/1/2025,DC-05,Central,SKU-SKU-403,545,11.1,861,639,0,0,323,661,95
9/8/2025,DC-05,Central,SKU-SKU-403,190,10.6,639,767,0,0,317,661,95
9/15/2025,DC-05,Central,SKU-SKU-403,543,15.2,767,639,0,0,415,661,95
9/22/2025,DC-05,Central,SKU-SKU-403,0,7.8,639,997,0,0,358,661,95
9/29/2025,DC-05,Central,SKU-SKU-403,488,8.2,997,509,0,0,0,661,95
10/6/2025,DC-05,Central,SKU-SKU-403,0,16,509,927,0,0,418,661,95
10/13/2025,DC-05,Central,SKU-SKU-403,306,12,927,993,0,0,372,661,95
10/20/2025,DC-05,Central,SKU-SKU-403,11,7.6,993,982,0,0,0,661,95
10/27/2025,DC-05,Central,SKU-SKU-403,530,8.3,982,846,0,0,393,661,95
11/3/2025,DC-05,Central,SKU-SKU-403,253,15.9,846,970,0,0,377,661,95
11/10/2025,DC-05,Central,SKU-SKU-403,383,9.6,970,977,0,0,391,661,95
11/17/2025,DC-05,Central,SKU-SKU-403,125,13,977,1259,0,0,406,661,95
11/24/2025,DC-05,Central,SKU-SKU-403,96,19.1,1259,1162,0,0,0,661,95
12/1/2025,DC-05,Central,SKU-SKU-403,426,9.4,1162,737,0,0,0,661,95
12/8/2025,DC-05,Central,SKU-SKU-403,575,11.3,737,494,0,0,332,661,95
12/15/2025,DC-05,Central,SKU-SKU-403,220,13.7,494,697,0,0,423,661,95
12/22/2025,DC-05,Central,SKU-SKU-403,302,11.6,697,753,0,0,359,661,95
12/29/2025,DC-05,Central,SKU-SKU-403,284,13,753,779,0,0,310,661,95
1/5/2026,DC-05,Central,SKU-SKU-403,318,10.7,779,775,0,0,314,661,95
1/12/2026,DC-05,Central,SKU-SKU-403,247,13.4,775,861,0,0,333,661,95
1/19/2026,DC-05,Central,SKU-SKU-403,436,8.4,861,738,0,0,313,661,95
1/26/2026,DC-05,Central,SKU-SKU-403,244,10.2,738,814,0,0,320,661,95
2/2/2026,DC-05,Central,SKU-SKU-403,264,10.8,814,888,0,0,338,661,95
2/9/2026,DC-05,Central,SKU-SKU-403,272,15,888,1028,0,0,412,661,95
2/16/2026,DC-05,Central,SKU-SKU-403,473,14.4,1028,556,0,0,0,661,95
2/23/2026,DC-05,Central,SKU-SKU-403,308,11.9,556,644,0,0,397,661,95
3/2/2026,DC-05,Central,SKU-SKU-403,58,13.2,644,1003,0,0,417,661,95
3/9/2026,DC-05,Central,SKU-SKU-403,397,9.4,1003,606,0,0,0,661,95
3/16/2026,DC-05,Central,SKU-SKU-403,370,17.9,606,595,0,0,359,661,95
3/23/2026,DC-05,Central,SKU-SKU-403,534,16.7,595,452,0,0,391,661,95
3/30/2026,DC-05,Central,SKU-SKU-403,268,12.7,452,567,0,0,383,661,95
4/6/2026,DC-05,Central,SKU-SKU-403,275,13.1,567,638,0,0,346,661,95
4/13/2026,DC-05,Central,SKU-SKU-403,504,13.4,638,520,0,0,387,661,95
4/20/2026,DC-05,Central,SKU-SKU-403,461,13.5,520,374,0,0,314,661,95
4/27/2026,DC-05,Central,SKU-SKU-403,76,9.9,374,701,0,0,403,661,95
5/4/2026,DC-05,Central,SKU-SKU-403,325,9.3,701,692,0,0,317,661,95
5/11/2026,DC-05,Central,SKU-SKU-403,474,11.9,692,558,0,0,340,661,95
5/18/2026,DC-05,Central,SKU-SKU-403,464,11.7,558,487,0,0,394,661,95
5/25/2026,DC-05,Central,SKU-SKU-403,375,12.7,487,418,0,0,305,661,95
6/1/2026,DC-05,Central,SKU-SKU-403,370,8.5,418,391,0,0,343,661,95
6/8/2026,DC-05,Central,SKU-SKU-403,395,15,391,352,1,4,352,661,95
6/15/2026,DC-05,Central,SKU-SKU-403,202,12.7,352,533,0,0,383,661,95
6/22/2026,DC-05,Central,SKU-SKU-403,505,11.9,533,370,0,0,342,661,95
6/29/2026,DC-05,Central,SKU-SKU-403,325,11.1,370,407,0,0,362,661,95
7/6/2026,DC-05,Central,SKU-SKU-403,373,17.6,407,436,0,0,402,661,95
7/13/2026,DC-05,Central,SKU-SKU-403,0,9.9,436,748,0,0,311,661,95
7/20/2026,DC-05,Central,SKU-SKU-403,129,14.4,748,1026,0,0,408,661,95
7/27/2026,DC-05,Central,SKU-SKU-403,353,11,1026,673,0,0,0,661,95
8/3/2026,DC-05,Central,SKU-SKU-403,140,8.6,673,922,0,0,388,661,95
8/10/2026,DC-05,Central,SKU-SKU-403,516,12.1,922,816,0,0,409,661,95
8/17/2026,DC-05,Central,SKU-SKU-403,273,10.6,816,898,0,0,355,661,95
8/24/2026,DC-05,Central,SKU-SKU-403,270,9.8,898,1018,0,0,390,661,95
9/2/2024,DC-05,Central,SKU-501,302,16,652,351,0,0,0,435,95
9/9/2024,DC-05,Central,SKU-501,223,11.9,351,327,0,0,199,435,95
9/16/2024,DC-05,Central,SKU-501,163,11.3,327,389,0,0,225,435,95
9/23/2024,DC-05,Central,SKU-501,168,9.4,389,429,0,0,208,435,95
9/30/2024,DC-05,Central,SKU-501,263,13,429,370,0,0,203,435,95
10/7/2024,DC-05,Central,SKU-501,188,9.5,370,380,0,0,198,435,95
10/14/2024,DC-05,Central,SKU-501,149,9.1,380,454,0,0,223,435,95
10/21/2024,DC-05,Central,SKU-501,175,12.4,454,519,0,0,241,435,95
10/28/2024,DC-05,Central,SKU-501,182,12.2,519,594,0,0,257,435,95
11/4/2024,DC-05,Central,SKU-501,35,7.4,594,811,0,0,252,435,95
11/11/2024,DC-05,Central,SKU-501,331,10.4,811,480,0,0,0,435,95
11/18/2024,DC-05,Central,SKU-501,242,7.2,480,455,0,0,217,435,95
11/25/2024,DC-05,Central,SKU-501,201,15.2,455,504,0,0,251,435,95
12/2/2024,DC-05,Central,SKU-501,85,9.9,504,666,0,0,247,435,95
12/9/2024,DC-05,Central,SKU-501,235,8.7,666,431,0,0,0,435,95
12/16/2024,DC-05,Central,SKU-501,297,8.6,431,370,0,0,235,435,95
12/23/2024,DC-05,Central,SKU-501,346,7.4,370,251,0,0,226,435,95
12/30/2024,DC-05,Central,SKU-501,151,8.4,251,311,0,0,212,435,95
1/6/2025,DC-05,Central,SKU-501,228,8.3,311,351,0,0,268,435,95
1/13/2025,DC-05,Central,SKU-501,104,7.2,351,449,0,0,202,435,95
1/20/2025,DC-05,Central,SKU-501,169,14.9,449,555,0,0,275,435,95
1/27/2025,DC-05,Central,SKU-501,145,10.6,555,608,0,0,198,435,95
2/3/2025,DC-05,Central,SKU-501,202,8.6,608,645,0,0,240,435,95
2/10/2025,DC-05,Central,SKU-501,220,14.2,645,628,0,0,203,435,95
2/17/2025,DC-05,Central,SKU-501,191,10.7,628,663,0,0,226,435,95
2/24/2025,DC-05,Central,SKU-501,112,15.3,663,551,0,0,0,435,95
3/3/2025,DC-05,Central,SKU-501,301,6.5,551,477,0,0,227,435,95
3/10/2025,DC-05,Central,SKU-501,397,12.3,477,313,0,0,233,435,95
3/17/2025,DC-05,Central,SKU-501,168,6.5,313,364,0,0,219,435,95
3/24/2025,DC-05,Central,SKU-501,338,12.7,364,287,0,0,262,435,95
3/31/2025,DC-05,Central,SKU-501,276,10.5,287,287,0,0,276,435,95
4/7/2025,DC-05,Central,SKU-501,124,7.7,287,419,0,0,256,435,95
4/14/2025,DC-05,Central,SKU-501,132,15.4,419,564,0,0,278,435,95
4/21/2025,DC-05,Central,SKU-501,239,13.5,564,557,0,0,232,435,95
4/28/2025,DC-05,Central,SKU-501,122,8.9,557,633,0,0,199,435,95
5/5/2025,DC-05,Central,SKU-501,260,8.6,633,606,0,0,233,435,95
5/12/2025,DC-05,Central,SKU-501,242,10.5,606,568,0,0,204,435,95
5/19/2025,DC-05,Central,SKU-501,263,11.6,568,537,0,0,233,435,95
5/26/2025,DC-05,Central,SKU-501,268,4.7,537,528,0,0,258,435,95
6/2/2025,DC-05,Central,SKU-501,146,11.3,528,659,0,0,277,435,95
6/9/2025,DC-05,Central,SKU-501,247,8.6,659,412,0,0,0,435,95
6/16/2025,DC-05,Central,SKU-501,221,13.5,412,448,0,0,256,435,95
6/23/2025,DC-05,Central,SKU-501,142,7.2,448,511,0,0,206,435,95
6/30/2025,DC-05,Central,SKU-501,194,10.5,511,595,0,0,277,435,95
7/7/2025,DC-05,Central,SKU-501,156,5.7,595,694,0,0,256,435,95
7/14/2025,DC-05,Central,SKU-501,130,11.1,694,565,0,0,0,435,95
7/21/2025,DC-05,Central,SKU-501,227,17.2,565,619,0,0,281,435,95
7/28/2025,DC-05,Central,SKU-501,204,10,619,697,0,0,282,435,95
8/4/2025,DC-05,Central,SKU-501,391,8.4,697,306,0,0,0,435,95
8/11/2025,DC-05,Central,SKU-501,196,11,306,384,0,0,274,435,95
8/18/2025,DC-05,Central,SKU-501,486,11.8,384,242,1,103,242,435,95
8/25/2025,DC-05,Central,SKU-501,216,11.3,242,308,0,0,282,435,95
9/1/2025,DC-05,Central,SKU-501,268,11.2,308,261,0,0,222,435,95
9/8/2025,DC-05,Central,SKU-501,296,11.1,261,222,1,34,222,435,95
9/15/2025,DC-05,Central,SKU-501,160,12.3,222,267,0,0,205,435,95
9/22/2025,DC-05,Central,SKU-501,108,15.3,267,378,0,0,220,435,95
9/29/2025,DC-05,Central,SKU-501,176,14.7,378,436,0,0,234,435,95
10/6/2025,DC-05,Central,SKU-501,176,10,436,461,0,0,200,435,95
10/13/2025,DC-05,Central,SKU-501,234,12,461,442,0,0,215,435,95
10/20/2025,DC-05,Central,SKU-501,128,12.2,442,511,0,0,198,435,95
10/27/2025,DC-05,Central,SKU-501,147,10.2,511,584,0,0,220,435,95
11/3/2025,DC-05,Central,SKU-501,135,9.1,584,708,0,0,258,435,95
11/10/2025,DC-05,Central,SKU-501,278,12.1,708,430,0,0,0,435,95
11/17/2025,DC-05,Central,SKU-501,262,8.4,430,399,0,0,231,435,95
11/24/2025,DC-05,Central,SKU-501,220,11.7,399,377,0,0,198,435,95
12/1/2025,DC-05,Central,SKU-501,136,12.3,377,470,0,0,230,435,95
12/8/2025,DC-05,Central,SKU-501,192,8.6,470,519,0,0,242,435,95
12/15/2025,DC-05,Central,SKU-501,310,13.4,519,439,0,0,230,435,95
12/22/2025,DC-05,Central,SKU-501,249,7.1,439,418,0,0,228,435,95
12/29/2025,DC-05,Central,SKU-501,388,8.3,418,229,0,0,198,435,95
1/5/2026,DC-05,Central,SKU-501,252,12.4,229,257,1,23,257,435,95
1/12/2026,DC-05,Central,SKU-501,242,12.5,257,261,0,0,246,435,95
1/19/2026,DC-05,Central,SKU-501,208,13.6,261,301,0,0,248,435,95
1/26/2026,DC-05,Central,SKU-501,288,13,301,277,0,0,263,435,95
2/2/2026,DC-05,Central,SKU-501,221,11.6,277,258,0,0,202,435,95
2/9/2026,DC-05,Central,SKU-501,224,11.4,258,268,0,0,235,435,95
2/16/2026,DC-05,Central,SKU-501,398,16.4,268,200,1,130,200,435,95
2/23/2026,DC-05,Central,SKU-501,357,11.8,200,228,1,156,228,435,95
3/2/2026,DC-05,Central,SKU-501,226,7.6,228,251,0,0,250,435,95
3/9/2026,DC-05,Central,SKU-501,312,8.1,251,244,1,60,244,435,95
3/16/2026,DC-05,Central,SKU-501,229,15.5,244,296,0,0,281,435,95
3/23/2026,DC-05,Central,SKU-501,294,12.1,296,217,0,0,216,435,95
3/30/2026,DC-05,Central,SKU-501,81,9.1,217,392,0,0,255,435,95
4/6/2026,DC-05,Central,SKU-501,127,16.3,392,497,0,0,233,435,95
4/13/2026,DC-05,Central,SKU-501,322,13.2,497,403,0,0,228,435,95
4/20/2026,DC-05,Central,SKU-501,120,14.2,403,541,0,0,259,435,95
4/27/2026,DC-05,Central,SKU-501,274,8.3,541,525,0,0,257,435,95
5/4/2026,DC-05,Central,SKU-501,233,8,525,541,0,0,248,435,95
5/11/2026,DC-05,Central,SKU-501,244,17.8,541,541,0,0,245,435,95
5/18/2026,DC-05,Central,SKU-501,141,9.4,541,652,0,0,252,435,95
5/25/2026,DC-05,Central,SKU-501,235,8.7,652,675,0,0,258,435,95
6/1/2026,DC-05,Central,SKU-501,178,11.5,675,497,0,0,0,435,95
6/8/2026,DC-05,Central,SKU-501,357,10.7,497,422,0,0,282,435,95
6/15/2026,DC-05,Central,SKU-501,253,9.8,422,445,0,0,276,435,95
6/22/2026,DC-05,Central,SKU-501,169,7,445,525,0,0,249,435,95
6/29/2026,DC-05,Central,SKU-501,217,10.5,525,547,0,0,238,435,95
7/6/2026,DC-05,Central,SKU-501,42,8.4,547,763,0,0,258,435,95
7/13/2026,DC-05,Central,SKU-501,169,15.6,763,593,0,0,0,435,95
7/20/2026,DC-05,Central,SKU-501,157,13.5,593,645,0,0,209,435,95
7/27/2026,DC-05,Central,SKU-501,164,15.1,645,763,0,0,282,435,95
8/3/2026,DC-05,Central,SKU-501,162,8.2,763,601,0,0,0,435,95
8/10/2026,DC-05,Central,SKU-501,189,12.1,601,624,0,0,212,435,95
8/17/2026,DC-05,Central,SKU-501,199,8.8,624,651,0,0,227,435,95
8/24/2026,DC-05,Central,SKU-501,119,10.7,651,733,0,0,201,435,95
9/2/2024,DC-05,Central,SKU-502,275,12.8,963,688,0,0,0,642,95
9/9/2024,DC-05,Central,SKU-502,286,12.5,688,743,0,0,341,642,95
9/16/2024,DC-05,Central,SKU-502,290,9.2,743,819,0,0,365,642,95
9/23/2024,DC-05,Central,SKU-502,232,11.2,819,916,0,0,330,642,95
9/30/2024,DC-05,Central,SKU-502,347,15.4,916,967,0,0,398,642,95
10/7/2024,DC-05,Central,SKU-502,213,9.9,967,753,0,0,0,642,95
10/14/2024,DC-05,Central,SKU-502,295,11,753,803,0,0,344,642,95
10/21/2024,DC-05,Central,SKU-502,299,13.1,803,808,0,0,304,642,95
10/28/2024,DC-05,Central,SKU-502,287,11.7,808,875,0,0,355,642,95
11/4/2024,DC-05,Central,SKU-502,283,15.6,875,994,0,0,402,642,95
11/11/2024,DC-05,Central,SKU-502,221,8.1,994,773,0,0,0,642,95
11/18/2024,DC-05,Central,SKU-502,261,8.1,773,909,0,0,397,642,95
11/25/2024,DC-05,Central,SKU-502,387,9.7,909,896,0,0,374,642,95
12/2/2024,DC-05,Central,SKU-502,285,10.6,896,969,0,0,358,642,95
12/9/2024,DC-05,Central,SKU-502,343,10.7,969,626,0,0,0,642,95
12/16/2024,DC-05,Central,SKU-502,292,10.1,626,633,0,0,299,642,95
12/23/2024,DC-05,Central,SKU-502,270,9.6,633,662,0,0,299,642,95
12/30/2024,DC-05,Central,SKU-502,370,15.6,662,638,0,0,346,642,95
1/6/2025,DC-05,Central,SKU-502,418,14.3,638,617,0,0,396,642,95
1/13/2025,DC-05,Central,SKU-502,351,8.2,617,568,0,0,303,642,95
1/20/2025,DC-05,Central,SKU-502,258,10,568,682,0,0,372,642,95
1/27/2025,DC-05,Central,SKU-502,291,12.3,682,741,0,0,350,642,95
2/3/2025,DC-05,Central,SKU-502,383,7.7,741,772,0,0,415,642,95
2/10/2025,DC-05,Central,SKU-502,368,9,772,791,0,0,387,642,95
2/17/2025,DC-05,Central,SKU-502,436,11.1,791,748,0,0,392,642,95
2/24/2025,DC-05,Central,SKU-502,356,7.5,748,755,0,0,363,642,95
3/3/2025,DC-05,Central,SKU-502,402,10.7,755,681,0,0,328,642,95
3/10/2025,DC-05,Central,SKU-502,365,13.2,681,619,0,0,304,642,95
3/17/2025,DC-05,Central,SKU-502,195,11,619,828,0,0,404,642,95
3/24/2025,DC-05,Central,SKU-502,443,10.8,828,731,0,0,346,642,95
3/31/2025,DC-05,Central,SKU-502,351,15,731,697,0,0,317,642,95
4/7/2025,DC-05,Central,SKU-502,382,12.2,697,728,0,0,414,642,95
4/14/2025,DC-05,Central,SKU-502,290,9.6,728,853,0,0,415,642,95
4/21/2025,DC-05,Central,SKU-502,340,6.8,853,921,0,0,408,642,95
4/28/2025,DC-05,Central,SKU-502,362,8.9,921,953,0,0,393,642,95
5/5/2025,DC-05,Central,SKU-502,375,7.7,953,937,0,0,360,642,95
5/12/2025,DC-05,Central,SKU-502,528,7.9,937,728,0,0,320,642,95
5/19/2025,DC-05,Central,SKU-502,421,9.6,728,695,0,0,388,642,95
5/26/2025,DC-05,Central,SKU-502,313,12.1,695,784,0,0,402,642,95
6/2/2025,DC-05,Central,SKU-502,315,9.3,784,770,0,0,302,642,95
6/9/2025,DC-05,Central,SKU-502,382,8.6,770,794,0,0,406,642,95
6/16/2025,DC-05,Central,SKU-502,372,10.1,794,787,0,0,364,642,95
6/23/2025,DC-05,Central,SKU-502,297,16.1,787,871,0,0,381,642,95
6/30/2025,DC-05,Central,SKU-502,386,9.5,871,858,0,0,373,642,95
7/7/2025,DC-05,Central,SKU-502,277,13.6,858,882,0,0,301,642,95
7/14/2025,DC-05,Central,SKU-502,254,9.4,882,975,0,0,348,642,95
7/21/2025,DC-05,Central,SKU-502,299,6.5,975,676,0,0,0,642,95
7/28/2025,DC-05,Central,SKU-502,231,15.8,676,782,0,0,337,642,95
8/4/2025,DC-05,Central,SKU-502,167,12.8,782,984,0,0,370,642,95
8/11/2025,DC-05,Central,SKU-502,304,12.6,984,680,0,0,0,642,95
8/18/2025,DC-05,Central,SKU-502,223,12.3,680,772,0,0,315,642,95
8/25/2025,DC-05,Central,SKU-502,260,14.5,772,846,0,0,334,642,95
9/1/2025,DC-05,Central,SKU-502,314,8.2,846,831,0,0,299,642,95
9/8/2025,DC-05,Central,SKU-502,197,6.2,831,935,0,0,301,642,95
9/15/2025,DC-05,Central,SKU-502,226,12.4,935,1052,0,0,344,642,95
9/22/2025,DC-05,Central,SKU-502,370,9.7,1052,681,0,0,0,642,95
9/29/2025,DC-05,Central,SKU-502,289,9,681,734,0,0,342,642,95
10/6/2025,DC-05,Central,SKU-502,263,12.7,734,823,0,0,352,642,95
10/13/2025,DC-05,Central,SKU-502,302,11.4,823,935,0,0,413,642,95
10/20/2025,DC-05,Central,SKU-502,156,14.8,935,1192,0,0,413,642,95
10/27/2025,DC-05,Central,SKU-502,311,15.4,1192,881,0,0,0,642,95
11/3/2025,DC-05,Central,SKU-502,334,14.8,881,866,0,0,319,642,95
11/10/2025,DC-05,Central,SKU-502,289,18.3,866,983,0,0,406,642,95
11/17/2025,DC-05,Central,SKU-502,114,11.8,983,869,0,0,0,642,95
11/24/2025,DC-05,Central,SKU-502,263,8.7,869,1004,0,0,399,642,95
12/1/2025,DC-05,Central,SKU-502,275,12,1004,729,0,0,0,642,95
12/8/2025,DC-05,Central,SKU-502,265,12,729,788,0,0,325,642,95
12/15/2025,DC-05,Central,SKU-502,334,10.2,788,794,0,0,340,642,95
12/22/2025,DC-05,Central,SKU-502,440,13.7,794,760,0,0,406,642,95
12/29/2025,DC-05,Central,SKU-502,263,6.5,760,798,0,0,301,642,95
1/5/2026,DC-05,Central,SKU-502,232,6.8,798,858,0,0,292,642,95
1/12/2026,DC-05,Central,SKU-502,397,9.9,858,815,0,0,354,642,95
1/19/2026,DC-05,Central,SKU-502,387,12.7,815,840,0,0,412,642,95
1/26/2026,DC-05,Central,SKU-502,410,12.8,840,744,0,0,314,642,95
2/2/2026,DC-05,Central,SKU-502,370,16.2,744,780,0,0,406,642,95
2/9/2026,DC-05,Central,SKU-502,399,16.4,780,722,0,0,341,642,95
2/16/2026,DC-05,Central,SKU-502,283,11.1,722,797,0,0,359,642,95
2/23/2026,DC-05,Central,SKU-502,367,7.9,797,746,0,0,316,642,95
3/2/2026,DC-05,Central,SKU-502,356,9.9,746,708,0,0,318,642,95
3/9/2026,DC-05,Central,SKU-502,326,10.1,708,708,0,0,326,642,95
3/16/2026,DC-05,Central,SKU-502,527,10.6,708,514,0,0,333,642,95
3/23/2026,DC-05,Central,SKU-502,344,7.7,514,464,0,0,295,642,95
3/30/2026,DC-05,Central,SKU-502,351,15.8,464,512,0,0,398,642,95
4/6/2026,DC-05,Central,SKU-502,413,10,512,458,0,0,359,642,95
4/13/2026,DC-05,Central,SKU-502,312,13.2,458,493,0,0,347,642,95
4/20/2026,DC-05,Central,SKU-502,419,7.7,493,405,0,0,331,642,95
4/27/2026,DC-05,Central,SKU-502,483,13.2,405,383,1,78,383,642,95
5/4/2026,DC-05,Central,SKU-502,349,13.5,383,391,0,0,358,642,95
5/11/2026,DC-05,Central,SKU-502,391,10.9,391,403,0,0,403,642,95
5/18/2026,DC-05,Central,SKU-502,349,5.3,403,464,0,0,410,642,95
5/25/2026,DC-05,Central,SKU-502,412,12.9,464,379,0,0,326,642,95
6/1/2026,DC-05,Central,SKU-502,260,9.8,379,501,0,0,382,642,95
6/8/2026,DC-05,Central,SKU-502,248,9.3,501,570,0,0,317,642,95
6/15/2026,DC-05,Central,SKU-502,362,9.3,570,541,0,0,334,642,95
6/22/2026,DC-05,Central,SKU-502,330,12.3,541,537,0,0,326,642,95
6/29/2026,DC-05,Central,SKU-502,404,12.9,537,518,0,0,385,642,95
7/6/2026,DC-05,Central,SKU-502,296,9.5,518,532,0,0,311,642,95
7/13/2026,DC-05,Central,SKU-502,215,12.6,532,610,0,0,292,642,95
7/20/2026,DC-05,Central,SKU-502,292,11.3,610,617,0,0,299,642,95
7/27/2026,DC-05,Central,SKU-502,260,12.1,617,741,0,0,384,642,95
8/3/2026,DC-05,Central,SKU-502,360,5.2,741,747,0,0,367,642,95
8/10/2026,DC-05,Central,SKU-502,324,12.8,747,772,0,0,350,642,95
8/17/2026,DC-05,Central,SKU-502,204,3.1,772,867,0,0,299,642,95
8/24/2026,DC-05,Central,SKU-502,279,12.8,867,914,0,0,327,642,95
9/2/2024,DC-05,Central,SKU-503,151,10.4,810,660,0,0,0,540,95
9/9/2024,DC-05,Central,SKU-503,275,5.5,660,709,0,0,324,540,95
9/16/2024,DC-05,Central,SKU-503,160,9.5,709,849,0,0,301,540,95
9/23/2024,DC-05,Central,SKU-503,339,10.6,849,511,0,0,0,540,95
9/30/2024,DC-05,Central,SKU-503,261,8.1,511,552,0,0,302,540,95
10/7/2024,DC-05,Central,SKU-503,233,6.2,552,567,0,0,248,540,95
10/14/2024,DC-05,Central,SKU-503,204,12.5,567,620,0,0,257,540,95
10/21/2024,DC-05,Central,SKU-503,269,8.8,620,642,0,0,291,540,95
10/28/2024,DC-05,Central,SKU-503,271,10.2,642,644,0,0,273,540,95
11/4/2024,DC-05,Central,SKU-503,214,8.7,644,691,0,0,262,540,95
11/11/2024,DC-05,Central,SKU-503,238,11.8,691,706,0,0,254,540,95
11/18/2024,DC-05,Central,SKU-503,257,7.6,706,694,0,0,245,540,95
11/25/2024,DC-05,Central,SKU-503,286,16.2,694,691,0,0,284,540,95
12/2/2024,DC-05,Central,SKU-503,253,10.8,691,723,0,0,285,540,95
12/9/2024,DC-05,Central,SKU-503,220,13.8,723,806,0,0,303,540,95
12/16/2024,DC-05,Central,SKU-503,381,11,806,674,0,0,249,540,95
12/23/2024,DC-05,Central,SKU-503,248,12,674,755,0,0,329,540,95
12/30/2024,DC-05,Central,SKU-503,368,10.2,755,675,0,0,289,540,95
1/6/2025,DC-05,Central,SKU-503,281,6.5,675,716,0,0,322,540,95
1/13/2025,DC-05,Central,SKU-503,282,12.4,716,730,0,0,296,540,95
1/20/2025,DC-05,Central,SKU-503,284,12.9,730,693,0,0,246,540,95
1/27/2025,DC-05,Central,SKU-503,242,13.5,693,738,0,0,287,540,95
2/3/2025,DC-05,Central,SKU-503,284,10.1,738,731,0,0,277,540,95
2/10/2025,DC-05,Central,SKU-503,246,8.1,731,807,0,0,322,540,95
2/17/2025,DC-05,Central,SKU-503,318,12.5,807,764,0,0,275,540,95
2/24/2025,DC-05,Central,SKU-503,334,9.3,764,736,0,0,306,540,95
3/3/2025,DC-05,Central,SKU-503,253,14,736,815,0,0,332,540,95
3/10/2025,DC-05,Central,SKU-503,294,9.9,815,522,0,0,0,540,95
3/17/2025,DC-05,Central,SKU-503,340,8.6,522,431,0,0,249,540,95
3/24/2025,DC-05,Central,SKU-503,369,10.5,431,348,0,0,286,540,95
3/31/2025,DC-05,Central,SKU-503,243,12.6,348,375,0,0,270,540,95
4/7/2025,DC-05,Central,SKU-503,323,14.6,375,386,0,0,335,540,95
4/14/2025,DC-05,Central,SKU-503,420,11,386,337,1,33,337,540,95
4/21/2025,DC-05,Central,SKU-503,223,13,337,462,0,0,347,540,95
4/28/2025,DC-05,Central,SKU-503,215,12.6,462,493,0,0,246,540,95
5/5/2025,DC-05,Central,SKU-503,355,9.2,493,389,0,0,252,540,95
5/12/2025,DC-05,Central,SKU-503,395,9.7,389,292,1,5,292,540,95
5/19/2025,DC-05,Central,SKU-503,391,11.5,292,244,1,99,244,540,95
5/26/2025,DC-05,Central,SKU-503,256,14.4,244,248,1,11,248,540,95
6/2/2025,DC-05,Central,SKU-503,276,9.8,248,298,1,28,298,540,95
6/9/2025,DC-05,Central,SKU-503,298,14.5,298,282,1,0,282,540,95
6/16/2025,DC-05,Central,SKU-503,254,16,282,312,0,0,284,540,95
6/23/2025,DC-05,Central,SKU-503,302,10.3,312,312,0,0,303,540,95
6/30/2025,DC-05,Central,SKU-503,309,10.4,312,264,0,0,260,540,95
7/7/2025,DC-05,Central,SKU-503,314,7.1,264,326,1,50,326,540,95
7/14/2025,DC-05,Central,SKU-503,253,12.7,326,340,0,0,266,540,95
7/21/2025,DC-05,Central,SKU-503,228,13.7,340,443,0,0,331,540,95
7/28/2025,DC-05,Central,SKU-503,255,11.9,443,527,0,0,339,540,95
8/4/2025,DC-05,Central,SKU-503,202,13.2,527,573,0,0,248,540,95
8/11/2025,DC-05,Central,SKU-503,255,14.6,573,653,0,0,335,540,95
8/18/2025,DC-05,Central,SKU-503,223,4.8,653,772,0,0,342,540,95
8/25/2025,DC-05,Central,SKU-503,184,11.7,772,857,0,0,268,540,95
9/1/2025,DC-05,Central,SKU-503,240,11.8,857,617,0,0,0,540,95
9/8/2025,DC-05,Central,SKU-503,223,10.6,617,643,0,0,249,540,95
9/15/2025,DC-05,Central,SKU-503,303,8.6,643,661,0,0,321,540,95
9/22/2025,DC-05,Central,SKU-503,216,15.2,661,706,0,0,261,540,95
9/29/2025,DC-05,Central,SKU-503,272,8.2,706,690,0,0,256,540,95
10/6/2025,DC-05,Central,SKU-503,299,15.3,690,686,0,0,295,540,95
10/13/2025,DC-05,Central,SKU-503,323,6.1,686,647,0,0,284,540,95
10/20/2025,DC-05,Central,SKU-503,205,10.9,647,792,0,0,350,540,95
10/27/2025,DC-05,Central,SKU-503,151,11.8,792,990,0,0,349,540,95
11/3/2025,DC-05,Central,SKU-503,197,12.4,990,793,0,0,0,540,95
11/10/2025,DC-05,Central,SKU-503,245,11.7,793,831,0,0,283,540,95
11/17/2025,DC-05,Central,SKU-503,308,9.1,831,523,0,0,0,540,95
11/24/2025,DC-05,Central,SKU-503,300,10.9,523,566,0,0,342,540,95
12/1/2025,DC-05,Central,SKU-503,347,10.8,566,525,0,0,307,540,95
12/8/2025,DC-05,Central,SKU-503,294,11.9,525,511,0,0,280,540,95
12/15/2025,DC-05,Central,SKU-503,239,12.2,511,531,0,0,260,540,95
12/22/2025,DC-05,Central,SKU-503,290,12.1,531,559,0,0,319,540,95
12/29/2025,DC-05,Central,SKU-503,250,14.8,559,584,0,0,274,540,95
1/5/2026,DC-05,Central,SKU-503,216,8.9,584,690,0,0,322,540,95
1/12/2026,DC-05,Central,SKU-503,258,7.6,690,776,0,0,345,540,95
1/19/2026,DC-05,Central,SKU-503,318,9.2,776,772,0,0,314,540,95
1/26/2026,DC-05,Central,SKU-503,310,11.7,772,732,0,0,270,540,95
2/2/2026,DC-05,Central,SKU-503,238,14.2,732,813,0,0,319,540,95
2/9/2026,DC-05,Central,SKU-503,318,12.2,813,495,0,0,0,540,95
2/16/2026,DC-05,Central,SKU-503,340,9.7,495,411,0,0,256,540,95
2/23/2026,DC-05,Central,SKU-503,291,10.6,411,430,0,0,310,540,95
3/2/2026,DC-05,Central,SKU-503,341,9.4,430,363,0,0,274,540,95
3/9/2026,DC-05,Central,SKU-503,292,11.2,363,316,0,0,245,540,95
3/16/2026,DC-05,Central,SKU-503,226,10,316,420,0,0,330,540,95
3/23/2026,DC-05,Central,SKU-503,319,7.5,420,393,0,0,291,540,95
3/30/2026,DC-05,Central,SKU-503,318,14.4,393,376,0,0,301,540,95
4/6/2026,DC-05,Central,SKU-503,440,10.8,376,272,1,64,272,540,95
4/13/2026,DC-05,Central,SKU-503,270,15,272,320,0,0,318,540,95
4/20/2026,DC-05,Central,SKU-503,311,5,320,317,0,0,307,540,95
4/27/2026,DC-05,Central,SKU-503,344,10.6,317,300,1,27,300,540,95
5/4/2026,DC-05,Central,SKU-503,316,16.7,300,329,1,16,329,540,95
5/11/2026,DC-05,Central,SKU-503,315,7.8,329,334,0,0,319,540,95
5/18/2026,DC-05,Central,SKU-503,355,8.9,334,327,1,21,327,540,95
5/25/2026,DC-05,Central,SKU-503,355,11.8,327,336,1,28,336,540,95
6/1/2026,DC-05,Central,SKU-503,340,10.2,336,345,1,5,345,540,95
6/8/2026,DC-05,Central,SKU-503,315,17.4,345,328,0,0,298,540,95
6/15/2026,DC-05,Central,SKU-503,266,6.8,328,316,0,0,254,540,95
6/22/2026,DC-05,Central,SKU-503,163,8.8,316,447,0,0,294,540,95
6/29/2026,DC-05,Central,SKU-503,223,10.5,447,535,0,0,311,540,95
7/6/2026,DC-05,Central,SKU-503,205,10.9,535,631,0,0,300,540,95
7/13/2026,DC-05,Central,SKU-503,307,12.4,631,647,0,0,323,540,95
7/20/2026,DC-05,Central,SKU-503,176,3.2,647,799,0,0,328,540,95
7/27/2026,DC-05,Central,SKU-503,326,7.1,799,802,0,0,329,540,95
8/3/2026,DC-05,Central,SKU-503,220,15.8,802,828,0,0,246,540,95
8/10/2026,DC-05,Central,SKU-503,231,14.2,828,597,0,0,0,540,95
8/17/2026,DC-05,Central,SKU-503,246,9.1,597,632,0,0,281,540,95
8/24/2026,DC-05,Central,SKU-503,156,10.5,632,768,0,0,291,540,95
9/2/2024,DC-06,North,SKU-SKU-101,30,6.4,778,748,0,0,0,519,95
9/9/2024,DC-06,North,SKU-SKU-101,323,6.7,748,742,0,0,317,519,95
9/16/2024,DC-06,North,SKU-SKU-101,185,6.8,742,832,0,0,274,519,95
9/23/2024,DC-06,North,SKU-SKU-101,292,6.6,832,540,0,0,0,519,95
9/30/2024,DC-06,North,SKU-SKU-101,74,7.3,540,717,0,0,251,519,95
10/7/2024,DC-06,North,SKU-SKU-101,289,7.8,717,716,0,0,289,519,95
10/14/2024,DC-06,North,SKU-SKU-101,217,7,716,808,0,0,309,519,95
10/21/2024,DC-06,North,SKU-SKU-101,258,5.7,808,551,0,0,0,519,95
10/28/2024,DC-06,North,SKU-SKU-101,278,6,551,564,0,0,291,519,95
11/4/2024,DC-06,North,SKU-SKU-101,391,7.9,564,496,0,0,323,519,95
11/11/2024,DC-06,North,SKU-SKU-101,66,8.8,496,680,0,0,250,519,95
11/18/2024,DC-06,North,SKU-SKU-101,108,9.6,680,821,0,0,248,519,95
11/25/2024,DC-06,North,SKU-SKU-101,242,7.7,821,579,0,0,0,519,95
12/2/2024,DC-06,North,SKU-SKU-101,555,8.6,579,288,0,0,264,519,95
12/9/2024,DC-06,North,SKU-SKU-101,147,6.5,288,473,0,0,332,519,95
12/16/2024,DC-06,North,SKU-SKU-101,204,6.4,473,508,0,0,239,519,95
12/23/2024,DC-06,North,SKU-SKU-101,412,7.8,508,431,0,0,335,519,95
12/30/2024,DC-06,North,SKU-SKU-101,437,5.7,431,271,1,6,271,519,95
1/6/2025,DC-06,North,SKU-SKU-101,257,10.9,271,294,0,0,281,519,95
1/13/2025,DC-06,North,SKU-SKU-101,352,7.7,294,271,1,58,271,519,95
1/20/2025,DC-06,North,SKU-SKU-101,295,8.4,271,301,1,24,301,519,95
1/27/2025,DC-06,North,SKU-SKU-101,200,8.1,301,436,0,0,335,519,95
2/3/2025,DC-06,North,SKU-SKU-101,376,7.7,436,350,0,0,290,519,95
2/10/2025,DC-06,North,SKU-SKU-101,206,9.8,350,409,0,0,265,519,95
2/17/2025,DC-06,North,SKU-SKU-101,330,6.2,409,401,0,0,321,519,95
2/24/2025,DC-06,North,SKU-SKU-101,253,7.8,401,409,0,0,262,519,95
3/3/2025,DC-06,North,SKU-SKU-101,44,8.1,409,667,0,0,302,519,95
3/10/2025,DC-06,North,SKU-SKU-101,168,7.8,667,811,0,0,313,519,95
3/17/2025,DC-06,North,SKU-SKU-101,345,7.8,811,467,0,0,0,519,95
3/24/2025,DC-06,North,SKU-SKU-101,213,8.7,467,546,0,0,291,519,95
3/31/2025,DC-06,North,SKU-SKU-101,64,7.1,546,798,0,0,316,519,95
4/7/2025,DC-06,North,SKU-SKU-101,503,8,798,295,0,0,0,519,95
4/14/2025,DC-06,North,SKU-SKU-101,141,5.6,295,401,0,0,247,519,95
4/21/2025,DC-06,North,SKU-SKU-101,273,8.1,401,464,0,0,335,519,95
4/28/2025,DC-06,North,SKU-SKU-101,319,7.6,464,413,0,0,268,519,95
5/5/2025,DC-06,North,SKU-SKU-101,480,8.8,413,234,1,67,234,519,95
5/12/2025,DC-06,North,SKU-SKU-101,123,8.3,234,407,0,0,296,519,95
5/19/2025,DC-06,North,SKU-SKU-101,361,8.2,407,290,0,0,244,519,95
5/26/2025,DC-06,North,SKU-SKU-101,274,8.9,290,301,0,0,285,519,95
6/2/2025,DC-06,North,SKU-SKU-101,314,9.8,301,297,1,13,297,519,95
6/9/2025,DC-06,North,SKU-SKU-101,59,11,297,561,0,0,323,519,95
6/16/2025,DC-06,North,SKU-SKU-101,255,9.2,561,630,0,0,324,519,95
6/23/2025,DC-06,North,SKU-SKU-101,295,9.5,630,609,0,0,274,519,95
6/30/2025,DC-06,North,SKU-SKU-101,198,7.9,609,725,0,0,314,519,95
7/7/2025,DC-06,North,SKU-SKU-101,305,6.5,725,684,0,0,263,519,95
7/14/2025,DC-06,North,SKU-SKU-101,118,7.5,684,894,0,0,328,519,95
7/21/2025,DC-06,North,SKU-SKU-101,306,10.1,894,588,0,0,0,519,95
7/28/2025,DC-06,North,SKU-SKU-101,175,9,588,697,0,0,284,519,95
8/4/2025,DC-06,North,SKU-SKU-101,512,9,697,491,0,0,306,519,95
8/11/2025,DC-06,North,SKU-SKU-101,111,6.6,491,666,0,0,286,519,95
8/18/2025,DC-06,North,SKU-SKU-101,458,7.5,666,465,0,0,257,519,95
8/25/2025,DC-06,North,SKU-SKU-101,373,7.1,465,427,0,0,335,519,95
9/1/2025,DC-06,North,SKU-SKU-101,179,8.8,427,488,0,0,240,519,95
9/8/2025,DC-06,North,SKU-SKU-101,186,5.9,488,601,0,0,299,519,95
9/15/2025,DC-06,North,SKU-SKU-101,67,8.2,601,787,0,0,254,519,95
9/22/2025,DC-06,North,SKU-SKU-101,289,7.6,787,498,0,0,0,519,95
9/29/2025,DC-06,North,SKU-SKU-101,214,8.6,498,567,0,0,283,519,95
10/6/2025,DC-06,North,SKU-SKU-101,244,6,567,577,0,0,254,519,95
10/13/2025,DC-06,North,SKU-SKU-101,253,6,577,612,0,0,288,519,95
10/20/2025,DC-06,North,SKU-SKU-101,303,6.8,612,557,0,0,248,519,95
10/27/2025,DC-06,North,SKU-SKU-101,64,8.3,557,748,0,0,255,519,95
11/3/2025,DC-06,North,SKU-SKU-101,114,7.3,748,967,0,0,333,519,95
11/10/2025,DC-06,North,SKU-SKU-101,326,7.9,967,641,0,0,0,519,95
11/17/2025,DC-06,North,SKU-SKU-101,362,5.5,641,584,0,0,305,519,95
11/24/2025,DC-06,North,SKU-SKU-101,44,7.6,584,786,0,0,245,519,95
12/1/2025,DC-06,North,SKU-SKU-101,53,7.7,786,733,0,0,0,519,95
12/8/2025,DC-06,North,SKU-SKU-101,123,7,733,902,0,0,292,519,95
12/15/2025,DC-06,North,SKU-SKU-101,0,8.3,902,902,0,0,0,519,95
12/22/2025,DC-06,North,SKU-SKU-101,261,6.5,902,641,0,0,0,519,95
12/29/2025,DC-06,North,SKU-SKU-101,414,8.4,641,486,0,0,259,519,95
1/5/2026,DC-06,North,SKU-SKU-101,333,8.4,486,439,0,0,286,519,95
1/12/2026,DC-06,North,SKU-SKU-101,327,8,439,366,0,0,253,519,95
1/19/2026,DC-06,North,SKU-SKU-101,191,6.9,366,498,0,0,324,519,95
1/26/2026,DC-06,North,SKU-SKU-101,262,8.3,498,517,0,0,281,519,95
2/2/2026,DC-06,North,SKU-SKU-101,310,9.1,517,472,0,0,265,519,95
2/9/2026,DC-06,North,SKU-SKU-101,416,8.9,472,364,0,0,308,519,95
2/16/2026,DC-06,North,SKU-SKU-101,150,6.9,364,544,0,0,330,519,95
2/23/2026,DC-06,North,SKU-SKU-101,20,8,544,853,0,0,328,519,95
3/2/2026,DC-06,North,SKU-SKU-101,517,9.5,853,336,0,0,0,519,95
3/9/2026,DC-06,North,SKU-SKU-101,246,6.9,336,333,0,0,243,519,95
3/16/2026,DC-06,North,SKU-SKU-101,450,8.4,333,268,1,117,268,519,95
3/23/2026,DC-06,North,SKU-SKU-101,294,7,268,294,1,26,294,519,95
3/30/2026,DC-06,North,SKU-SKU-101,332,6.6,294,283,1,38,283,519,95
4/6/2026,DC-06,North,SKU-SKU-101,171,4.8,283,401,0,0,288,519,95
4/13/2026,DC-06,North,SKU-SKU-101,480,7.9,401,316,1,79,316,519,95
4/20/2026,DC-06,North,SKU-SKU-101,165,5.9,316,434,0,0,283,519,95
4/27/2026,DC-06,North,SKU-SKU-101,167,7.9,434,581,0,0,315,519,95
5/4/2026,DC-06,North,SKU-SKU-101,297,6.6,581,583,0,0,299,519,95
5/11/2026,DC-06,North,SKU-SKU-101,401,5.5,583,477,0,0,295,519,95
5/18/2026,DC-06,North,SKU-SKU-101,243,7.1,477,532,0,0,297,519,95
5/25/2026,DC-06,North,SKU-SKU-101,79,4.1,532,746,0,0,293,519,95
6/1/2026,DC-06,North,SKU-SKU-101,94,6.7,746,966,0,0,314,519,95
6/8/2026,DC-06,North,SKU-SKU-101,420,6.8,966,546,0,0,0,519,95
6/15/2026,DC-06,North,SKU-SKU-101,188,6.2,546,644,0,0,286,519,95
6/22/2026,DC-06,North,SKU-SKU-101,440,6.9,644,445,0,0,242,519,95
6/29/2026,DC-06,North,SKU-SKU-101,238,8.4,445,498,0,0,291,519,95
7/6/2026,DC-06,North,SKU-SKU-101,228,9.6,498,593,0,0,322,519,95
7/13/2026,DC-06,North,SKU-SKU-101,247,7.7,593,591,0,0,245,519,95
7/20/2026,DC-06,North,SKU-SKU-101,168,6.4,591,724,0,0,301,519,95
7/27/2026,DC-06,North,SKU-SKU-101,131,5.9,724,910,0,0,316,519,95
8/3/2026,DC-06,North,SKU-SKU-101,26,10.7,910,884,0,0,0,519,95
8/10/2026,DC-06,North,SKU-SKU-101,98,7.6,884,787,0,0,0,519,95
8/17/2026,DC-06,North,SKU-SKU-101,57,6.5,787,730,0,0,0,519,95
8/24/2026,DC-06,North,SKU-SKU-101,321,6.8,730,701,0,0,292,519,95
9/2/2024,DC-06,North,SKU-SKU-102,359,7.2,552,193,0,0,0,368,95
9/9/2024,DC-06,North,SKU-SKU-102,0,7.3,193,415,0,0,222,368,95
9/16/2024,DC-06,North,SKU-SKU-102,152,8.5,415,450,0,0,187,368,95
9/23/2024,DC-06,North,SKU-SKU-102,70,7.8,450,547,0,0,166,368,95
9/30/2024,DC-06,North,SKU-SKU-102,342,8.8,547,442,0,0,237,368,95
10/7/2024,DC-06,North,SKU-SKU-102,27,7.1,442,581,0,0,166,368,95
10/14/2024,DC-06,North,SKU-SKU-102,130,6.6,581,452,0,0,0,368,95
10/21/2024,DC-06,North,SKU-SKU-102,68,8.8,452,585,0,0,201,368,95
10/28/2024,DC-06,North,SKU-SKU-102,291,7.7,585,295,0,0,0,368,95
11/4/2024,DC-06,North,SKU-SKU-102,76,7.7,295,407,0,0,188,368,95
11/11/2024,DC-06,North,SKU-SKU-102,193,7,407,410,0,0,196,368,95
11/18/2024,DC-06,North,SKU-SKU-102,144,8.3,410,483,0,0,217,368,95
11/25/2024,DC-06,North,SKU-SKU-102,114,7.6,483,581,0,0,212,368,95
12/2/2024,DC-06,North,SKU-SKU-102,132,7.8,581,449,0,0,0,368,95
12/9/2024,DC-06,North,SKU-SKU-102,0,5.5,449,668,0,0,219,368,95
12/16/2024,DC-06,North,SKU-SKU-102,175,7.5,668,493,0,0,0,368,95
12/23/2024,DC-06,North,SKU-SKU-102,0,5.1,493,697,0,0,204,368,95
12/30/2024,DC-06,North,SKU-SKU-102,323,6.5,697,374,0,0,0,368,95
1/6/2025,DC-06,North,SKU-SKU-102,219,9,374,325,0,0,170,368,95
1/13/2025,DC-06,North,SKU-SKU-102,323,7.2,325,217,0,0,215,368,95
1/20/2025,DC-06,North,SKU-SKU-102,381,8.6,217,187,1,164,187,368,95
1/27/2025,DC-06,North,SKU-SKU-102,134,9,187,251,0,0,197,368,95
2/3/2025,DC-06,North,SKU-SKU-102,272,7.9,251,169,1,21,169,368,95
2/10/2025,DC-06,North,SKU-SKU-102,108,6.8,169,232,0,0,171,368,95
2/17/2025,DC-06,North,SKU-SKU-102,271,6.9,232,217,1,39,217,368,95
2/24/2025,DC-06,North,SKU-SKU-102,223,6.4,217,234,1,6,234,368,95
3/3/2025,DC-06,North,SKU-SKU-102,150,9.4,234,312,0,0,229,368,95
3/10/2025,DC-06,North,SKU-SKU-102,386,6.3,312,176,1,73,176,368,95
3/17/2025,DC-06,North,SKU-SKU-102,322,9.8,176,238,1,146,238,368,95
3/24/2025,DC-06,North,SKU-SKU-102,281,7.9,238,208,1,43,208,368,95
3/31/2025,DC-06,North,SKU-SKU-102,102,7.2,208,343,0,0,237,368,95
4/7/2025,DC-06,North,SKU-SKU-102,312,8,343,241,0,0,211,368,95
4/14/2025,DC-06,North,SKU-SKU-102,306,9.7,241,225,1,65,225,368,95
4/21/2025,DC-06,North,SKU-SKU-102,510,7.3,225,192,1,284,192,368,95
4/28/2025,DC-06,North,SKU-SKU-102,103,7.6,192,295,0,0,207,368,95
5/5/2025,DC-06,North,SKU-SKU-102,0,7,295,532,0,0,237,368,95
5/12/2025,DC-06,North,SKU-SKU-102,359,5.9,532,346,0,0,173,368,95
5/19/2025,DC-06,North,SKU-SKU-102,42,6.7,346,507,0,0,203,368,95
5/26/2025,DC-06,North,SKU-SKU-102,288,9,507,392,0,0,173,368,95
6/2/2025,DC-06,North,SKU-SKU-102,339,4.8,392,253,0,0,200,368,95
6/9/2025,DC-06,North,SKU-SKU-102,46,10.6,253,382,0,0,176,368,95
6/16/2025,DC-06,North,SKU-SKU-102,111,8.7,382,493,0,0,222,368,95
6/23/2025,DC-06,North,SKU-SKU-102,303,7,493,399,0,0,209,368,95
6/30/2025,DC-06,North,SKU-SKU-102,0,10.9,399,579,0,0,180,368,95
7/7/2025,DC-06,North,SKU-SKU-102,216,7.1,579,363,0,0,0,368,95
7/14/2025,DC-06,North,SKU-SKU-102,173,7.7,363,366,0,0,176,368,95
7/21/2025,DC-06,North,SKU-SKU-102,203,7.6,366,338,0,0,176,368,95
7/28/2025,DC-06,North,SKU-SKU-102,127,7.5,338,415,0,0,204,368,95
8/4/2025,DC-06,North,SKU-SKU-102,183,7.6,415,436,0,0,204,368,95
8/11/2025,DC-06,North,SKU-SKU-102,225,6.9,436,440,0,0,229,368,95
8/18/2025,DC-06,North,SKU-SKU-102,153,8.8,440,482,0,0,195,368,95
8/25/2025,DC-06,North,SKU-SKU-102,246,7.2,482,433,0,0,197,368,95
9/1/2025,DC-06,North,SKU-SKU-102,378,6.3,433,274,0,0,219,368,95
9/8/2025,DC-06,North,SKU-SKU-102,120,9.3,274,384,0,0,230,368,95
9/15/2025,DC-06,North,SKU-SKU-102,129,6,384,457,0,0,202,368,95
9/22/2025,DC-06,North,SKU-SKU-102,119,8.9,457,549,0,0,210,368,95
9/29/2025,DC-06,North,SKU-SKU-102,144,7.3,549,582,0,0,177,368,95
10/6/2025,DC-06,North,SKU-SKU-102,181,7.5,582,401,0,0,0,368,95
10/13/2025,DC-06,North,SKU-SKU-102,156,8.1,401,442,0,0,196,368,95
10/20/2025,DC-06,North,SKU-SKU-102,87,6.1,442,540,0,0,185,368,95
10/27/2025,DC-06,North,SKU-SKU-102,67,9.5,540,659,0,0,186,368,95
11/3/2025,DC-06,North,SKU-SKU-102,151,7.7,659,509,0,0,0,368,95
11/10/2025,DC-06,North,SKU-SKU-102,209,8.5,509,492,0,0,193,368,95
11/17/2025,DC-06,North,SKU-SKU-102,58,8.9,492,664,0,0,230,368,95
11/24/2025,DC-06,North,SKU-SKU-102,213,7.8,664,451,0,0,0,368,95
12/1/2025,DC-06,North,SKU-SKU-102,137,7.6,451,516,0,0,203,368,95
12/8/2025,DC-06,North,SKU-SKU-102,303,9.3,516,439,0,0,226,368,95
12/15/2025,DC-06,North,SKU-SKU-102,319,7.9,439,352,0,0,232,368,95
12/22/2025,DC-06,North,SKU-SKU-102,285,7.5,352,234,0,0,167,368,95
12/29/2025,DC-06,North,SKU-SKU-102,226,9.5,234,246,0,0,239,368,95
1/5/2026,DC-06,North,SKU-SKU-102,212,6.5,246,242,0,0,208,368,95
1/12/2026,DC-06,North,SKU-SKU-102,76,9.1,242,340,0,0,174,368,95
1/19/2026,DC-06,North,SKU-SKU-102,411,6.5,340,186,1,72,186,368,95
1/26/2026,DC-06,North,SKU-SKU-102,252,7.5,186,229,1,66,229,368,95
2/2/2026,DC-06,North,SKU-SKU-102,242,5.5,229,187,1,13,187,368,95
2/9/2026,DC-06,North,SKU-SKU-102,225,7,187,211,1,38,211,368,95
2/16/2026,DC-06,North,SKU-SKU-102,0,6.6,211,406,0,0,196,368,95
2/23/2026,DC-06,North,SKU-SKU-102,257,7.9,406,369,0,0,220,368,95
3/2/2026,DC-06,North,SKU-SKU-102,367,9.1,369,181,0,0,179,368,95
3/9/2026,DC-06,North,SKU-SKU-102,305,6.7,181,216,1,124,216,368,95
3/16/2026,DC-06,North,SKU-SKU-102,0,6.8,216,448,0,0,232,368,95
3/23/2026,DC-06,North,SKU-SKU-102,293,8.7,448,337,0,0,182,368,95
3/30/2026,DC-06,North,SKU-SKU-102,115,7.3,337,421,0,0,199,368,95
4/6/2026,DC-06,North,SKU-SKU-102,309,8.1,421,298,0,0,186,368,95
4/13/2026,DC-06,North,SKU-SKU-102,222,8.2,298,247,0,0,171,368,95
4/20/2026,DC-06,North,SKU-SKU-102,147,6.6,247,282,0,0,183,368,95
4/27/2026,DC-06,North,SKU-SKU-102,387,7.7,282,174,1,105,174,368,95
5/4/2026,DC-06,North,SKU-SKU-102,282,7.6,174,238,1,109,238,368,95
5/11/2026,DC-06,North,SKU-SKU-102,440,8.9,238,175,1,202,175,368,95
5/18/2026,DC-06,North,SKU-SKU-102,207,9.5,175,197,1,32,197,368,95
5/25/2026,DC-06,North,SKU-SKU-102,47,9.4,197,380,0,0,230,368,95
6/1/2026,DC-06,North,SKU-SKU-102,264,7.2,380,290,0,0,173,368,95
6/8/2026,DC-06,North,SKU-SKU-102,342,8.8,290,202,1,52,202,368,95
6/15/2026,DC-06,North,SKU-SKU-102,287,8.6,202,212,1,86,212,368,95
6/22/2026,DC-06,North,SKU-SKU-102,124,5.5,212,314,0,0,226,368,95
6/29/2026,DC-06,North,SKU-SKU-102,24,9.1,314,473,0,0,183,368,95
7/6/2026,DC-06,North,SKU-SKU-102,148,6.5,473,498,0,0,173,368,95
7/13/2026,DC-06,North,SKU-SKU-102,143,8.2,498,521,0,0,166,368,95
7/20/2026,DC-06,North,SKU-SKU-102,166,7.4,521,571,0,0,216,368,95
7/27/2026,DC-06,North,SKU-SKU-102,244,6.9,571,327,0,0,0,368,95
8/3/2026,DC-06,North,SKU-SKU-102,19,7.9,327,475,0,0,167,368,95
8/10/2026,DC-06,North,SKU-SKU-102,80,6.8,475,601,0,0,206,368,95
8/17/2026,DC-06,North,SKU-SKU-102,393,9.4,601,208,0,0,0,368,95
8/24/2026,DC-06,North,SKU-SKU-102,75,7.8,208,357,0,0,224,368,95
9/2/2024,DC-06,North,SKU-SKU-103,684,7.4,1449,765,0,0,0,966,95
9/9/2024,DC-06,North,SKU-SKU-103,271,7.9,765,1036,0,0,543,966,95
9/16/2024,DC-06,North,SKU-SKU-103,421,6.9,1036,1111,0,0,496,966,95
9/23/2024,DC-06,North,SKU-SKU-103,623,6.3,1111,987,0,0,499,966,95
9/30/2024,DC-06,North,SKU-SKU-103,251,7.3,987,1254,0,0,519,966,95
10/7/2024,DC-06,North,SKU-SKU-103,177,8.1,1254,1648,0,0,570,966,95
10/14/2024,DC-06,North,SKU-SKU-103,274,6.9,1648,1374,0,0,0,966,95
10/21/2024,DC-06,North,SKU-SKU-103,320,9.5,1374,1635,0,0,581,966,95
10/28/2024,DC-06,North,SKU-SKU-103,562,7,1635,1073,0,0,0,966,95
11/4/2024,DC-06,North,SKU-SKU-103,571,7.5,1073,1048,0,0,546,966,95
11/11/2024,DC-06,North,SKU-SKU-103,571,9.8,1048,1103,0,0,627,966,95
11/18/2024,DC-06,North,SKU-SKU-103,305,9.8,1103,1421,0,0,623,966,95
11/25/2024,DC-06,North,SKU-SKU-103,236,7.6,1421,1713,0,0,528,966,95
12/2/2024,DC-06,North,SKU-SKU-103,517,7.9,1713,1195,0,0,0,966,95
12/9/2024,DC-06,North,SKU-SKU-103,547,6.9,1195,1152,0,0,504,966,95
12/16/2024,DC-06,North,SKU-SKU-103,291,8.6,1152,1435,0,0,574,966,95
12/23/2024,DC-06,North,SKU-SKU-103,244,6.6,1435,1683,0,0,492,966,95
12/30/2024,DC-06,North,SKU-SKU-103,348,8.3,1683,1335,0,0,0,966,95
1/6/2025,DC-06,North,SKU-SKU-103,503,7.9,1335,1418,0,0,586,966,95
1/13/2025,DC-06,North,SKU-SKU-103,276,8,1418,1605,0,0,463,966,95
1/20/2025,DC-06,North,SKU-SKU-103,460,7.1,1605,1145,0,0,0,966,95
1/27/2025,DC-06,North,SKU-SKU-103,479,8.1,1145,1235,0,0,568,966,95
2/3/2025,DC-06,North,SKU-SKU-103,668,11.9,1235,1054,0,0,488,966,95
2/10/2025,DC-06,North,SKU-SKU-103,730,7,1054,878,0,0,554,966,95
2/17/2025,DC-06,North,SKU-SKU-103,465,6.6,878,1012,0,0,599,966,95
2/24/2025,DC-06,North,SKU-SKU-103,827,8.5,1012,718,0,0,532,966,95
3/3/2025,DC-06,North,SKU-SKU-103,561,8.1,718,759,0,0,603,966,95
3/10/2025,DC-06,North,SKU-SKU-103,711,10,759,494,0,0,446,966,95
3/17/2025,DC-06,North,SKU-SKU-103,534,8.1,494,452,1,40,452,966,95
3/24/2025,DC-06,North,SKU-SKU-103,700,7,452,448,1,247,448,966,95
3/31/2025,DC-06,North,SKU-SKU-103,912,9.3,448,540,1,465,540,966,95
4/7/2025,DC-06,North,SKU-SKU-103,696,8.7,540,510,1,156,510,966,95
4/14/2025,DC-06,North,SKU-SKU-103,825,9.4,510,519,1,314,519,966,95
4/21/2025,DC-06,North,SKU-SKU-103,323,6,519,649,0,0,452,966,95
4/28/2025,DC-06,North,SKU-SKU-103,752,6.4,649,603,1,104,603,966,95
5/5/2025,DC-06,North,SKU-SKU-103,451,8.3,603,689,0,0,537,966,95
5/12/2025,DC-06,North,SKU-SKU-103,469,7.5,689,668,0,0,448,966,95
5/19/2025,DC-06,North,SKU-SKU-103,755,7,668,511,1,87,511,966,95
5/26/2025,DC-06,North,SKU-SKU-103,609,8.4,511,489,1,97,489,966,95
6/2/2025,DC-06,North,SKU-SKU-103,135,6.2,489,963,0,0,609,966,95
6/9/2025,DC-06,North,SKU-SKU-103,493,8.8,963,1018,0,0,548,966,95
6/16/2025,DC-06,North,SKU-SKU-103,458,9.6,1018,1025,0,0,466,966,95
6/23/2025,DC-06,North,SKU-SKU-103,668,8.8,1025,905,0,0,548,966,95
6/30/2025,DC-06,North,SKU-SKU-103,373,7.7,905,1153,0,0,622,966,95
7/7/2025,DC-06,North,SKU-SKU-103,666,7.7,1153,947,0,0,459,966,95
7/14/2025,DC-06,North,SKU-SKU-103,70,5.7,947,1384,0,0,507,966,95
7/21/2025,DC-06,North,SKU-SKU-103,451,9,1384,1386,0,0,453,966,95
7/28/2025,DC-06,North,SKU-SKU-103,476,11.1,1386,1521,0,0,611,966,95
8/4/2025,DC-06,North,SKU-SKU-103,553,8.4,1521,968,0,0,0,966,95
8/11/2025,DC-06,North,SKU-SKU-103,594,8.7,968,925,0,0,552,966,95
8/18/2025,DC-06,North,SKU-SKU-103,259,7.6,925,1161,0,0,494,966,95
8/25/2025,DC-06,North,SKU-SKU-103,719,8.6,1161,1001,0,0,560,966,95
9/1/2025,DC-06,North,SKU-SKU-103,390,8.8,1001,1170,0,0,559,966,95
9/8/2025,DC-06,North,SKU-SKU-103,529,5.3,1170,1112,0,0,471,966,95
9/15/2025,DC-06,North,SKU-SKU-103,495,10.4,1112,1228,0,0,611,966,95
9/22/2025,DC-06,North,SKU-SKU-103,505,9.5,1228,1200,0,0,477,966,95
9/29/2025,DC-06,North,SKU-SKU-103,413,9.5,1200,1282,0,0,495,966,95
10/6/2025,DC-06,North,SKU-SKU-103,84,6,1282,1728,0,0,530,966,95
10/13/2025,DC-06,North,SKU-SKU-103,278,7.5,1728,1449,0,0,0,966,95
10/20/2025,DC-06,North,SKU-SKU-103,331,4.7,1449,1119,0,0,0,966,95
10/27/2025,DC-06,North,SKU-SKU-103,382,7.6,1119,1276,0,0,540,966,95
11/3/2025,DC-06,North,SKU-SKU-103,606,8.5,1276,1152,0,0,481,966,95
11/10/2025,DC-06,North,SKU-SKU-103,321,7.1,1152,1385,0,0,555,966,95
11/17/2025,DC-06,North,SKU-SKU-103,692,7.2,1385,1213,0,0,520,966,95
11/24/2025,DC-06,North,SKU-SKU-103,529,5.8,1213,1305,0,0,621,966,95
12/1/2025,DC-06,North,SKU-SKU-103,519,6.5,1305,1244,0,0,458,966,95
12/8/2025,DC-06,North,SKU-SKU-103,561,7.8,1244,1127,0,0,444,966,95
12/15/2025,DC-06,North,SKU-SKU-103,251,7.6,1127,1454,0,0,577,966,95
12/22/2025,DC-06,North,SKU-SKU-103,677,10.3,1454,777,0,0,0,966,95
12/29/2025,DC-06,North,SKU-SKU-103,294,7.1,777,1019,0,0,536,966,95
1/5/2026,DC-06,North,SKU-SKU-103,690,10.2,1019,909,0,0,580,966,95
1/12/2026,DC-06,North,SKU-SKU-103,742,7.9,909,638,0,0,470,966,95
1/19/2026,DC-06,North,SKU-SKU-103,275,6.9,638,894,0,0,532,966,95
1/26/2026,DC-06,North,SKU-SKU-103,456,11.1,894,1024,0,0,586,966,95
2/2/2026,DC-06,North,SKU-SKU-103,492,5.8,1024,976,0,0,444,966,95
2/9/2026,DC-06,North,SKU-SKU-103,447,7.6,976,1105,0,0,576,966,95
2/16/2026,DC-06,North,SKU-SKU-103,649,8.1,1105,1014,0,0,559,966,95
2/23/2026,DC-06,North,SKU-SKU-103,490,8.1,1014,1073,0,0,549,966,95
3/2/2026,DC-06,North,SKU-SKU-103,653,8.8,1073,1041,0,0,621,966,95
3/9/2026,DC-06,North,SKU-SKU-103,341,8,1041,1169,0,0,469,966,95
3/16/2026,DC-06,North,SKU-SKU-103,474,6.7,1169,1297,0,0,601,966,95
3/23/2026,DC-06,North,SKU-SKU-103,410,7.4,1297,1439,0,0,552,966,95
3/30/2026,DC-06,North,SKU-SKU-103,324,9.1,1439,1648,0,0,533,966,95
4/6/2026,DC-06,North,SKU-SKU-103,317,8.5,1648,1332,0,0,0,966,95
4/13/2026,DC-06,North,SKU-SKU-103,656,8,1332,1146,0,0,470,966,95
4/20/2026,DC-06,North,SKU-SKU-103,664,7.9,1146,935,0,0,453,966,95
4/27/2026,DC-06,North,SKU-SKU-103,348,8.1,935,1181,0,0,594,966,95
5/4/2026,DC-06,North,SKU-SKU-103,711,8.6,1181,966,0,0,496,966,95
5/11/2026,DC-06,North,SKU-SKU-103,626,6.7,966,953,0,0,614,966,95
5/18/2026,DC-06,North,SKU-SKU-103,512,6.5,953,884,0,0,443,966,95
5/25/2026,DC-06,North,SKU-SKU-103,621,8.8,884,715,0,0,452,966,95
6/1/2026,DC-06,North,SKU-SKU-103,180,6.5,715,1095,0,0,560,966,95
6/8/2026,DC-06,North,SKU-SKU-103,865,6.8,1095,706,0,0,476,966,95
6/15/2026,DC-06,North,SKU-SKU-103,610,7.6,706,655,0,0,560,966,95
6/22/2026,DC-06,North,SKU-SKU-103,670,7,655,602,1,15,602,966,95
6/29/2026,DC-06,North,SKU-SKU-103,569,7.3,602,565,0,0,533,966,95
7/6/2026,DC-06,North,SKU-SKU-103,646,9.9,565,540,1,81,540,966,95
7/13/2026,DC-06,North,SKU-SKU-103,385,8,540,681,0,0,526,966,95
7/20/2026,DC-06,North,SKU-SKU-103,571,6.9,681,577,0,0,467,966,95
7/27/2026,DC-06,North,SKU-SKU-103,590,8.8,577,469,1,13,469,966,95
8/3/2026,DC-06,North,SKU-SKU-103,477,7.8,469,592,1,8,592,966,95
8/10/2026,DC-06,North,SKU-SKU-103,468,7.7,592,709,0,0,584,966,95
8/17/2026,DC-06,North,SKU-SKU-103,570,6.1,709,608,0,0,470,966,95
8/24/2026,DC-06,North,SKU-SKU-103,327,6.1,608,865,0,0,583,966,95
9/2/2024,DC-06,North,SKU-SKU-201,295,8.5,1708,1413,0,0,0,1139,95
9/9/2024,DC-06,North,SKU-SKU-201,0,8.4,1413,2091,0,0,678,1139,95
9/16/2024,DC-06,North,SKU-SKU-201,590,8.7,2091,1501,0,0,0,1139,95
9/23/2024,DC-06,North,SKU-SKU-201,1356,8,1501,845,0,0,700,1139,95
9/30/2024,DC-06,North,SKU-SKU-201,837,7.1,845,738,0,0,730,1139,95
10/7/2024,DC-06,North,SKU-SKU-201,482,7.4,738,817,0,0,562,1139,95
10/14/2024,DC-06,North,SKU-SKU-201,66,6,817,1269,0,0,518,1139,95
10/21/2024,DC-06,North,SKU-SKU-201,139,8.4,1269,1834,0,0,704,1139,95
10/28/2024,DC-06,North,SKU-SKU-201,664,6.8,1834,1170,0,0,0,1139,95
11/4/2024,DC-06,North,SKU-SKU-201,1216,7,1170,722,1,46,722,1139,95
11/11/2024,DC-06,North,SKU-SKU-201,425,8.9,722,850,0,0,553,1139,95
11/18/2024,DC-06,North,SKU-SKU-201,1085,5.4,850,550,1,234,550,1139,95
11/25/2024,DC-06,North,SKU-SKU-201,830,10.7,550,677,1,280,677,1139,95
12/2/2024,DC-06,North,SKU-SKU-201,744,6.7,677,677,1,67,677,1139,95
12/9/2024,DC-06,North,SKU-SKU-201,813,8.7,677,554,1,136,554,1139,95
12/16/2024,DC-06,North,SKU-SKU-201,429,9.1,554,714,0,0,589,1139,95
12/23/2024,DC-06,North,SKU-SKU-201,704,6.8,714,648,0,0,639,1139,95
12/30/2024,DC-06,North,SKU-SKU-201,441,7.7,648,754,0,0,546,1139,95
1/6/2025,DC-06,North,SKU-SKU-201,789,5.3,754,620,1,35,620,1139,95
1/13/2025,DC-06,North,SKU-SKU-201,925,8.6,620,551,1,306,551,1139,95
1/20/2025,DC-06,North,SKU-SKU-201,187,8.9,551,973,0,0,609,1139,95
1/27/2025,DC-06,North,SKU-SKU-201,399,10.1,973,1206,0,0,632,1139,95
2/3/2025,DC-06,North,SKU-SKU-201,549,7.1,1206,1287,0,0,631,1139,95
2/10/2025,DC-06,North,SKU-SKU-201,394,4.7,1287,1487,0,0,594,1139,95
2/17/2025,DC-06,North,SKU-SKU-201,639,8.7,1487,1575,0,0,727,1139,95
2/24/2025,DC-06,North,SKU-SKU-201,861,6.6,1575,1372,0,0,659,1139,95
3/3/2025,DC-06,North,SKU-SKU-201,875,8.6,1372,1103,0,0,606,1139,95
3/10/2025,DC-06,North,SKU-SKU-201,860,7.9,1103,949,0,0,705,1139,95
3/17/2025,DC-06,North,SKU-SKU-201,302,7.4,949,1298,0,0,651,1139,95
3/24/2025,DC-06,North,SKU-SKU-201,323,7.3,1298,1528,0,0,553,1139,95
3/31/2025,DC-06,North,SKU-SKU-201,1393,8.8,1528,759,0,0,624,1139,95
4/7/2025,DC-06,North,SKU-SKU-201,1020,8.2,759,731,1,260,731,1139,95
4/14/2025,DC-06,North,SKU-SKU-201,677,8,731,634,0,0,580,1139,95
4/21/2025,DC-06,North,SKU-SKU-201,49,5.1,634,1140,0,0,554,1139,95
4/28/2025,DC-06,North,SKU-SKU-201,664,6.8,1140,1203,0,0,727,1139,95
5/5/2025,DC-06,North,SKU-SKU-201,654,6.2,1203,1184,0,0,635,1139,95
5/12/2025,DC-06,North,SKU-SKU-201,911,5,1184,866,0,0,594,1139,95
5/19/2025,DC-06,North,SKU-SKU-201,997,8.4,866,714,1,131,714,1139,95
5/26/2025,DC-06,North,SKU-SKU-201,697,6.5,714,603,0,0,587,1139,95
6/2/2025,DC-06,North,SKU-SKU-201,1080,7,603,523,1,477,523,1139,95
6/9/2025,DC-06,North,SKU-SKU-201,828,5.3,523,555,1,305,555,1139,95
6/16/2025,DC-06,North,SKU-SKU-201,418,7.7,555,700,0,0,563,1139,95
6/23/2025,DC-06,North,SKU-SKU-201,541,7.7,700,893,0,0,735,1139,95
6/30/2025,DC-06,North,SKU-SKU-201,0,7.4,893,1484,0,0,590,1139,95
7/7/2025,DC-06,North,SKU-SKU-201,456,8.2,1484,1566,0,0,538,1139,95
7/14/2025,DC-06,North,SKU-SKU-201,994,8.4,1566,1262,0,0,690,1139,95
7/21/2025,DC-06,North,SKU-SKU-201,642,7,1262,1238,0,0,618,1139,95
7/28/2025,DC-06,North,SKU-SKU-201,0,4.7,1238,1894,0,0,657,1139,95
8/4/2025,DC-06,North,SKU-SKU-201,0,8.6,1894,1894,0,0,0,1139,95
8/11/2025,DC-06,North,SKU-SKU-201,420,7,1894,1474,0,0,0,1139,95
8/18/2025,DC-06,North,SKU-SKU-201,258,5.1,1474,1941,0,0,725,1139,95
8/25/2025,DC-06,North,SKU-SKU-201,666,6.2,1941,1275,0,0,0,1139,95
9/1/2025,DC-06,North,SKU-SKU-201,652,6,1275,1304,0,0,680,1139,95
9/8/2025,DC-06,North,SKU-SKU-201,915,5.5,1304,983,0,0,594,1139,95
9/15/2025,DC-06,North,SKU-SKU-201,204,8.3,983,1466,0,0,687,1139,95
9/22/2025,DC-06,North,SKU-SKU-201,822,9.2,1466,1274,0,0,629,1139,95
9/29/2025,DC-06,North,SKU-SKU-201,313,8.8,1274,1580,0,0,620,1139,95
10/6/2025,DC-06,North,SKU-SKU-201,73,8.9,1580,2230,0,0,724,1139,95
10/13/2025,DC-06,North,SKU-SKU-201,450,8.9,2230,1780,0,0,0,1139,95
10/20/2025,DC-06,North,SKU-SKU-201,227,9,1780,1554,0,0,0,1139,95
10/27/2025,DC-06,North,SKU-SKU-201,89,7.7,1554,2115,0,0,651,1139,95
11/3/2025,DC-06,North,SKU-SKU-201,364,9,2115,1751,0,0,0,1139,95
11/10/2025,DC-06,North,SKU-SKU-201,0,5.7,1751,1751,0,0,0,1139,95
11/17/2025,DC-06,North,SKU-SKU-201,846,7,1751,905,0,0,0,1139,95
11/24/2025,DC-06,North,SKU-SKU-201,434,8.6,905,1169,0,0,698,1139,95
12/1/2025,DC-06,North,SKU-SKU-201,112,7.6,1169,1685,0,0,628,1139,95
12/8/2025,DC-06,North,SKU-SKU-201,492,6.8,1685,1916,0,0,723,1139,95
12/15/2025,DC-06,North,SKU-SKU-201,364,7.9,1916,1552,0,0,0,1139,95
12/22/2025,DC-06,North,SKU-SKU-201,552,8.2,1552,1654,0,0,654,1139,95
12/29/2025,DC-06,North,SKU-SKU-201,635,9.5,1654,1588,0,0,569,1139,95
1/5/2026,DC-06,North,SKU-SKU-201,380,8.1,1588,1822,0,0,615,1139,95
1/12/2026,DC-06,North,SKU-SKU-201,366,7.9,1822,1456,0,0,0,1139,95
1/19/2026,DC-06,North,SKU-SKU-201,530,5.3,1456,1535,0,0,609,1139,95
1/26/2026,DC-06,North,SKU-SKU-201,752,8.7,1535,1476,0,0,693,1139,95
2/2/2026,DC-06,North,SKU-SKU-201,998,8.3,1476,1062,0,0,584,1139,95
2/9/2026,DC-06,North,SKU-SKU-201,256,7.2,1062,1529,0,0,723,1139,95
2/16/2026,DC-06,North,SKU-SKU-201,0,6.4,1529,2208,0,0,680,1139,95
2/23/2026,DC-06,North,SKU-SKU-201,287,8,2208,1922,0,0,0,1139,95
3/2/2026,DC-06,North,SKU-SKU-201,367,7.7,1922,1554,0,0,0,1139,95
3/9/2026,DC-06,North,SKU-SKU-201,529,6.7,1554,1661,0,0,636,1139,95
3/16/2026,DC-06,North,SKU-SKU-201,481,6.2,1661,1865,0,0,686,1139,95
3/23/2026,DC-06,North,SKU-SKU-201,1142,6.8,1865,723,0,0,0,1139,95
3/30/2026,DC-06,North,SKU-SKU-201,619,8.6,723,731,0,0,627,1139,95
4/6/2026,DC-06,North,SKU-SKU-201,161,6.2,731,1103,0,0,533,1139,95
4/13/2026,DC-06,North,SKU-SKU-201,572,6,1103,1085,0,0,554,1139,95
4/20/2026,DC-06,North,SKU-SKU-201,725,7.4,1085,952,0,0,593,1139,95
4/27/2026,DC-06,North,SKU-SKU-201,580,7.6,952,997,0,0,625,1139,95
5/4/2026,DC-06,North,SKU-SKU-201,670,8.8,997,1032,0,0,705,1139,95
5/11/2026,DC-06,North,SKU-SKU-201,1023,6.3,1032,525,0,0,517,1139,95
5/18/2026,DC-06,North,SKU-SKU-201,1558,6.6,525,571,1,1033,571,1139,95
5/25/2026,DC-06,North,SKU-SKU-201,916,8.2,571,738,1,345,738,1139,95
6/1/2026,DC-06,North,SKU-SKU-201,916,6,738,720,1,178,720,1139,95
6/8/2026,DC-06,North,SKU-SKU-201,739,6.4,720,568,1,19,568,1139,95
6/15/2026,DC-06,North,SKU-SKU-201,801,9.3,568,649,1,234,649,1139,95
6/22/2026,DC-06,North,SKU-SKU-201,658,6,649,696,1,8,696,1139,95
6/29/2026,DC-06,North,SKU-SKU-201,660,9.1,696,745,0,0,708,1139,95
7/6/2026,DC-06,North,SKU-SKU-201,121,7.3,745,1217,0,0,593,1139,95
7/13/2026,DC-06,North,SKU-SKU-201,625,7.4,1217,1279,0,0,686,1139,95
7/20/2026,DC-06,North,SKU-SKU-201,537,9.1,1279,1314,0,0,572,1139,95
7/27/2026,DC-06,North,SKU-SKU-201,1134,7.7,1314,835,0,0,655,1139,95
8/3/2026,DC-06,North,SKU-SKU-201,812,7.8,835,589,0,0,566,1139,95
8/10/2026,DC-06,North,SKU-SKU-201,303,7.3,589,936,0,0,650,1139,95
8/17/2026,DC-06,North,SKU-SKU-201,929,10,936,666,0,0,660,1139,95
8/24/2026,DC-06,North,SKU-SKU-201,986,5.9,666,673,1,319,673,1139,95
9/2/2024,DC-06,North,SKU-SKU-202,597,8.5,1171,574,0,0,0,781,95
9/9/2024,DC-06,North,SKU-SKU-202,419,7.3,574,520,0,0,364,781,95
9/16/2024,DC-06,North,SKU-SKU-202,163,7.3,520,848,0,0,491,781,95
9/23/2024,DC-06,North,SKU-SKU-202,85,8.5,848,1151,0,0,388,781,95
9/30/2024,DC-06,North,SKU-SKU-202,483,6.5,1151,1040,0,0,372,781,95
10/7/2024,DC-06,North,SKU-SKU-202,441,10.4,1040,955,0,0,355,781,95
10/14/2024,DC-06,North,SKU-SKU-202,252,9.1,955,1096,0,0,393,781,95
10/21/2024,DC-06,North,SKU-SKU-202,421,8.2,1096,1067,0,0,392,781,95
10/28/2024,DC-06,North,SKU-SKU-202,318,9.8,1067,1225,0,0,476,781,95
11/4/2024,DC-06,North,SKU-SKU-202,162,6.6,1225,1062,0,0,0,781,95
11/11/2024,DC-06,North,SKU-SKU-202,580,10.3,1062,908,0,0,425,781,95
11/18/2024,DC-06,North,SKU-SKU-202,120,8.6,908,1277,0,0,489,781,95
11/25/2024,DC-06,North,SKU-SKU-202,246,9.5,1277,1031,0,0,0,781,95
12/2/2024,DC-06,North,SKU-SKU-202,558,7,1031,843,0,0,371,781,95
12/9/2024,DC-06,North,SKU-SKU-202,307,7.9,843,1041,0,0,505,781,95
12/16/2024,DC-06,North,SKU-SKU-202,289,6,1041,1114,0,0,361,781,95
12/23/2024,DC-06,North,SKU-SKU-202,169,11.1,1114,1397,0,0,453,781,95
12/30/2024,DC-06,North,SKU-SKU-202,448,8.4,1397,950,0,0,0,781,95
1/6/2025,DC-06,North,SKU-SKU-202,203,8.4,950,1164,0,0,417,781,95
1/13/2025,DC-06,North,SKU-SKU-202,444,7.7,1164,1094,0,0,374,781,95
1/20/2025,DC-06,North,SKU-SKU-202,320,9.3,1094,1161,0,0,387,781,95
1/27/2025,DC-06,North,SKU-SKU-202,508,8.2,1161,1016,0,0,362,781,95
2/3/2025,DC-06,North,SKU-SKU-202,494,7.2,1016,929,0,0,406,781,95
2/10/2025,DC-06,North,SKU-SKU-202,369,7.5,929,921,0,0,361,781,95
2/17/2025,DC-06,North,SKU-SKU-202,467,7.6,921,925,0,0,470,781,95
2/24/2025,DC-06,North,SKU-SKU-202,567,6.5,925,801,0,0,443,781,95
3/3/2025,DC-06,North,SKU-SKU-202,628,9.1,801,590,0,0,416,781,95
3/10/2025,DC-06,North,SKU-SKU-202,425,7.5,590,608,0,0,444,781,95
3/17/2025,DC-06,North,SKU-SKU-202,474,6.2,608,585,0,0,451,781,95
3/24/2025,DC-06,North,SKU-SKU-202,375,10.1,585,703,0,0,492,781,95
3/31/2025,DC-06,North,SKU-SKU-202,162,7.6,703,1008,0,0,468,781,95
4/7/2025,DC-06,North,SKU-SKU-202,502,8.8,1008,942,0,0,435,781,95
4/14/2025,DC-06,North,SKU-SKU-202,487,8,942,911,0,0,457,781,95
4/21/2025,DC-06,North,SKU-SKU-202,379,9.4,911,1002,0,0,470,781,95
4/28/2025,DC-06,North,SKU-SKU-202,396,7.9,1002,1004,0,0,397,781,95
5/5/2025,DC-06,North,SKU-SKU-202,414,8.3,1004,987,0,0,396,781,95
5/12/2025,DC-06,North,SKU-SKU-202,776,9.7,987,582,0,0,371,781,95
5/19/2025,DC-06,North,SKU-SKU-202,462,6.4,582,522,0,0,402,781,95
5/26/2025,DC-06,North,SKU-SKU-202,416,9,522,519,0,0,413,781,95
6/2/2025,DC-06,North,SKU-SKU-202,444,7.3,519,484,0,0,409,781,95
6/9/2025,DC-06,North,SKU-SKU-202,315,7,484,590,0,0,422,781,95
6/16/2025,DC-06,North,SKU-SKU-202,600,6.7,590,450,1,9,450,781,95
6/23/2025,DC-06,North,SKU-SKU-202,619,7.5,450,478,1,168,478,781,95
6/30/2025,DC-06,North,SKU-SKU-202,212,10.2,478,761,0,0,495,781,95
7/7/2025,DC-06,North,SKU-SKU-202,272,9.9,761,947,0,0,459,781,95
7/14/2025,DC-06,North,SKU-SKU-202,265,8.3,947,1188,0,0,505,781,95
7/21/2025,DC-06,North,SKU-SKU-202,209,6.4,1188,979,0,0,0,781,95
7/28/2025,DC-06,North,SKU-SKU-202,482,8.5,979,880,0,0,383,781,95
8/4/2025,DC-06,North,SKU-SKU-202,338,8.6,880,955,0,0,414,781,95
8/11/2025,DC-06,North,SKU-SKU-202,306,6.8,955,1029,0,0,380,781,95
8/18/2025,DC-06,North,SKU-SKU-202,332,7.6,1029,1187,0,0,490,781,95
8/25/2025,DC-06,North,SKU-SKU-202,457,5.3,1187,730,0,0,0,781,95
9/1/2025,DC-06,North,SKU-SKU-202,269,8.1,730,820,0,0,359,781,95
9/8/2025,DC-06,North,SKU-SKU-202,589,8.1,820,591,0,0,361,781,95
9/15/2025,DC-06,North,SKU-SKU-202,442,9.1,591,600,0,0,450,781,95
9/22/2025,DC-06,North,SKU-SKU-202,188,10.1,600,784,0,0,372,781,95
9/29/2025,DC-06,North,SKU-SKU-202,311,6.4,784,851,0,0,377,781,95
10/6/2025,DC-06,North,SKU-SKU-202,0,5.7,851,1216,0,0,365,781,95
10/13/2025,DC-06,North,SKU-SKU-202,181,7.3,1216,1035,0,0,0,781,95
10/20/2025,DC-06,North,SKU-SKU-202,427,7.4,1035,1014,0,0,407,781,95
10/27/2025,DC-06,North,SKU-SKU-202,634,8,1014,842,0,0,462,781,95
11/3/2025,DC-06,North,SKU-SKU-202,452,8.2,842,773,0,0,384,781,95
11/10/2025,DC-06,North,SKU-SKU-202,352,6.6,773,915,0,0,494,781,95
11/17/2025,DC-06,North,SKU-SKU-202,408,7.2,915,907,0,0,400,781,95
11/24/2025,DC-06,North,SKU-SKU-202,319,8.2,907,1009,0,0,421,781,95
12/1/2025,DC-06,North,SKU-SKU-202,167,9.5,1009,1245,0,0,403,781,95
12/8/2025,DC-06,North,SKU-SKU-202,443,6.7,1245,802,0,0,0,781,95
12/15/2025,DC-06,North,SKU-SKU-202,262,6.1,802,990,0,0,451,781,95
12/22/2025,DC-06,North,SKU-SKU-202,446,7.1,990,1007,0,0,462,781,95
12/29/2025,DC-06,North,SKU-SKU-202,112,8.7,1007,1366,0,0,471,781,95
1/5/2026,DC-06,North,SKU-SKU-202,414,4.2,1366,952,0,0,0,781,95
1/12/2026,DC-06,North,SKU-SKU-202,315,6.2,952,1132,0,0,495,781,95
1/19/2026,DC-06,North,SKU-SKU-202,337,5.4,1132,1150,0,0,355,781,95
1/26/2026,DC-06,North,SKU-SKU-202,551,8.5,1150,1088,0,0,489,781,95
2/2/2026,DC-06,North,SKU-SKU-202,527,6.5,1088,937,0,0,376,781,95
2/9/2026,DC-06,North,SKU-SKU-202,495,7.7,937,916,0,0,473,781,95
2/16/2026,DC-06,North,SKU-SKU-202,315,6.9,916,989,0,0,388,781,95
2/23/2026,DC-06,North,SKU-SKU-202,346,7.2,989,1007,0,0,364,781,95
3/2/2026,DC-06,North,SKU-SKU-202,267,6.7,1007,1206,0,0,466,781,95
3/9/2026,DC-06,North,SKU-SKU-202,721,7.3,1206,484,0,0,0,781,95
3/16/2026,DC-06,North,SKU-SKU-202,527,10.4,484,370,1,43,370,781,95
3/23/2026,DC-06,North,SKU-SKU-202,433,7,370,361,1,63,361,781,95
3/30/2026,DC-06,North,SKU-SKU-202,453,9.4,361,377,1,92,377,781,95
4/6/2026,DC-06,North,SKU-SKU-202,662,7.8,377,421,1,285,421,781,95
4/13/2026,DC-06,North,SKU-SKU-202,591,7,421,472,1,170,472,781,95
4/20/2026,DC-06,North,SKU-SKU-202,516,8.8,472,489,1,44,489,781,95
4/27/2026,DC-06,North,SKU-SKU-202,535,6.9,489,418,1,46,418,781,95
5/4/2026,DC-06,North,SKU-SKU-202,502,7.7,418,396,1,84,396,781,95
5/11/2026,DC-06,North,SKU-SKU-202,542,8,396,362,1,146,362,781,95
5/18/2026,DC-06,North,SKU-SKU-202,479,8.3,362,392,1,117,392,781,95
5/25/2026,DC-06,North,SKU-SKU-202,450,9.2,392,488,1,59,488,781,95
6/1/2026,DC-06,North,SKU-SKU-202,525,4.7,488,444,1,37,444,781,95
6/8/2026,DC-06,North,SKU-SKU-202,170,9.5,444,638,0,0,364,781,95
6/15/2026,DC-06,North,SKU-SKU-202,394,7.3,638,616,0,0,372,781,95
6/22/2026,DC-06,North,SKU-SKU-202,373,8.8,616,598,0,0,355,781,95
6/29/2026,DC-06,North,SKU-SKU-202,283,5.6,598,740,0,0,426,781,95
7/6/2026,DC-06,North,SKU-SKU-202,438,7.3,740,686,0,0,384,781,95
7/13/2026,DC-06,North,SKU-SKU-202,654,7.8,686,456,0,0,424,781,95
7/20/2026,DC-06,North,SKU-SKU-202,369,9.9,456,465,0,0,378,781,95
7/27/2026,DC-06,North,SKU-SKU-202,303,9.4,465,652,0,0,489,781,95
8/3/2026,DC-06,North,SKU-SKU-202,357,8.8,652,744,0,0,450,781,95
8/10/2026,DC-06,North,SKU-SKU-202,119,7.3,744,1101,0,0,476,781,95
8/17/2026,DC-06,North,SKU-SKU-202,230,9,1101,1288,0,0,417,781,95
8/24/2026,DC-06,North,SKU-SKU-202,278,7.6,1288,1010,0,0,0,781,95
9/2/2024,DC-06,North,SKU-SKU-203,298,7.9,877,579,0,0,0,585,95
9/9/2024,DC-06,North,SKU-SKU-203,265,6.3,579,655,0,0,341,585,95
9/16/2024,DC-06,North,SKU-SKU-203,153,9.1,655,832,0,0,331,585,95
9/23/2024,DC-06,North,SKU-SKU-203,121,8,832,985,0,0,274,585,95
9/30/2024,DC-06,North,SKU-SKU-203,216,8.5,985,769,0,0,0,585,95
10/7/2024,DC-06,North,SKU-SKU-203,389,8.1,769,653,0,0,273,585,95
10/14/2024,DC-06,North,SKU-SKU-203,249,7.1,653,678,0,0,275,585,95
10/21/2024,DC-06,North,SKU-SKU-203,119,9.9,678,855,0,0,296,585,95
10/28/2024,DC-06,North,SKU-SKU-203,237,6.2,855,998,0,0,380,585,95
11/4/2024,DC-06,North,SKU-SKU-203,299,7.3,998,699,0,0,0,585,95
11/11/2024,DC-06,North,SKU-SKU-203,341,9.3,699,634,0,0,276,585,95
11/18/2024,DC-06,North,SKU-SKU-203,388,6.6,634,609,0,0,363,585,95
11/25/2024,DC-06,North,SKU-SKU-203,472,8.1,609,495,0,0,357,585,95
12/2/2024,DC-06,North,SKU-SKU-203,459,7.1,495,385,0,0,350,585,95
12/9/2024,DC-06,North,SKU-SKU-203,369,5.7,385,340,0,0,324,585,95
12/16/2024,DC-06,North,SKU-SKU-203,146,6.3,340,527,0,0,334,585,95
12/23/2024,DC-06,North,SKU-SKU-203,197,8.7,527,634,0,0,304,585,95
12/30/2024,DC-06,North,SKU-SKU-203,276,7,634,652,0,0,294,585,95
1/6/2025,DC-06,North,SKU-SKU-203,260,8.2,652,720,0,0,328,585,95
1/13/2025,DC-06,North,SKU-SKU-203,268,7.1,720,778,0,0,327,585,95
1/20/2025,DC-06,North,SKU-SKU-203,364,5,778,689,0,0,275,585,95
1/27/2025,DC-06,North,SKU-SKU-203,195,7.1,689,786,0,0,292,585,95
2/3/2025,DC-06,North,SKU-SKU-203,365,6.5,786,796,0,0,374,585,95
2/10/2025,DC-06,North,SKU-SKU-203,257,8.8,796,833,0,0,295,585,95
2/17/2025,DC-06,North,SKU-SKU-203,306,8.5,833,883,0,0,356,585,95
2/24/2025,DC-06,North,SKU-SKU-203,167,5.6,883,717,0,0,0,585,95
3/3/2025,DC-06,North,SKU-SKU-203,426,6.1,717,588,0,0,298,585,95
3/10/2025,DC-06,North,SKU-SKU-203,470,6.9,588,418,0,0,301,585,95
3/17/2025,DC-06,North,SKU-SKU-203,356,9.3,418,395,0,0,333,585,95
3/24/2025,DC-06,North,SKU-SKU-203,257,8.4,395,464,0,0,326,585,95
3/31/2025,DC-06,North,SKU-SKU-203,325,8.2,464,493,0,0,355,585,95
4/7/2025,DC-06,North,SKU-SKU-203,230,6.4,493,611,0,0,348,585,95
4/14/2025,DC-06,North,SKU-SKU-203,277,8.4,611,622,0,0,288,585,95
4/21/2025,DC-06,North,SKU-SKU-203,311,9.4,622,622,0,0,312,585,95
4/28/2025,DC-06,North,SKU-SKU-203,429,7.8,622,547,0,0,354,585,95
5/5/2025,DC-06,North,SKU-SKU-203,401,7.4,547,435,0,0,289,585,95
5/12/2025,DC-06,North,SKU-SKU-203,156,8.4,435,577,0,0,298,585,95
5/19/2025,DC-06,North,SKU-SKU-203,491,8.2,577,389,0,0,303,585,95
5/26/2025,DC-06,North,SKU-SKU-203,323,7.5,389,411,0,0,345,585,95
6/2/2025,DC-06,North,SKU-SKU-203,423,10.6,411,354,1,12,354,585,95
6/9/2025,DC-06,North,SKU-SKU-203,419,9.5,354,313,1,65,313,585,95
6/16/2025,DC-06,North,SKU-SKU-203,249,7.2,313,377,0,0,313,585,95
6/23/2025,DC-06,North,SKU-SKU-203,350,6.2,377,311,0,0,284,585,95
6/30/2025,DC-06,North,SKU-SKU-203,337,4.9,311,349,1,25,349,585,95
7/7/2025,DC-06,North,SKU-SKU-203,208,6.9,349,470,0,0,329,585,95
7/14/2025,DC-06,North,SKU-SKU-203,225,7.9,470,610,0,0,366,585,95
7/21/2025,DC-06,North,SKU-SKU-203,146,5.5,610,787,0,0,323,585,95
7/28/2025,DC-06,North,SKU-SKU-203,312,8.6,787,838,0,0,362,585,95
8/4/2025,DC-06,North,SKU-SKU-203,287,8.4,838,892,0,0,341,585,95
8/11/2025,DC-06,North,SKU-SKU-203,217,7.1,892,675,0,0,0,585,95
8/18/2025,DC-06,North,SKU-SKU-203,195,9.2,675,810,0,0,331,585,95
8/25/2025,DC-06,North,SKU-SKU-203,174,4.9,810,905,0,0,268,585,95
9/1/2025,DC-06,North,SKU-SKU-203,165,6.6,905,740,0,0,0,585,95
9/8/2025,DC-06,North,SKU-SKU-203,395,6.1,740,648,0,0,303,585,95
9/15/2025,DC-06,North,SKU-SKU-203,97,5.8,648,863,0,0,312,585,95
9/22/2025,DC-06,North,SKU-SKU-203,232,7.2,863,980,0,0,349,585,95
9/29/2025,DC-06,North,SKU-SKU-203,284,7.9,980,695,0,0,0,585,95
10/6/2025,DC-06,North,SKU-SKU-203,276,8.3,695,788,0,0,368,585,95
10/13/2025,DC-06,North,SKU-SKU-203,401,6.8,788,672,0,0,285,585,95
10/20/2025,DC-06,North,SKU-SKU-203,160,6.6,672,875,0,0,363,585,95
10/27/2025,DC-06,North,SKU-SKU-203,134,7.4,875,1081,0,0,340,585,95
11/3/2025,DC-06,North,SKU-SKU-203,202,6.6,1081,879,0,0,0,585,95
11/10/2025,DC-06,North,SKU-SKU-203,383,9.5,879,496,0,0,0,585,95
11/17/2025,DC-06,North,SKU-SKU-203,328,8,496,515,0,0,348,585,95
11/24/2025,DC-06,North,SKU-SKU-203,296,5.9,515,522,0,0,303,585,95
12/1/2025,DC-06,North,SKU-SKU-203,279,8.4,522,577,0,0,333,585,95
12/8/2025,DC-06,North,SKU-SKU-203,403,8.8,577,446,0,0,273,585,95
12/15/2025,DC-06,North,SKU-SKU-203,251,7.2,446,521,0,0,326,585,95
12/22/2025,DC-06,North,SKU-SKU-203,296,8.6,521,574,0,0,350,585,95
12/29/2025,DC-06,North,SKU-SKU-203,255,6.9,574,606,0,0,286,585,95
1/5/2026,DC-06,North,SKU-SKU-203,260,9.3,606,663,0,0,317,585,95
1/12/2026,DC-06,North,SKU-SKU-203,493,8.3,663,547,0,0,378,585,95
1/19/2026,DC-06,North,SKU-SKU-203,188,9.3,547,694,0,0,335,585,95
1/26/2026,DC-06,North,SKU-SKU-203,343,7.5,694,687,0,0,336,585,95
2/2/2026,DC-06,North,SKU-SKU-203,393,7.1,687,603,0,0,309,585,95
2/9/2026,DC-06,North,SKU-SKU-203,350,8.2,603,524,0,0,271,585,95
2/16/2026,DC-06,North,SKU-SKU-203,248,6.5,524,555,0,0,280,585,95
2/23/2026,DC-06,North,SKU-SKU-203,449,7.9,555,405,0,0,299,585,95
3/2/2026,DC-06,North,SKU-SKU-203,313,7.1,405,449,0,0,357,585,95
3/9/2026,DC-06,North,SKU-SKU-203,297,6,449,501,0,0,348,585,95
3/16/2026,DC-06,North,SKU-SKU-203,363,8,501,495,0,0,357,585,95
3/23/2026,DC-06,North,SKU-SKU-203,296,8.1,495,526,0,0,328,585,95
3/30/2026,DC-06,North,SKU-SKU-203,285,7.7,526,534,0,0,293,585,95
4/6/2026,DC-06,North,SKU-SKU-203,481,6.6,534,372,0,0,318,585,95
4/13/2026,DC-06,North,SKU-SKU-203,291,9,372,391,0,0,310,585,95
4/20/2026,DC-06,North,SKU-SKU-203,552,7.6,391,352,1,162,352,585,95
4/27/2026,DC-06,North,SKU-SKU-203,337,8,352,319,0,0,304,585,95
5/4/2026,DC-06,North,SKU-SKU-203,334,6.3,319,309,1,15,309,585,95
5/11/2026,DC-06,North,SKU-SKU-203,365,7.5,309,273,1,56,273,585,95
5/18/2026,DC-06,North,SKU-SKU-203,244,6.5,273,335,0,0,306,585,95
5/25/2026,DC-06,North,SKU-SKU-203,557,8.1,335,280,1,222,280,585,95
6/1/2026,DC-06,North,SKU-SKU-203,237,7.5,280,400,0,0,356,585,95
6/8/2026,DC-06,North,SKU-SKU-203,355,8.9,400,315,0,0,271,585,95
6/15/2026,DC-06,North,SKU-SKU-203,296,6.8,315,372,0,0,352,585,95
6/22/2026,DC-06,North,SKU-SKU-203,369,6.9,372,307,0,0,304,585,95
6/29/2026,DC-06,North,SKU-SKU-203,220,8.3,307,400,0,0,313,585,95
7/6/2026,DC-06,North,SKU-SKU-203,360,5.2,400,403,0,0,363,585,95
7/13/2026,DC-06,North,SKU-SKU-203,241,6.7,403,433,0,0,271,585,95
7/20/2026,DC-06,North,SKU-SKU-203,94,10.1,433,620,0,0,281,585,95
7/27/2026,DC-06,North,SKU-SKU-203,253,6.1,620,723,0,0,356,585,95
8/3/2026,DC-06,North,SKU-SKU-203,378,8,723,699,0,0,354,585,95
8/10/2026,DC-06,North,SKU-SKU-203,358,6.7,699,672,0,0,331,585,95
8/17/2026,DC-06,North,SKU-SKU-203,158,7.7,672,852,0,0,338,585,95
8/24/2026,DC-06,North,SKU-SKU-203,229,8.3,852,894,0,0,271,585,95
9/2/2024,DC-06,North,SKU-SKU-301,78,8.5,870,792,0,0,0,580,95
9/9/2024,DC-06,North,SKU-SKU-301,434,9.4,792,670,0,0,312,580,95
9/16/2024,DC-06,North,SKU-SKU-301,277,8.3,670,655,0,0,262,580,95
9/23/2024,DC-06,North,SKU-SKU-301,344,8.6,655,639,0,0,328,580,95
9/30/2024,DC-06,North,SKU-SKU-301,139,8.2,639,870,0,0,370,580,95
10/7/2024,DC-06,North,SKU-SKU-301,139,7.9,870,731,0,0,0,580,95
10/14/2024,DC-06,North,SKU-SKU-301,164,8.1,731,913,0,0,345,580,95
10/21/2024,DC-06,North,SKU-SKU-301,0,8.1,913,913,0,0,0,580,95
10/28/2024,DC-06,North,SKU-SKU-301,241,9.2,913,671,0,0,0,580,95
11/4/2024,DC-06,North,SKU-SKU-301,192,7.8,671,759,0,0,280,580,95
11/11/2024,DC-06,North,SKU-SKU-301,138,7.1,759,938,0,0,317,580,95
11/18/2024,DC-06,North,SKU-SKU-301,286,7.8,938,651,0,0,0,580,95
11/25/2024,DC-06,North,SKU-SKU-301,102,8.7,651,924,0,0,374,580,95
12/2/2024,DC-06,North,SKU-SKU-301,270,8.7,924,654,0,0,0,580,95
12/9/2024,DC-06,North,SKU-SKU-301,503,4.8,654,454,0,0,304,580,95
12/16/2024,DC-06,North,SKU-SKU-301,325,8.3,454,476,0,0,347,580,95
12/23/2024,DC-06,North,SKU-SKU-301,315,8.6,476,491,0,0,330,580,95
12/30/2024,DC-06,North,SKU-SKU-301,392,8.7,491,429,0,0,329,580,95
1/6/2025,DC-06,North,SKU-SKU-301,540,6.9,429,352,1,111,352,580,95
1/13/2025,DC-06,North,SKU-SKU-301,495,8.1,352,370,1,143,370,580,95
1/20/2025,DC-06,North,SKU-SKU-301,40,7.6,370,593,0,0,263,580,95
1/27/2025,DC-06,North,SKU-SKU-301,145,8.9,593,717,0,0,269,580,95
2/3/2025,DC-06,North,SKU-SKU-301,477,7.5,717,552,0,0,312,580,95
2/10/2025,DC-06,North,SKU-SKU-301,387,7.9,552,484,0,0,319,580,95
2/17/2025,DC-06,North,SKU-SKU-301,243,8,484,542,0,0,301,580,95
2/24/2025,DC-06,North,SKU-SKU-301,274,8.5,542,544,0,0,276,580,95
3/3/2025,DC-06,North,SKU-SKU-301,484,6.7,544,420,0,0,359,580,95
3/10/2025,DC-06,North,SKU-SKU-301,353,7,420,389,0,0,323,580,95
3/17/2025,DC-06,North,SKU-SKU-301,249,7.9,389,444,0,0,303,580,95
3/24/2025,DC-06,North,SKU-SKU-301,278,7.3,444,538,0,0,372,580,95
3/31/2025,DC-06,North,SKU-SKU-301,373,7.5,538,520,0,0,354,580,95
4/7/2025,DC-06,North,SKU-SKU-301,555,6.5,520,282,1,35,282,580,95
4/14/2025,DC-06,North,SKU-SKU-301,311,8.9,282,373,1,29,373,580,95
4/21/2025,DC-06,North,SKU-SKU-301,0,6.4,373,653,0,0,281,580,95
4/28/2025,DC-06,North,SKU-SKU-301,731,9,653,318,1,78,318,580,95
5/5/2025,DC-06,North,SKU-SKU-301,126,7.9,318,534,0,0,343,580,95
5/12/2025,DC-06,North,SKU-SKU-301,594,8.3,534,352,1,59,352,580,95
5/19/2025,DC-06,North,SKU-SKU-301,200,8.5,352,459,0,0,307,580,95
5/26/2025,DC-06,North,SKU-SKU-301,254,6.8,459,577,0,0,372,580,95
6/2/2025,DC-06,North,SKU-SKU-301,299,6.9,577,614,0,0,336,580,95
6/9/2025,DC-06,North,SKU-SKU-301,429,7.7,614,480,0,0,296,580,95
6/16/2025,DC-06,North,SKU-SKU-301,143,9.5,480,655,0,0,317,580,95
6/23/2025,DC-06,North,SKU-SKU-301,387,7.5,655,624,0,0,357,580,95
6/30/2025,DC-06,North,SKU-SKU-301,221,9.9,624,717,0,0,314,580,95
7/7/2025,DC-06,North,SKU-SKU-301,112,6.6,717,909,0,0,304,580,95
7/14/2025,DC-06,North,SKU-SKU-301,306,7.2,909,603,0,0,0,580,95
7/21/2025,DC-06,North,SKU-SKU-301,219,7.2,603,674,0,0,291,580,95
7/28/2025,DC-06,North,SKU-SKU-301,79,6,674,949,0,0,353,580,95
8/4/2025,DC-06,North,SKU-SKU-301,153,8.2,949,795,0,0,0,580,95
8/11/2025,DC-06,North,SKU-SKU-301,286,9.1,795,829,0,0,320,580,95
8/18/2025,DC-06,North,SKU-SKU-301,357,7,829,745,0,0,272,580,95
8/25/2025,DC-06,North,SKU-SKU-301,206,7,745,840,0,0,301,580,95
9/1/2025,DC-06,North,SKU-SKU-301,395,7.3,840,811,0,0,365,580,95
9/8/2025,DC-06,North,SKU-SKU-301,48,7.9,811,1088,0,0,325,580,95
9/15/2025,DC-06,North,SKU-SKU-301,592,6,1088,496,0,0,0,580,95
9/22/2025,DC-06,North,SKU-SKU-301,298,6,496,514,0,0,316,580,95
9/29/2025,DC-06,North,SKU-SKU-301,295,8.2,514,484,0,0,264,580,95
10/6/2025,DC-06,North,SKU-SKU-301,224,9.2,484,599,0,0,339,580,95
10/13/2025,DC-06,North,SKU-SKU-301,236,8.6,599,730,0,0,366,580,95
10/20/2025,DC-06,North,SKU-SKU-301,440,8,730,613,0,0,324,580,95
10/27/2025,DC-06,North,SKU-SKU-301,129,7.4,613,839,0,0,355,580,95
11/3/2025,DC-06,North,SKU-SKU-301,257,8.6,839,946,0,0,364,580,95
11/10/2025,DC-06,North,SKU-SKU-301,355,4.8,946,591,0,0,0,580,95
11/17/2025,DC-06,North,SKU-SKU-301,218,7.3,591,676,0,0,303,580,95
11/24/2025,DC-06,North,SKU-SKU-301,439,7.7,676,532,0,0,295,580,95
12/1/2025,DC-06,North,SKU-SKU-301,204,8.7,532,648,0,0,320,580,95
12/8/2025,DC-06,North,SKU-SKU-301,388,7.9,648,568,0,0,309,580,95
12/15/2025,DC-06,North,SKU-SKU-301,303,8.2,568,615,0,0,349,580,95
12/22/2025,DC-06,North,SKU-SKU-301,19,5.9,615,905,0,0,309,580,95
12/29/2025,DC-06,North,SKU-SKU-301,486,7.7,905,419,0,0,0,580,95
1/5/2026,DC-06,North,SKU-SKU-301,68,7.3,419,677,0,0,326,580,95
1/12/2026,DC-06,North,SKU-SKU-301,266,8.6,677,780,0,0,370,580,95
1/19/2026,DC-06,North,SKU-SKU-301,489,7.4,780,633,0,0,343,580,95
1/26/2026,DC-06,North,SKU-SKU-301,486,7.6,633,435,0,0,287,580,95
2/2/2026,DC-06,North,SKU-SKU-301,262,9.8,435,469,0,0,296,580,95
2/9/2026,DC-06,North,SKU-SKU-301,332,7,469,406,0,0,269,580,95
2/16/2026,DC-06,North,SKU-SKU-301,349,8.7,406,403,0,0,346,580,95
2/23/2026,DC-06,North,SKU-SKU-301,147,8.1,403,606,0,0,351,580,95
3/2/2026,DC-06,North,SKU-SKU-301,6,7.2,606,873,0,0,272,580,95
3/9/2026,DC-06,North,SKU-SKU-301,324,6.6,873,548,0,0,0,580,95
3/16/2026,DC-06,North,SKU-SKU-301,305,9.3,548,604,0,0,361,580,95
3/23/2026,DC-06,North,SKU-SKU-301,204,8.3,604,693,0,0,294,580,95
3/30/2026,DC-06,North,SKU-SKU-301,121,8.9,693,938,0,0,366,580,95
4/6/2026,DC-06,North,SKU-SKU-301,174,8.8,938,764,0,0,0,580,95
4/13/2026,DC-06,North,SKU-SKU-301,0,7.7,764,1068,0,0,304,580,95
4/20/2026,DC-06,North,SKU-SKU-301,677,7.3,1068,391,0,0,0,580,95
4/27/2026,DC-06,North,SKU-SKU-301,785,8.4,391,321,1,393,321,580,95
5/4/2026,DC-06,North,SKU-SKU-301,360,7.2,321,356,1,39,356,580,95
5/11/2026,DC-06,North,SKU-SKU-301,265,8.1,356,356,0,0,265,580,95
5/18/2026,DC-06,North,SKU-SKU-301,28,7,356,590,0,0,261,580,95
5/25/2026,DC-06,North,SKU-SKU-301,298,8.8,590,630,0,0,338,580,95
6/1/2026,DC-06,North,SKU-SKU-301,246,7.2,630,690,0,0,306,580,95
6/8/2026,DC-06,North,SKU-SKU-301,255,7.2,690,723,0,0,288,580,95
6/15/2026,DC-06,North,SKU-SKU-301,236,8.4,723,812,0,0,325,580,95
6/22/2026,DC-06,North,SKU-SKU-301,381,11.1,812,799,0,0,367,580,95
6/29/2026,DC-06,North,SKU-SKU-301,246,7.2,799,847,0,0,294,580,95
7/6/2026,DC-06,North,SKU-SKU-301,228,7.4,847,961,0,0,342,580,95
7/13/2026,DC-06,North,SKU-SKU-301,233,6.3,961,728,0,0,0,580,95
7/20/2026,DC-06,North,SKU-SKU-301,142,9.2,728,943,0,0,356,580,95
7/27/2026,DC-06,North,SKU-SKU-301,202,8.4,943,741,0,0,0,580,95
8/3/2026,DC-06,North,SKU-SKU-301,214,8.4,741,871,0,0,345,580,95
8/10/2026,DC-06,North,SKU-SKU-301,337,6.2,871,535,0,0,0,580,95
8/17/2026,DC-06,North,SKU-SKU-301,425,7.3,535,398,0,0,289,580,95
8/24/2026,DC-06,North,SKU-SKU-301,51,7.4,398,657,0,0,309,580,95
9/2/2024,DC-06,North,SKU-SKU-302,142,7.1,428,286,0,0,0,285,95
9/9/2024,DC-06,North,SKU-SKU-302,256,6.8,286,205,0,0,175,285,95
9/16/2024,DC-06,North,SKU-SKU-302,120,8.2,205,235,0,0,149,285,95
9/23/2024,DC-06,North,SKU-SKU-302,236,6.5,235,181,1,1,181,285,95
9/30/2024,DC-06,North,SKU-SKU-302,75,6,181,282,0,0,175,285,95
10/7/2024,DC-06,North,SKU-SKU-302,83,7.6,282,375,0,0,176,285,95
10/14/2024,DC-06,North,SKU-SKU-302,0,6.2,375,529,0,0,154,285,95
10/21/2024,DC-06,North,SKU-SKU-302,57,9.6,529,472,0,0,0,285,95
10/28/2024,DC-06,North,SKU-SKU-302,213,10,472,260,0,0,0,285,95
11/4/2024,DC-06,North,SKU-SKU-302,198,8.1,260,217,0,0,155,285,95
11/11/2024,DC-06,North,SKU-SKU-302,94,9.6,217,261,0,0,138,285,95
11/18/2024,DC-06,North,SKU-SKU-302,84,7.7,261,306,0,0,129,285,95
11/25/2024,DC-06,North,SKU-SKU-302,232,10.2,306,251,0,0,177,285,95
12/2/2024,DC-06,North,SKU-SKU-302,208,7.4,251,194,0,0,150,285,95
12/9/2024,DC-06,North,SKU-SKU-302,142,8.9,194,215,0,0,164,285,95
12/16/2024,DC-06,North,SKU-SKU-302,42,7.8,215,329,0,0,156,285,95
12/23/2024,DC-06,North,SKU-SKU-302,156,8.9,329,325,0,0,153,285,95
12/30/2024,DC-06,North,SKU-SKU-302,173,6.7,325,308,0,0,156,285,95
1/6/2025,DC-06,North,SKU-SKU-302,241,9.3,308,212,0,0,145,285,95
1/13/2025,DC-06,North,SKU-SKU-302,79,6.1,212,307,0,0,174,285,95
1/20/2025,DC-06,North,SKU-SKU-302,118,6,307,346,0,0,157,285,95
1/27/2025,DC-06,North,SKU-SKU-302,232,9.1,346,263,0,0,149,285,95
2/3/2025,DC-06,North,SKU-SKU-302,173,7.8,263,254,0,0,164,285,95
2/10/2025,DC-06,North,SKU-SKU-302,235,7.5,254,175,0,0,157,285,95
2/17/2025,DC-06,North,SKU-SKU-302,101,7.6,175,214,0,0,140,285,95
2/24/2025,DC-06,North,SKU-SKU-302,136,6,214,224,0,0,146,285,95
3/3/2025,DC-06,North,SKU-SKU-302,197,7.4,224,183,0,0,155,285,95
3/10/2025,DC-06,North,SKU-SKU-302,146,7.9,183,170,0,0,133,285,95
3/17/2025,DC-06,North,SKU-SKU-302,105,8.2,170,238,0,0,173,285,95
3/24/2025,DC-06,North,SKU-SKU-302,207,5,238,173,0,0,141,285,95
3/31/2025,DC-06,North,SKU-SKU-302,153,9.4,173,192,0,0,172,285,95
4/7/2025,DC-06,North,SKU-SKU-302,207,8.4,192,148,1,14,148,285,95
4/14/2025,DC-06,North,SKU-SKU-302,186,7.7,148,173,1,38,173,285,95
4/21/2025,DC-06,North,SKU-SKU-302,239,7.3,173,180,1,66,180,285,95
4/28/2025,DC-06,North,SKU-SKU-302,215,9.1,180,182,1,34,182,285,95
5/5/2025,DC-06,North,SKU-SKU-302,279,7.9,182,166,1,97,166,285,95
5/12/2025,DC-06,North,SKU-SKU-302,310,9,166,133,1,144,133,285,95
5/19/2025,DC-06,North,SKU-SKU-302,225,6.8,133,158,1,92,158,285,95
5/26/2025,DC-06,North,SKU-SKU-302,38,7.4,158,272,0,0,152,285,95
6/2/2025,DC-06,North,SKU-SKU-302,103,7.4,272,303,0,0,135,285,95
6/9/2025,DC-06,North,SKU-SKU-302,63,9,303,409,0,0,168,285,95
6/16/2025,DC-06,North,SKU-SKU-302,127,9.2,409,456,0,0,174,285,95
6/23/2025,DC-06,North,SKU-SKU-302,198,6.1,456,258,0,0,0,285,95
6/30/2025,DC-06,North,SKU-SKU-302,149,8.5,258,246,0,0,137,285,95
7/7/2025,DC-06,North,SKU-SKU-302,213,8.3,246,192,0,0,159,285,95
7/14/2025,DC-06,North,SKU-SKU-302,216,8.8,192,157,1,24,157,285,95
7/21/2025,DC-06,North,SKU-SKU-302,24,10.1,157,286,0,0,153,285,95
7/28/2025,DC-06,North,SKU-SKU-302,0,9.7,286,437,0,0,151,285,95
8/4/2025,DC-06,North,SKU-SKU-302,131,7.6,437,306,0,0,0,285,95
8/11/2025,DC-06,North,SKU-SKU-302,192,10.5,306,287,0,0,173,285,95
8/18/2025,DC-06,North,SKU-SKU-302,67,7.4,287,361,0,0,140,285,95
8/25/2025,DC-06,North,SKU-SKU-302,114,9.2,361,386,0,0,139,285,95
9/1/2025,DC-06,North,SKU-SKU-302,155,9,386,411,0,0,181,285,95
9/8/2025,DC-06,North,SKU-SKU-302,39,7.5,411,537,0,0,165,285,95
9/15/2025,DC-06,North,SKU-SKU-302,180,8.6,537,357,0,0,0,285,95
9/22/2025,DC-06,North,SKU-SKU-302,0,5.8,357,527,0,0,170,285,95
9/29/2025,DC-06,North,SKU-SKU-302,37,9,527,490,0,0,0,285,95
10/6/2025,DC-06,North,SKU-SKU-302,0,9.9,490,490,0,0,0,285,95
10/13/2025,DC-06,North,SKU-SKU-302,127,9.1,490,362,0,0,0,285,95
10/20/2025,DC-06,North,SKU-SKU-302,137,9.6,362,410,0,0,185,285,95
10/27/2025,DC-06,North,SKU-SKU-302,118,5.9,410,442,0,0,149,285,95
11/3/2025,DC-06,North,SKU-SKU-302,59,6.6,442,383,0,0,0,285,95
11/10/2025,DC-06,North,SKU-SKU-302,240,7.1,383,301,0,0,158,285,95
11/17/2025,DC-06,North,SKU-SKU-302,23,7.3,301,406,0,0,129,285,95
11/24/2025,DC-06,North,SKU-SKU-302,132,6.1,406,413,0,0,139,285,95
12/1/2025,DC-06,North,SKU-SKU-302,195,7.4,413,374,0,0,155,285,95
12/8/2025,DC-06,North,SKU-SKU-302,183,8.1,374,339,0,0,148,285,95
12/15/2025,DC-06,North,SKU-SKU-302,64,9.9,339,405,0,0,130,285,95
12/22/2025,DC-06,North,SKU-SKU-302,305,6.8,405,273,0,0,173,285,95
12/29/2025,DC-06,North,SKU-SKU-302,18,7.4,273,406,0,0,151,285,95
1/5/2026,DC-06,North,SKU-SKU-302,177,7.3,406,370,0,0,142,285,95
1/12/2026,DC-06,North,SKU-SKU-302,111,9.1,370,405,0,0,146,285,95
1/19/2026,DC-06,North,SKU-SKU-302,122,8.2,405,462,0,0,179,285,95
1/26/2026,DC-06,North,SKU-SKU-302,144,7.8,462,318,0,0,0,285,95
2/2/2026,DC-06,North,SKU-SKU-302,59,10.1,318,399,0,0,140,285,95
2/9/2026,DC-06,North,SKU-SKU-302,93,8,399,468,0,0,161,285,95
2/16/2026,DC-06,North,SKU-SKU-302,132,9.2,468,335,0,0,0,285,95
2/23/2026,DC-06,North,SKU-SKU-302,163,6.8,335,342,0,0,170,285,95
3/2/2026,DC-06,North,SKU-SKU-302,187,6.6,342,303,0,0,148,285,95
3/9/2026,DC-06,North,SKU-SKU-302,188,8.7,303,262,0,0,147,285,95
3/16/2026,DC-06,North,SKU-SKU-302,53,7.2,262,344,0,0,134,285,95
3/23/2026,DC-06,North,SKU-SKU-302,188,6.8,344,286,0,0,130,285,95
3/30/2026,DC-06,North,SKU-SKU-302,113,6.3,286,326,0,0,152,285,95
4/6/2026,DC-06,North,SKU-SKU-302,248,6.6,326,245,0,0,167,285,95
4/13/2026,DC-06,North,SKU-SKU-302,64,9.5,245,341,0,0,160,285,95
4/20/2026,DC-06,North,SKU-SKU-302,177,6,341,313,0,0,149,285,95
4/27/2026,DC-06,North,SKU-SKU-302,184,8.3,313,270,0,0,141,285,95
5/4/2026,DC-06,North,SKU-SKU-302,202,6.2,270,237,0,0,169,285,95
5/11/2026,DC-06,North,SKU-SKU-302,101,7.3,237,312,0,0,176,285,95
5/18/2026,DC-06,North,SKU-SKU-302,58,6.7,312,393,0,0,140,285,95
5/25/2026,DC-06,North,SKU-SKU-302,77,7.6,393,454,0,0,138,285,95
6/1/2026,DC-06,North,SKU-SKU-302,286,8.4,454,168,0,0,0,285,95
6/8/2026,DC-06,North,SKU-SKU-302,269,6.2,168,168,1,101,168,285,95
6/15/2026,DC-06,North,SKU-SKU-302,122,10.4,168,193,0,0,147,285,95
6/22/2026,DC-06,North,SKU-SKU-302,220,6.2,193,140,1,27,140,285,95
6/29/2026,DC-06,North,SKU-SKU-302,301,6.6,140,173,1,161,173,285,95
7/6/2026,DC-06,North,SKU-SKU-302,53,7.7,173,262,0,0,141,285,95
7/13/2026,DC-06,North,SKU-SKU-302,155,7,262,258,0,0,152,285,95
7/20/2026,DC-06,North,SKU-SKU-302,124,7.8,258,272,0,0,137,285,95
7/27/2026,DC-06,North,SKU-SKU-302,188,6.9,272,222,0,0,139,285,95
8/3/2026,DC-06,North,SKU-SKU-302,7,7.9,222,396,0,0,181,285,95
8/10/2026,DC-06,North,SKU-SKU-302,114,8.3,396,450,0,0,169,285,95
8/17/2026,DC-06,North,SKU-SKU-302,105,8.1,450,345,0,0,0,285,95
8/24/2026,DC-06,North,SKU-SKU-302,138,5.5,345,365,0,0,158,285,95
9/2/2024,DC-06,North,SKU-SKU-303,754,7.2,1761,1007,0,0,0,1174,95
9/9/2024,DC-06,North,SKU-SKU-303,393,7,1007,1329,0,0,715,1174,95
9/16/2024,DC-06,North,SKU-SKU-303,518,5.9,1329,1568,0,0,757,1174,95
9/23/2024,DC-06,North,SKU-SKU-303,646,7.7,1568,1456,0,0,534,1174,95
9/30/2024,DC-06,North,SKU-SKU-303,278,9.6,1456,1735,0,0,557,1174,95
10/7/2024,DC-06,North,SKU-SKU-303,489,7.7,1735,1841,0,0,595,1174,95
10/14/2024,DC-06,North,SKU-SKU-303,522,6.5,1841,1319,0,0,0,1174,95
10/21/2024,DC-06,North,SKU-SKU-303,362,6.5,1319,1606,0,0,649,1174,95
10/28/2024,DC-06,North,SKU-SKU-303,888,8.3,1606,1474,0,0,755,1174,95
11/4/2024,DC-06,North,SKU-SKU-303,454,7.7,1474,1657,0,0,637,1174,95
11/11/2024,DC-06,North,SKU-SKU-303,409,9.3,1657,1798,0,0,550,1174,95
11/18/2024,DC-06,North,SKU-SKU-303,648,5.5,1798,1150,0,0,0,1174,95
11/25/2024,DC-06,North,SKU-SKU-303,623,6.6,1150,1215,0,0,689,1174,95
12/2/2024,DC-06,North,SKU-SKU-303,1072,7.6,1215,875,0,0,732,1174,95
12/9/2024,DC-06,North,SKU-SKU-303,748,8.3,875,786,0,0,659,1174,95
12/16/2024,DC-06,North,SKU-SKU-303,868,8.2,786,570,1,82,570,1174,95
12/23/2024,DC-06,North,SKU-SKU-303,345,7,570,968,0,0,744,1174,95
12/30/2024,DC-06,North,SKU-SKU-303,561,8.4,968,1092,0,0,685,1174,95
1/6/2025,DC-06,North,SKU-SKU-303,665,6.2,1092,1153,0,0,726,1174,95
1/13/2025,DC-06,North,SKU-SKU-303,849,10.3,1153,913,0,0,609,1174,95
1/20/2025,DC-06,North,SKU-SKU-303,324,6.1,913,1165,0,0,577,1174,95
1/27/2025,DC-06,North,SKU-SKU-303,268,7.2,1165,1539,0,0,642,1174,95
2/3/2025,DC-06,North,SKU-SKU-303,665,8,1539,1497,0,0,624,1174,95
2/10/2025,DC-06,North,SKU-SKU-303,627,6.3,1497,1611,0,0,741,1174,95
2/17/2025,DC-06,North,SKU-SKU-303,675,7.8,1611,1593,0,0,658,1174,95
2/24/2025,DC-06,North,SKU-SKU-303,770,8.7,1593,1481,0,0,657,1174,95
3/3/2025,DC-06,North,SKU-SKU-303,315,8.6,1481,1808,0,0,642,1174,95
3/10/2025,DC-06,North,SKU-SKU-303,408,6.8,1808,1400,0,0,0,1174,95
3/17/2025,DC-06,North,SKU-SKU-303,449,8.6,1400,1609,0,0,658,1174,95
3/24/2025,DC-06,North,SKU-SKU-303,938,6.5,1609,1428,0,0,757,1174,95
3/31/2025,DC-06,North,SKU-SKU-303,337,8,1428,1770,0,0,679,1174,95
4/7/2025,DC-06,North,SKU-SKU-303,1070,8.3,1770,700,0,0,0,1174,95
4/14/2025,DC-06,North,SKU-SKU-303,1113,6.6,700,602,1,413,602,1174,95
4/21/2025,DC-06,North,SKU-SKU-303,964,8.4,602,573,1,362,573,1174,95
4/28/2025,DC-06,North,SKU-SKU-303,588,8.5,573,597,1,15,597,1174,95
5/5/2025,DC-06,North,SKU-SKU-303,401,6.3,597,806,0,0,611,1174,95
5/12/2025,DC-06,North,SKU-SKU-303,905,9.3,806,579,1,99,579,1174,95
5/19/2025,DC-06,North,SKU-SKU-303,679,5.8,579,703,1,100,703,1174,95
5/26/2025,DC-06,North,SKU-SKU-303,593,9.8,703,663,0,0,553,1174,95
6/2/2025,DC-06,North,SKU-SKU-303,874,6.4,663,720,1,211,720,1174,95
6/9/2025,DC-06,North,SKU-SKU-303,204,7.8,720,1193,0,0,677,1174,95
6/16/2025,DC-06,North,SKU-SKU-303,429,7.7,1193,1459,0,0,694,1174,95
6/23/2025,DC-06,North,SKU-SKU-303,510,7.9,1459,1705,0,0,756,1174,95
6/30/2025,DC-06,North,SKU-SKU-303,549,8.6,1705,1868,0,0,712,1174,95
7/7/2025,DC-06,North,SKU-SKU-303,590,6.4,1868,1278,0,0,0,1174,95
7/14/2025,DC-06,North,SKU-SKU-303,984,8.2,1278,925,0,0,630,1174,95
7/21/2025,DC-06,North,SKU-SKU-303,1029,8.1,925,643,1,104,643,1174,95
7/28/2025,DC-06,North,SKU-SKU-303,1179,7.5,643,557,1,536,557,1174,95
8/4/2025,DC-06,North,SKU-SKU-303,854,8.1,557,576,1,297,576,1174,95
8/11/2025,DC-06,North,SKU-SKU-303,555,6.8,576,596,0,0,575,1174,95
8/18/2025,DC-06,North,SKU-SKU-303,310,6.8,596,990,0,0,704,1174,95
8/25/2025,DC-06,North,SKU-SKU-303,307,7.5,990,1217,0,0,534,1174,95
9/1/2025,DC-06,North,SKU-SKU-303,0,6.3,1217,1898,0,0,681,1174,95
9/8/2025,DC-06,North,SKU-SKU-303,322,8.3,1898,1576,0,0,0,1174,95
9/15/2025,DC-06,North,SKU-SKU-303,345,7.6,1576,1764,0,0,533,1174,95
9/22/2025,DC-06,North,SKU-SKU-303,752,7.8,1764,1011,0,0,0,1174,95
9/29/2025,DC-06,North,SKU-SKU-303,40,9.4,1011,1525,0,0,554,1174,95
10/6/2025,DC-06,North,SKU-SKU-303,231,8,1525,2014,0,0,720,1174,95
10/13/2025,DC-06,North,SKU-SKU-303,367,8.6,2014,1647,0,0,0,1174,95
10/20/2025,DC-06,North,SKU-SKU-303,559,8.1,1647,1830,0,0,742,1174,95
10/27/2025,DC-06,North,SKU-SKU-303,882,8.5,1830,948,0,0,0,1174,95
11/3/2025,DC-06,North,SKU-SKU-303,527,7.3,948,982,0,0,561,1174,95
11/10/2025,DC-06,North,SKU-SKU-303,441,7.8,982,1243,0,0,703,1174,95
11/17/2025,DC-06,North,SKU-SKU-303,543,9.2,1243,1288,0,0,587,1174,95
11/24/2025,DC-06,North,SKU-SKU-303,532,5.6,1288,1509,0,0,753,1174,95
12/1/2025,DC-06,North,SKU-SKU-303,214,7.3,1509,1847,0,0,552,1174,95
12/8/2025,DC-06,North,SKU-SKU-303,431,7.8,1847,1416,0,0,0,1174,95
12/15/2025,DC-06,North,SKU-SKU-303,879,8.5,1416,1093,0,0,555,1174,95
12/22/2025,DC-06,North,SKU-SKU-303,161,8,1093,1552,0,0,621,1174,95
12/29/2025,DC-06,North,SKU-SKU-303,762,6.8,1552,1500,0,0,709,1174,95
1/5/2026,DC-06,North,SKU-SKU-303,482,8.2,1500,1602,0,0,584,1174,95
1/12/2026,DC-06,North,SKU-SKU-303,87,7.2,1602,2126,0,0,612,1174,95
1/19/2026,DC-06,North,SKU-SKU-303,886,8.4,2126,1240,0,0,0,1174,95
1/26/2026,DC-06,North,SKU-SKU-303,410,6.8,1240,1477,0,0,648,1174,95
2/2/2026,DC-06,North,SKU-SKU-303,612,6.3,1477,1608,0,0,743,1174,95
2/9/2026,DC-06,North,SKU-SKU-303,1284,8.2,1608,926,0,0,602,1174,95
2/16/2026,DC-06,North,SKU-SKU-303,1101,7,926,586,1,175,586,1174,95
2/23/2026,DC-06,North,SKU-SKU-303,913,4.1,586,752,1,328,752,1174,95
3/2/2026,DC-06,North,SKU-SKU-303,662,8.3,752,640,0,0,550,1174,95
3/9/2026,DC-06,North,SKU-SKU-303,937,7.5,640,579,1,297,579,1174,95
3/16/2026,DC-06,North,SKU-SKU-303,572,5.3,579,748,0,0,741,1174,95
3/23/2026,DC-06,North,SKU-SKU-303,992,9.6,748,662,1,244,662,1174,95
3/30/2026,DC-06,North,SKU-SKU-303,780,6,662,611,1,118,611,1174,95
4/6/2026,DC-06,North,SKU-SKU-303,468,7.2,611,744,0,0,602,1174,95
4/13/2026,DC-06,North,SKU-SKU-303,554,8.3,744,723,0,0,533,1174,95
4/20/2026,DC-06,North,SKU-SKU-303,774,7.7,723,747,1,51,747,1174,95
4/27/2026,DC-06,North,SKU-SKU-303,457,8.6,747,995,0,0,705,1174,95
5/4/2026,DC-06,North,SKU-SKU-303,763,6.8,995,959,0,0,727,1174,95
5/11/2026,DC-06,North,SKU-SKU-303,778,6.1,959,914,0,0,733,1174,95
5/18/2026,DC-06,North,SKU-SKU-303,1149,6.5,914,545,1,235,545,1174,95
5/25/2026,DC-06,North,SKU-SKU-303,1006,6.9,545,634,1,461,634,1174,95
6/1/2026,DC-06,North,SKU-SKU-303,681,7.1,634,617,1,47,617,1174,95
6/8/2026,DC-06,North,SKU-SKU-303,901,8.2,617,661,1,284,661,1174,95
6/15/2026,DC-06,North,SKU-SKU-303,501,8.9,661,923,0,0,763,1174,95
6/22/2026,DC-06,North,SKU-SKU-303,780,10.7,923,674,0,0,531,1174,95
6/29/2026,DC-06,North,SKU-SKU-303,768,8.1,674,550,1,94,550,1174,95
7/6/2026,DC-06,North,SKU-SKU-303,580,9.1,550,706,1,30,706,1174,95
7/13/2026,DC-06,North,SKU-SKU-303,375,9.9,706,1067,0,0,736,1174,95
7/20/2026,DC-06,North,SKU-SKU-303,597,6.6,1067,1013,0,0,543,1174,95
7/27/2026,DC-06,North,SKU-SKU-303,205,6.2,1013,1562,0,0,754,1174,95
8/3/2026,DC-06,North,SKU-SKU-303,547,7.3,1562,1776,0,0,761,1174,95
8/10/2026,DC-06,North,SKU-SKU-303,666,8.8,1776,1110,0,0,0,1174,95
8/17/2026,DC-06,North,SKU-SKU-303,632,5.5,1110,1083,0,0,606,1174,95
8/24/2026,DC-06,North,SKU-SKU-303,601,7.1,1083,1103,0,0,621,1174,95
9/2/2024,DC-06,North,SKU-SKU-401,194,7.4,584,390,0,0,0,389,95
9/9/2024,DC-06,North,SKU-SKU-401,203,8.3,390,384,0,0,197,389,95
9/16/2024,DC-06,North,SKU-SKU-401,191,8.8,384,386,0,0,192,389,95
9/23/2024,DC-06,North,SKU-SKU-401,209,5.5,386,421,0,0,245,389,95
9/30/2024,DC-06,North,SKU-SKU-401,226,8,421,413,0,0,217,389,95
10/7/2024,DC-06,North,SKU-SKU-401,146,6.3,413,498,0,0,231,389,95
10/14/2024,DC-06,North,SKU-SKU-401,104,6.3,498,646,0,0,252,389,95
10/21/2024,DC-06,North,SKU-SKU-401,237,7.4,646,409,0,0,0,389,95
10/28/2024,DC-06,North,SKU-SKU-401,199,8.5,409,439,0,0,229,389,95
11/4/2024,DC-06,North,SKU-SKU-401,179,8,439,490,0,0,231,389,95
11/11/2024,DC-06,North,SKU-SKU-401,177,6.9,490,556,0,0,243,389,95
11/18/2024,DC-06,North,SKU-SKU-401,200,5,556,538,0,0,182,389,95
11/25/2024,DC-06,North,SKU-SKU-401,173,9.5,538,609,0,0,244,389,95
12/2/2024,DC-06,North,SKU-SKU-401,154,6.4,609,456,0,0,0,389,95
12/9/2024,DC-06,North,SKU-SKU-401,189,8.9,456,448,0,0,182,389,95
12/16/2024,DC-06,North,SKU-SKU-401,133,8,448,552,0,0,237,389,95
12/23/2024,DC-06,North,SKU-SKU-401,190,6.8,552,544,0,0,182,389,95
12/30/2024,DC-06,North,SKU-SKU-401,214,7.2,544,510,0,0,180,389,95
1/6/2025,DC-06,North,SKU-SKU-401,207,9.7,510,547,0,0,243,389,95
1/13/2025,DC-06,North,SKU-SKU-401,292,6.6,547,438,0,0,183,389,95
1/20/2025,DC-06,North,SKU-SKU-401,214,8.4,438,409,0,0,185,389,95
1/27/2025,DC-06,North,SKU-SKU-401,219,7.3,409,382,0,0,192,389,95
2/3/2025,DC-06,North,SKU-SKU-401,181,7.8,382,451,0,0,251,389,95
2/10/2025,DC-06,North,SKU-SKU-401,203,9,451,494,0,0,246,389,95
2/17/2025,DC-06,North,SKU-SKU-401,212,9.3,494,521,0,0,238,389,95
2/24/2025,DC-06,North,SKU-SKU-401,266,8.6,521,446,0,0,191,389,95
3/3/2025,DC-06,North,SKU-SKU-401,200,7.4,446,453,0,0,207,389,95
3/10/2025,DC-06,North,SKU-SKU-401,212,8.3,453,477,0,0,236,389,95
3/17/2025,DC-06,North,SKU-SKU-401,174,6.8,477,546,0,0,242,389,95
3/24/2025,DC-06,North,SKU-SKU-401,207,8.3,546,587,0,0,249,389,95
3/31/2025,DC-06,North,SKU-SKU-401,193,9.1,587,395,0,0,0,389,95
4/7/2025,DC-06,North,SKU-SKU-401,235,6.6,395,385,0,0,225,389,95
4/14/2025,DC-06,North,SKU-SKU-401,240,9.8,385,368,0,0,223,389,95
4/21/2025,DC-06,North,SKU-SKU-401,268,7.3,368,311,0,0,212,389,95
4/28/2025,DC-06,North,SKU-SKU-401,290,10,311,247,0,0,226,389,95
5/5/2025,DC-06,North,SKU-SKU-401,164,7.7,247,332,0,0,249,389,95
5/12/2025,DC-06,North,SKU-SKU-401,213,6.1,332,364,0,0,245,389,95
5/19/2025,DC-06,North,SKU-SKU-401,273,8,364,311,0,0,220,389,95
5/26/2025,DC-06,North,SKU-SKU-401,234,6.9,311,290,0,0,214,389,95
6/2/2025,DC-06,North,SKU-SKU-401,247,8.5,290,245,0,0,202,389,95
6/9/2025,DC-06,North,SKU-SKU-401,194,10.2,245,269,0,0,218,389,95
6/16/2025,DC-06,North,SKU-SKU-401,233,5.1,269,233,0,0,198,389,95
6/23/2025,DC-06,North,SKU-SKU-401,184,6.3,233,302,0,0,253,389,95
6/30/2025,DC-06,North,SKU-SKU-401,244,8.5,302,237,0,0,178,389,95
7/7/2025,DC-06,North,SKU-SKU-401,278,8.4,237,230,1,42,230,389,95
7/14/2025,DC-06,North,SKU-SKU-401,198,7,230,256,0,0,224,389,95
7/21/2025,DC-06,North,SKU-SKU-401,211,5.8,256,281,0,0,236,389,95
7/28/2025,DC-06,North,SKU-SKU-401,200,6.8,281,266,0,0,184,389,95
8/4/2025,DC-06,North,SKU-SKU-401,199,7.9,266,250,0,0,183,389,95
8/11/2025,DC-06,North,SKU-SKU-401,180,5,250,274,0,0,205,389,95
8/18/2025,DC-06,North,SKU-SKU-401,204,6.1,274,255,0,0,184,389,95
8/25/2025,DC-06,North,SKU-SKU-401,198,9.1,255,302,0,0,245,389,95
9/1/2025,DC-06,North,SKU-SKU-401,184,6.5,302,315,0,0,197,389,95
9/8/2025,DC-06,North,SKU-SKU-401,186,7.9,315,327,0,0,198,389,95
9/15/2025,DC-06,North,SKU-SKU-401,186,10.6,327,364,0,0,224,389,95
9/22/2025,DC-06,North,SKU-SKU-401,193,7,364,354,0,0,183,389,95
9/29/2025,DC-06,North,SKU-SKU-401,184,8,354,421,0,0,250,389,95
10/6/2025,DC-06,North,SKU-SKU-401,171,6.7,421,463,0,0,214,389,95
10/13/2025,DC-06,North,SKU-SKU-401,143,8.6,463,559,0,0,239,389,95
10/20/2025,DC-06,North,SKU-SKU-401,94,7.4,559,682,0,0,217,389,95
10/27/2025,DC-06,North,SKU-SKU-401,183,6.9,682,498,0,0,0,389,95
11/3/2025,DC-06,North,SKU-SKU-401,108,7.2,498,639,0,0,250,389,95
11/10/2025,DC-06,North,SKU-SKU-401,84,6.2,639,555,0,0,0,389,95
11/17/2025,DC-06,North,SKU-SKU-401,173,7,555,614,0,0,231,389,95
11/24/2025,DC-06,North,SKU-SKU-401,151,8.1,614,463,0,0,0,389,95
12/1/2025,DC-06,North,SKU-SKU-401,195,8.8,463,504,0,0,235,389,95
12/8/2025,DC-06,North,SKU-SKU-401,129,8.4,504,603,0,0,228,389,95
12/15/2025,DC-06,North,SKU-SKU-401,170,9.2,603,434,0,0,0,389,95
12/22/2025,DC-06,North,SKU-SKU-401,168,9,434,486,0,0,220,389,95
12/29/2025,DC-06,North,SKU-SKU-401,191,6.5,486,473,0,0,178,389,95
1/5/2026,DC-06,North,SKU-SKU-401,173,9.9,473,522,0,0,222,389,95
1/12/2026,DC-06,North,SKU-SKU-401,248,8.1,522,511,0,0,237,389,95
1/19/2026,DC-06,North,SKU-SKU-401,240,6.6,511,504,0,0,233,389,95
1/26/2026,DC-06,North,SKU-SKU-401,146,6.4,504,585,0,0,227,389,95
2/2/2026,DC-06,North,SKU-SKU-401,201,9.2,585,384,0,0,0,389,95
2/9/2026,DC-06,North,SKU-SKU-401,269,4.7,384,334,0,0,219,389,95
2/16/2026,DC-06,North,SKU-SKU-401,182,8.8,334,401,0,0,249,389,95
2/23/2026,DC-06,North,SKU-SKU-401,117,6.4,401,493,0,0,209,389,95
3/2/2026,DC-06,North,SKU-SKU-401,305,5.6,493,369,0,0,181,389,95
3/9/2026,DC-06,North,SKU-SKU-401,229,9,369,324,0,0,184,389,95
3/16/2026,DC-06,North,SKU-SKU-401,238,8.6,324,330,0,0,244,389,95
3/23/2026,DC-06,North,SKU-SKU-401,286,7,330,258,0,0,214,389,95
3/30/2026,DC-06,North,SKU-SKU-401,129,8.6,258,308,0,0,180,389,95
4/6/2026,DC-06,North,SKU-SKU-401,251,6.8,308,257,0,0,201,389,95
4/13/2026,DC-06,North,SKU-SKU-401,294,6.5,257,187,1,37,187,389,95
4/20/2026,DC-06,North,SKU-SKU-401,158,8.3,187,253,0,0,224,389,95
4/27/2026,DC-06,North,SKU-SKU-401,224,9.3,253,275,0,0,247,389,95
5/4/2026,DC-06,North,SKU-SKU-401,213,7.9,275,241,0,0,178,389,95
5/11/2026,DC-06,North,SKU-SKU-401,173,6.9,241,312,0,0,244,389,95
5/18/2026,DC-06,North,SKU-SKU-401,189,9.3,312,375,0,0,252,389,95
5/25/2026,DC-06,North,SKU-SKU-401,212,5.8,375,391,0,0,229,389,95
6/1/2026,DC-06,North,SKU-SKU-401,172,7.6,391,458,0,0,238,389,95
6/8/2026,DC-06,North,SKU-SKU-401,130,9.4,458,544,0,0,217,389,95
6/15/2026,DC-06,North,SKU-SKU-401,179,4.8,544,588,0,0,223,389,95
6/22/2026,DC-06,North,SKU-SKU-401,180,8.5,588,408,0,0,0,389,95
6/29/2026,DC-06,North,SKU-SKU-401,198,10.3,408,412,0,0,202,389,95
7/6/2026,DC-06,North,SKU-SKU-401,232,10,412,410,0,0,230,389,95
7/13/2026,DC-06,North,SKU-SKU-401,176,8.1,410,461,0,0,227,389,95
7/20/2026,DC-06,North,SKU-SKU-401,206,9,461,500,0,0,244,389,95
7/27/2026,DC-06,North,SKU-SKU-401,195,6.2,500,553,0,0,249,389,95
8/3/2026,DC-06,North,SKU-SKU-401,171,7.3,553,576,0,0,193,389,95
8/10/2026,DC-06,North,SKU-SKU-401,93,8.3,576,691,0,0,209,389,95
8/17/2026,DC-06,North,SKU-SKU-401,76,9.8,691,616,0,0,0,389,95
8/24/2026,DC-06,North,SKU-SKU-401,253,9.1,616,363,0,0,0,389,95
9/2/2024,DC-06,North,SKU-SKU-402,391,7,1446,1055,0,0,0,964,95
9/9/2024,DC-06,North,SKU-SKU-402,411,7.1,1055,1196,0,0,552,964,95
9/16/2024,DC-06,North,SKU-SKU-402,341,8.1,1196,1433,0,0,578,964,95
9/23/2024,DC-06,North,SKU-SKU-402,459,7.2,1433,1537,0,0,563,964,95
9/30/2024,DC-06,North,SKU-SKU-402,509,6.5,1537,1029,0,0,0,964,95
10/7/2024,DC-06,North,SKU-SKU-402,397,7.5,1029,1066,0,0,435,964,95
10/14/2024,DC-06,North,SKU-SKU-402,404,7.3,1066,1196,0,0,533,964,95
10/21/2024,DC-06,North,SKU-SKU-402,340,7.4,1196,1435,0,0,579,964,95
10/28/2024,DC-06,North,SKU-SKU-402,274,9.3,1435,1660,0,0,499,964,95
11/4/2024,DC-06,North,SKU-SKU-402,479,7.2,1660,1181,0,0,0,964,95
11/11/2024,DC-06,North,SKU-SKU-402,406,6.4,1181,1281,0,0,505,964,95
11/18/2024,DC-06,North,SKU-SKU-402,329,8.9,1281,1520,0,0,568,964,95
11/25/2024,DC-06,North,SKU-SKU-402,560,8.5,1520,960,0,0,0,964,95
12/2/2024,DC-06,North,SKU-SKU-402,530,7.9,960,1001,0,0,571,964,95
12/9/2024,DC-06,North,SKU-SKU-402,329,5.6,1001,1243,0,0,571,964,95
12/16/2024,DC-06,North,SKU-SKU-402,434,6.8,1243,1416,0,0,608,964,95
12/23/2024,DC-06,North,SKU-SKU-402,620,6.9,1416,1415,0,0,619,964,95
12/30/2024,DC-06,North,SKU-SKU-402,497,9.1,1415,1503,0,0,585,964,95
1/6/2025,DC-06,North,SKU-SKU-402,529,7.4,1503,974,0,0,0,964,95
1/13/2025,DC-06,North,SKU-SKU-402,431,5.8,974,1085,0,0,542,964,95
1/20/2025,DC-06,North,SKU-SKU-402,672,7,1085,943,0,0,530,964,95
1/27/2025,DC-06,North,SKU-SKU-402,437,7.5,943,997,0,0,491,964,95
2/3/2025,DC-06,North,SKU-SKU-402,473,6.5,997,1046,0,0,522,964,95
2/10/2025,DC-06,North,SKU-SKU-402,621,9.4,1046,1010,0,0,586,964,95
2/17/2025,DC-06,North,SKU-SKU-402,467,6.9,1010,1057,0,0,513,964,95
2/24/2025,DC-06,North,SKU-SKU-402,479,9.5,1057,1011,0,0,434,964,95
3/3/2025,DC-06,North,SKU-SKU-402,474,8.5,1011,1011,0,0,474,964,95
3/10/2025,DC-06,North,SKU-SKU-402,589,8.7,1011,965,0,0,543,964,95
3/17/2025,DC-06,North,SKU-SKU-402,687,9,965,795,0,0,517,964,95
3/24/2025,DC-06,North,SKU-SKU-402,496,7.6,795,732,0,0,434,964,95
3/31/2025,DC-06,North,SKU-SKU-402,497,6.5,732,793,0,0,558,964,95
4/7/2025,DC-06,North,SKU-SKU-402,497,7.8,793,822,0,0,525,964,95
4/14/2025,DC-06,North,SKU-SKU-402,640,7.3,822,793,0,0,611,964,95
4/21/2025,DC-06,North,SKU-SKU-402,346,7.8,793,1053,0,0,606,964,95
4/28/2025,DC-06,North,SKU-SKU-402,536,7.9,1053,1039,0,0,522,964,95
5/5/2025,DC-06,North,SKU-SKU-402,567,4.4,1039,1080,0,0,608,964,95
5/12/2025,DC-06,North,SKU-SKU-402,545,9.6,1080,1072,0,0,536,964,95
5/19/2025,DC-06,North,SKU-SKU-402,330,7.1,1072,1356,0,0,614,964,95
5/26/2025,DC-06,North,SKU-SKU-402,507,7.3,1356,1457,0,0,608,964,95
6/2/2025,DC-06,North,SKU-SKU-402,428,9.7,1457,1029,0,0,0,964,95
6/9/2025,DC-06,North,SKU-SKU-402,489,10.4,1029,1066,0,0,526,964,95
6/16/2025,DC-06,North,SKU-SKU-402,455,8.6,1066,1184,0,0,573,964,95
6/23/2025,DC-06,North,SKU-SKU-402,583,7.9,1184,1132,0,0,531,964,95
6/30/2025,DC-06,North,SKU-SKU-402,582,7.1,1132,1041,0,0,491,964,95
7/7/2025,DC-06,North,SKU-SKU-402,430,7.3,1041,1124,0,0,514,964,95
7/14/2025,DC-06,North,SKU-SKU-402,488,7.3,1124,1216,0,0,580,964,95
7/21/2025,DC-06,North,SKU-SKU-402,434,8.7,1216,1369,0,0,587,964,95
7/28/2025,DC-06,North,SKU-SKU-402,480,7.5,1369,1434,0,0,545,964,95
8/4/2025,DC-06,North,SKU-SKU-402,598,9.2,1434,1302,0,0,466,964,95
8/11/2025,DC-06,North,SKU-SKU-402,523,8.3,1302,1382,0,0,603,964,95
8/18/2025,DC-06,North,SKU-SKU-402,490,8.5,1382,1482,0,0,590,964,95
8/25/2025,DC-06,North,SKU-SKU-402,388,6.8,1482,1094,0,0,0,964,95
9/1/2025,DC-06,North,SKU-SKU-402,484,8.1,1094,1167,0,0,556,964,95
9/8/2025,DC-06,North,SKU-SKU-402,410,7.2,1167,1330,0,0,573,964,95
9/15/2025,DC-06,North,SKU-SKU-402,513,7.9,1330,1342,0,0,525,964,95
9/22/2025,DC-06,North,SKU-SKU-402,473,8.1,1342,1393,0,0,523,964,95
9/29/2025,DC-06,North,SKU-SKU-402,500,7.5,1393,1353,0,0,460,964,95
10/6/2025,DC-06,North,SKU-SKU-402,302,7.1,1353,1550,0,0,498,964,95
10/13/2025,DC-06,North,SKU-SKU-402,411,7.2,1550,1138,0,0,0,964,95
10/20/2025,DC-06,North,SKU-SKU-402,440,6.6,1138,1193,0,0,495,964,95
10/27/2025,DC-06,North,SKU-SKU-402,488,5.6,1193,1292,0,0,587,964,95
11/3/2025,DC-06,North,SKU-SKU-402,437,8.2,1292,1423,0,0,568,964,95
11/10/2025,DC-06,North,SKU-SKU-402,475,7.8,1423,1539,0,0,592,964,95
11/17/2025,DC-06,North,SKU-SKU-402,495,7.4,1539,1044,0,0,0,964,95
11/24/2025,DC-06,North,SKU-SKU-402,540,7.8,1044,1116,0,0,612,964,95
12/1/2025,DC-06,North,SKU-SKU-402,409,6.6,1116,1303,0,0,596,964,95
12/8/2025,DC-06,North,SKU-SKU-402,419,7.7,1303,1454,0,0,570,964,95
12/15/2025,DC-06,North,SKU-SKU-402,494,7.5,1454,960,0,0,0,964,95
12/22/2025,DC-06,North,SKU-SKU-402,482,9.2,960,1073,0,0,595,964,95
12/29/2025,DC-06,North,SKU-SKU-402,368,6.3,1073,1213,0,0,508,964,95
1/5/2026,DC-06,North,SKU-SKU-402,467,5.9,1213,1331,0,0,586,964,95
1/12/2026,DC-06,North,SKU-SKU-402,416,8.5,1331,1503,0,0,588,964,95
1/19/2026,DC-06,North,SKU-SKU-402,610,6.8,1503,893,0,0,0,964,95
1/26/2026,DC-06,North,SKU-SKU-402,525,9.1,893,943,0,0,574,964,95
2/2/2026,DC-06,North,SKU-SKU-402,436,8.4,943,1006,0,0,499,964,95
2/9/2026,DC-06,North,SKU-SKU-402,332,6.3,1006,1113,0,0,439,964,95
2/16/2026,DC-06,North,SKU-SKU-402,551,10,1113,1083,0,0,520,964,95
2/23/2026,DC-06,North,SKU-SKU-402,584,6,1083,1077,0,0,578,964,95
3/2/2026,DC-06,North,SKU-SKU-402,618,6.3,1077,1070,0,0,611,964,95
3/9/2026,DC-06,North,SKU-SKU-402,540,6.9,1070,1001,0,0,471,964,95
3/16/2026,DC-06,North,SKU-SKU-402,626,6.7,1001,898,0,0,523,964,95
3/23/2026,DC-06,North,SKU-SKU-402,548,8.1,898,827,0,0,478,964,95
3/30/2026,DC-06,North,SKU-SKU-402,555,7.2,827,814,0,0,542,964,95
4/6/2026,DC-06,North,SKU-SKU-402,566,7.4,814,794,0,0,546,964,95
4/13/2026,DC-06,North,SKU-SKU-402,567,7.6,794,756,0,0,529,964,95
4/20/2026,DC-06,North,SKU-SKU-402,582,7.5,756,739,0,0,565,964,95
4/27/2026,DC-06,North,SKU-SKU-402,422,8.1,739,866,0,0,548,964,95
5/4/2026,DC-06,North,SKU-SKU-402,540,8.7,866,933,0,0,607,964,95
5/11/2026,DC-06,North,SKU-SKU-402,478,6.3,933,1076,0,0,622,964,95
5/18/2026,DC-06,North,SKU-SKU-402,475,7.5,1076,1141,0,0,540,964,95
5/25/2026,DC-06,North,SKU-SKU-402,604,4.9,1141,1163,0,0,626,964,95
6/1/2026,DC-06,North,SKU-SKU-402,463,10.3,1163,1194,0,0,494,964,95
6/8/2026,DC-06,North,SKU-SKU-402,432,9.6,1194,1282,0,0,521,964,95
6/15/2026,DC-06,North,SKU-SKU-402,540,8.3,1282,1339,0,0,597,964,95
6/22/2026,DC-06,North,SKU-SKU-402,403,4.8,1339,1533,0,0,597,964,95
6/29/2026,DC-06,North,SKU-SKU-402,474,6.4,1533,1059,0,0,0,964,95
7/6/2026,DC-06,North,SKU-SKU-402,348,7.3,1059,1231,0,0,519,964,95
7/13/2026,DC-06,North,SKU-SKU-402,214,7.9,1231,1500,0,0,484,964,95
7/20/2026,DC-06,North,SKU-SKU-402,514,6.4,1500,986,0,0,0,964,95
7/27/2026,DC-06,North,SKU-SKU-402,584,7.9,986,988,0,0,587,964,95
8/3/2026,DC-06,North,SKU-SKU-402,390,9.1,988,1220,0,0,622,964,95
8/10/2026,DC-06,North,SKU-SKU-402,401,8,1220,1335,0,0,516,964,95
8/17/2026,DC-06,North,SKU-SKU-402,541,9,1335,1291,0,0,497,964,95
8/24/2026,DC-06,North,SKU-SKU-402,467,8.8,1291,1279,0,0,455,964,95
9/2/2024,DC-06,North,SKU-SKU-403,191,11.2,988,797,0,0,0,659,95
9/9/2024,DC-06,North,SKU-SKU-403,336,8.4,797,883,0,0,421,659,95
9/16/2024,DC-06,North,SKU-SKU-403,380,8.9,883,838,0,0,335,659,95
9/23/2024,DC-06,North,SKU-SKU-403,293,7.7,838,869,0,0,324,659,95
9/30/2024,DC-06,North,SKU-SKU-403,300,8,869,934,0,0,365,659,95
10/7/2024,DC-06,North,SKU-SKU-403,515,4.4,934,805,0,0,385,659,95
10/14/2024,DC-06,North,SKU-SKU-403,223,5.5,805,960,0,0,378,659,95
10/21/2024,DC-06,North,SKU-SKU-403,106,7.2,960,1208,0,0,354,659,95
10/28/2024,DC-06,North,SKU-SKU-403,299,8.7,1208,909,0,0,0,659,95
11/4/2024,DC-06,North,SKU-SKU-403,320,6.9,909,906,0,0,317,659,95
11/11/2024,DC-06,North,SKU-SKU-403,401,9.2,906,807,0,0,303,659,95
11/18/2024,DC-06,North,SKU-SKU-403,587,7.9,807,617,0,0,397,659,95
11/25/2024,DC-06,North,SKU-SKU-403,189,6.1,617,835,0,0,407,659,95
12/2/2024,DC-06,North,SKU-SKU-403,611,9.5,835,543,0,0,319,659,95
12/9/2024,DC-06,North,SKU-SKU-403,133,7.6,543,751,0,0,342,659,95
12/16/2024,DC-06,North,SKU-SKU-403,222,5.8,751,926,0,0,397,659,95
12/23/2024,DC-06,North,SKU-SKU-403,270,6.9,926,980,0,0,324,659,95
12/30/2024,DC-06,North,SKU-SKU-403,309,8.4,980,1060,0,0,389,659,95
1/6/2025,DC-06,North,SKU-SKU-403,224,8.4,1060,836,0,0,0,659,95
1/13/2025,DC-06,North,SKU-SKU-403,443,8.1,836,794,0,0,402,659,95
1/20/2025,DC-06,North,SKU-SKU-403,377,7.7,794,736,0,0,318,659,95
1/27/2025,DC-06,North,SKU-SKU-403,673,5.8,736,411,0,0,349,659,95
2/3/2025,DC-06,North,SKU-SKU-403,289,6.4,411,505,0,0,383,659,95
2/10/2025,DC-06,North,SKU-SKU-403,311,7.1,505,545,0,0,351,659,95
2/17/2025,DC-06,North,SKU-SKU-403,501,6.4,545,408,0,0,365,659,95
2/24/2025,DC-06,North,SKU-SKU-403,608,7.9,408,299,1,200,299,659,95
3/3/2025,DC-06,North,SKU-SKU-403,344,5.2,299,394,1,45,394,659,95
3/10/2025,DC-06,North,SKU-SKU-403,538,10.1,394,361,1,144,361,659,95
3/17/2025,DC-06,North,SKU-SKU-403,698,7.3,361,381,1,337,381,659,95
3/24/2025,DC-06,North,SKU-SKU-403,180,6.4,381,575,0,0,373,659,95
3/31/2025,DC-06,North,SKU-SKU-403,263,7,575,649,0,0,337,659,95
4/7/2025,DC-06,North,SKU-SKU-403,530,7.7,649,503,0,0,385,659,95
4/14/2025,DC-06,North,SKU-SKU-403,379,8.8,503,457,0,0,333,659,95
4/21/2025,DC-06,North,SKU-SKU-403,210,6.6,457,620,0,0,372,659,95
4/28/2025,DC-06,North,SKU-SKU-403,245,7.7,620,683,0,0,308,659,95
5/5/2025,DC-06,North,SKU-SKU-403,753,7,683,421,1,70,421,659,95
5/12/2025,DC-06,North,SKU-SKU-403,347,6.8,421,483,0,0,408,659,95
5/19/2025,DC-06,North,SKU-SKU-403,258,8.9,483,603,0,0,378,659,95
5/26/2025,DC-06,North,SKU-SKU-403,498,6.7,603,404,0,0,299,659,95
6/2/2025,DC-06,North,SKU-SKU-403,67,4.9,404,733,0,0,395,659,95
6/9/2025,DC-06,North,SKU-SKU-403,204,6.1,733,859,0,0,330,659,95
6/16/2025,DC-06,North,SKU-SKU-403,392,8.1,859,856,0,0,388,659,95
6/23/2025,DC-06,North,SKU-SKU-403,355,8.7,856,916,0,0,416,659,95
6/30/2025,DC-06,North,SKU-SKU-403,197,8.8,916,1024,0,0,305,659,95
7/7/2025,DC-06,North,SKU-SKU-403,162,10.2,1024,863,0,0,0,659,95
7/14/2025,DC-06,North,SKU-SKU-403,140,8.8,863,1078,0,0,355,659,95
7/21/2025,DC-06,North,SKU-SKU-403,117,11,1078,961,0,0,0,659,95
7/28/2025,DC-06,North,SKU-SKU-403,257,7.2,961,1071,0,0,367,659,95
8/4/2025,DC-06,North,SKU-SKU-403,374,6.8,1071,697,0,0,0,659,95
8/11/2025,DC-06,North,SKU-SKU-403,56,8.5,697,970,0,0,329,659,95
8/18/2025,DC-06,North,SKU-SKU-403,45,6.9,970,1352,0,0,428,659,95
8/25/2025,DC-06,North,SKU-SKU-403,217,9.8,1352,1135,0,0,0,659,95
9/1/2025,DC-06,North,SKU-SKU-403,263,7.8,1135,872,0,0,0,659,95
9/8/2025,DC-06,North,SKU-SKU-403,319,6.9,872,916,0,0,363,659,95
9/15/2025,DC-06,North,SKU-SKU-403,372,8,916,851,0,0,307,659,95
9/22/2025,DC-06,North,SKU-SKU-403,438,5.3,851,731,0,0,318,659,95
9/29/2025,DC-06,North,SKU-SKU-403,350,7.8,731,786,0,0,404,659,95
10/6/2025,DC-06,North,SKU-SKU-403,347,4.2,786,867,0,0,428,659,95
10/13/2025,DC-06,North,SKU-SKU-403,285,7.9,867,947,0,0,365,659,95
10/20/2025,DC-06,North,SKU-SKU-403,303,6.3,947,983,0,0,339,659,95
10/27/2025,DC-06,North,SKU-SKU-403,434,7.7,983,947,0,0,398,659,95
11/3/2025,DC-06,North,SKU-SKU-403,405,7.4,947,882,0,0,340,659,95
11/10/2025,DC-06,North,SKU-SKU-403,334,6.3,882,934,0,0,386,659,95
11/17/2025,DC-06,North,SKU-SKU-403,235,7.8,934,1019,0,0,320,659,95
11/24/2025,DC-06,North,SKU-SKU-403,606,8.7,1019,413,0,0,0,659,95
12/1/2025,DC-06,North,SKU-SKU-403,352,7.8,413,438,0,0,377,659,95
12/8/2025,DC-06,North,SKU-SKU-403,62,8.1,438,747,0,0,371,659,95
12/15/2025,DC-06,North,SKU-SKU-403,474,6.6,747,572,0,0,299,659,95
12/22/2025,DC-06,North,SKU-SKU-403,654,9.1,572,406,1,82,406,659,95
12/29/2025,DC-06,North,SKU-SKU-403,373,7.8,406,347,0,0,314,659,95
1/5/2026,DC-06,North,SKU-SKU-403,621,7.6,347,324,1,274,324,659,95
1/12/2026,DC-06,North,SKU-SKU-403,240,7.8,324,431,0,0,346,659,95
1/19/2026,DC-06,North,SKU-SKU-403,401,8.7,431,449,0,0,419,659,95
1/26/2026,DC-06,North,SKU-SKU-403,342,7.5,449,406,0,0,299,659,95
2/2/2026,DC-06,North,SKU-SKU-403,519,6.2,406,317,1,113,317,659,95
2/9/2026,DC-06,North,SKU-SKU-403,669,5.1,317,421,1,352,421,659,95
2/16/2026,DC-06,North,SKU-SKU-403,570,8.9,421,395,1,149,395,659,95
2/23/2026,DC-06,North,SKU-SKU-403,546,8.5,395,369,1,151,369,659,95
3/2/2026,DC-06,North,SKU-SKU-403,193,7.4,369,473,0,0,297,659,95
3/9/2026,DC-06,North,SKU-SKU-403,805,6.2,473,397,1,331,397,659,95
3/16/2026,DC-06,North,SKU-SKU-403,445,7.7,397,413,1,48,413,659,95
3/23/2026,DC-06,North,SKU-SKU-403,108,8,413,619,0,0,313,659,95
3/30/2026,DC-06,North,SKU-SKU-403,370,7.6,619,555,0,0,307,659,95
4/6/2026,DC-06,North,SKU-SKU-403,0,5.1,555,872,0,0,317,659,95
4/13/2026,DC-06,North,SKU-SKU-403,526,8.1,872,693,0,0,346,659,95
4/20/2026,DC-06,North,SKU-SKU-403,602,6.7,693,442,0,0,350,659,95
4/27/2026,DC-06,North,SKU-SKU-403,461,8.1,442,421,1,20,421,659,95
5/4/2026,DC-06,North,SKU-SKU-403,276,6.8,421,538,0,0,392,659,95
5/11/2026,DC-06,North,SKU-SKU-403,269,5.2,538,670,0,0,401,659,95
5/18/2026,DC-06,North,SKU-SKU-403,326,7.8,670,647,0,0,304,659,95
5/25/2026,DC-06,North,SKU-SKU-403,331,6.6,647,653,0,0,337,659,95
6/1/2026,DC-06,North,SKU-SKU-403,177,8.3,653,826,0,0,350,659,95
6/8/2026,DC-06,North,SKU-SKU-403,480,9.3,826,736,0,0,390,659,95
6/15/2026,DC-06,North,SKU-SKU-403,254,11,736,834,0,0,352,659,95
6/22/2026,DC-06,North,SKU-SKU-403,415,7.5,834,728,0,0,309,659,95
6/29/2026,DC-06,North,SKU-SKU-403,270,7,728,825,0,0,368,659,95
7/6/2026,DC-06,North,SKU-SKU-403,300,6.9,825,863,0,0,337,659,95
7/13/2026,DC-06,North,SKU-SKU-403,484,9.6,863,734,0,0,355,659,95
7/20/2026,DC-06,North,SKU-SKU-403,211,7.5,734,862,0,0,340,659,95
7/27/2026,DC-06,North,SKU-SKU-403,102,8,862,1140,0,0,380,659,95
8/3/2026,DC-06,North,SKU-SKU-403,497,8.7,1140,643,0,0,0,659,95
8/10/2026,DC-06,North,SKU-SKU-403,0,9.5,643,1061,0,0,417,659,95
8/17/2026,DC-06,North,SKU-SKU-403,201,7.4,1061,859,0,0,0,659,95
8/24/2026,DC-06,North,SKU-SKU-403,270,6,859,991,0,0,402,659,95
9/2/2024,DC-06,North,SKU-501,88,9,582,494,0,0,0,388,95
9/9/2024,DC-06,North,SKU-501,85,8.1,494,658,0,0,249,388,95
9/16/2024,DC-06,North,SKU-501,253,8.5,658,405,0,0,0,388,95
9/23/2024,DC-06,North,SKU-501,236,5.2,405,346,0,0,177,388,95
9/30/2024,DC-06,North,SKU-501,151,8.1,346,376,0,0,181,388,95
10/7/2024,DC-06,North,SKU-501,48,8,376,547,0,0,218,388,95
10/14/2024,DC-06,North,SKU-501,149,6.4,547,630,0,0,233,388,95
10/21/2024,DC-06,North,SKU-501,284,11,630,346,0,0,0,388,95
10/28/2024,DC-06,North,SKU-501,220,7.4,346,316,0,0,191,388,95
11/4/2024,DC-06,North,SKU-501,221,7.4,316,334,0,0,239,388,95
11/11/2024,DC-06,North,SKU-501,197,7.1,334,355,0,0,217,388,95
11/18/2024,DC-06,North,SKU-501,132,6.3,355,437,0,0,214,388,95
11/25/2024,DC-06,North,SKU-501,251,6.1,437,437,0,0,251,388,95
12/2/2024,DC-06,North,SKU-501,109,8.1,437,541,0,0,213,388,95
12/9/2024,DC-06,North,SKU-501,95,6.3,541,637,0,0,191,388,95
12/16/2024,DC-06,North,SKU-501,301,5.6,637,337,0,0,0,388,95
12/23/2024,DC-06,North,SKU-501,142,7.1,337,374,0,0,179,388,95
12/30/2024,DC-06,North,SKU-501,225,7.9,374,378,0,0,229,388,95
1/6/2025,DC-06,North,SKU-501,300,6,378,259,0,0,181,388,95
1/13/2025,DC-06,North,SKU-501,42,6.4,259,458,0,0,241,388,95
1/20/2025,DC-06,North,SKU-501,355,6.9,458,342,0,0,239,388,95
1/27/2025,DC-06,North,SKU-501,265,8.5,342,303,0,0,226,388,95
2/3/2025,DC-06,North,SKU-501,190,8.5,303,298,0,0,185,388,95
2/10/2025,DC-06,North,SKU-501,331,4.8,298,221,1,33,221,388,95
2/17/2025,DC-06,North,SKU-501,236,9.9,221,184,1,15,184,388,95
2/24/2025,DC-06,North,SKU-501,215,8.3,184,179,1,31,179,388,95
3/3/2025,DC-06,North,SKU-501,295,9,179,187,1,116,187,388,95
3/10/2025,DC-06,North,SKU-501,277,7.6,187,246,1,90,246,388,95
3/17/2025,DC-06,North,SKU-501,245,8.4,246,249,0,0,247,388,95
3/24/2025,DC-06,North,SKU-501,162,7.5,249,325,0,0,239,388,95
3/31/2025,DC-06,North,SKU-501,234,7.8,325,322,0,0,231,388,95
4/7/2025,DC-06,North,SKU-501,123,8.4,322,421,0,0,222,388,95
4/14/2025,DC-06,North,SKU-501,164,7.5,421,505,0,0,248,388,95
4/21/2025,DC-06,North,SKU-501,283,9.5,505,444,0,0,221,388,95
4/28/2025,DC-06,North,SKU-501,120,7.5,444,500,0,0,176,388,95
5/5/2025,DC-06,North,SKU-501,127,6.2,500,622,0,0,250,388,95
5/12/2025,DC-06,North,SKU-501,97,5.8,622,526,0,0,0,388,95
5/19/2025,DC-06,North,SKU-501,199,10,526,563,0,0,237,388,95
5/26/2025,DC-06,North,SKU-501,125,8.4,563,686,0,0,247,388,95
6/2/2025,DC-06,North,SKU-501,299,8.2,686,386,0,0,0,388,95
6/9/2025,DC-06,North,SKU-501,242,8.5,386,368,0,0,224,388,95
6/16/2025,DC-06,North,SKU-501,325,7.8,368,257,0,0,214,388,95
6/23/2025,DC-06,North,SKU-501,255,8,257,224,0,0,222,388,95
6/30/2025,DC-06,North,SKU-501,329,6.5,224,217,1,105,217,388,95
7/7/2025,DC-06,North,SKU-501,190,8.1,217,238,0,0,212,388,95
7/14/2025,DC-06,North,SKU-501,165,6.7,238,283,0,0,210,388,95
7/21/2025,DC-06,North,SKU-501,170,5.2,283,308,0,0,195,388,95
7/28/2025,DC-06,North,SKU-501,176,8.8,308,330,0,0,199,388,95
8/4/2025,DC-06,North,SKU-501,203,7.8,330,355,0,0,228,388,95
8/11/2025,DC-06,North,SKU-501,253,7.2,355,353,0,0,251,388,95
8/18/2025,DC-06,North,SKU-501,238,7.3,353,334,0,0,219,388,95
8/25/2025,DC-06,North,SKU-501,186,8.6,334,344,0,0,197,388,95
9/1/2025,DC-06,North,SKU-501,130,6.9,344,446,0,0,232,388,95
9/8/2025,DC-06,North,SKU-501,134,5.2,446,503,0,0,191,388,95
9/15/2025,DC-06,North,SKU-501,251,9.5,503,492,0,0,240,388,95
9/22/2025,DC-06,North,SKU-501,138,7.3,492,562,0,0,208,388,95
9/29/2025,DC-06,North,SKU-501,206,5.2,562,578,0,0,222,388,95
10/6/2025,DC-06,North,SKU-501,173,7.4,578,583,0,0,179,388,95
10/13/2025,DC-06,North,SKU-501,198,7,583,385,0,0,0,388,95
10/20/2025,DC-06,North,SKU-501,38,8.9,385,571,0,0,224,388,95
10/27/2025,DC-06,North,SKU-501,193,6.4,571,569,0,0,192,388,95
11/3/2025,DC-06,North,SKU-501,51,8.2,569,723,0,0,205,388,95
11/10/2025,DC-06,North,SKU-501,257,6.9,723,466,0,0,0,388,95
11/17/2025,DC-06,North,SKU-501,109,6.4,466,547,0,0,190,388,95
11/24/2025,DC-06,North,SKU-501,342,7.3,547,384,0,0,178,388,95
12/1/2025,DC-06,North,SKU-501,147,7.2,384,459,0,0,223,388,95
12/8/2025,DC-06,North,SKU-501,195,6.9,459,512,0,0,248,388,95
12/15/2025,DC-06,North,SKU-501,272,8.8,512,470,0,0,230,388,95
12/22/2025,DC-06,North,SKU-501,211,6.7,470,458,0,0,199,388,95
12/29/2025,DC-06,North,SKU-501,216,6.6,458,462,0,0,220,388,95
1/5/2026,DC-06,North,SKU-501,201,7.9,462,506,0,0,245,388,95
1/12/2026,DC-06,North,SKU-501,238,7.4,506,506,0,0,238,388,95
1/19/2026,DC-06,North,SKU-501,308,5.3,506,384,0,0,187,388,95
1/26/2026,DC-06,North,SKU-501,288,8.3,384,294,0,0,199,388,95
2/2/2026,DC-06,North,SKU-501,186,9.6,294,302,0,0,194,388,95
2/9/2026,DC-06,North,SKU-501,225,7.6,302,274,0,0,196,388,95
2/16/2026,DC-06,North,SKU-501,196,8.5,274,323,0,0,245,388,95
2/23/2026,DC-06,North,SKU-501,242,8.5,323,315,0,0,234,388,95
3/2/2026,DC-06,North,SKU-501,318,8.6,315,248,1,3,248,388,95
3/9/2026,DC-06,North,SKU-501,257,9,248,234,1,10,234,388,95
3/16/2026,DC-06,North,SKU-501,156,5.5,234,276,0,0,198,388,95
3/23/2026,DC-06,North,SKU-501,148,6.7,276,367,0,0,239,388,95
3/30/2026,DC-06,North,SKU-501,155,7.3,367,445,0,0,233,388,95
4/6/2026,DC-06,North,SKU-501,171,6.6,445,526,0,0,252,388,95
4/13/2026,DC-06,North,SKU-501,219,7.4,526,541,0,0,234,388,95
4/20/2026,DC-06,North,SKU-501,235,6.2,541,533,0,0,228,388,95
4/27/2026,DC-06,North,SKU-501,123,8,533,596,0,0,185,388,95
5/4/2026,DC-06,North,SKU-501,333,7.1,596,263,0,0,0,388,95
5/11/2026,DC-06,North,SKU-501,217,7.8,263,236,0,0,189,388,95
5/18/2026,DC-06,North,SKU-501,293,8,236,212,1,56,212,388,95
5/25/2026,DC-06,North,SKU-501,190,9.2,212,249,0,0,226,388,95
6/1/2026,DC-06,North,SKU-501,214,6.2,249,244,0,0,209,388,95
6/8/2026,DC-06,North,SKU-501,185,7.7,244,253,0,0,194,388,95
6/15/2026,DC-06,North,SKU-501,235,9.1,253,213,0,0,195,388,95
6/22/2026,DC-06,North,SKU-501,171,8,213,292,0,0,251,388,95
6/29/2026,DC-06,North,SKU-501,131,8.3,292,379,0,0,218,388,95
7/6/2026,DC-06,North,SKU-501,242,7.6,379,384,0,0,248,388,95
7/13/2026,DC-06,North,SKU-501,263,6.9,384,344,0,0,223,388,95
7/20/2026,DC-06,North,SKU-501,136,7.7,344,415,0,0,208,388,95
7/27/2026,DC-06,North,SKU-501,188,7.7,415,422,0,0,195,388,95
8/3/2026,DC-06,North,SKU-501,193,8.3,422,415,0,0,186,388,95
8/10/2026,DC-06,North,SKU-501,184,7,415,474,0,0,244,388,95
8/17/2026,DC-06,North,SKU-501,139,8.2,474,532,0,0,197,388,95
8/24/2026,DC-06,North,SKU-501,152,9.5,532,623,0,0,243,388,95
9/2/2024,DC-06,North,SKU-502,558,7.7,1437,879,0,0,0,958,95
9/9/2024,DC-06,North,SKU-502,382,7.3,879,1004,0,0,507,958,95
9/16/2024,DC-06,North,SKU-502,516,7,1004,1008,0,0,520,958,95
9/23/2024,DC-06,North,SKU-502,392,5.8,1008,1152,0,0,536,958,95
9/30/2024,DC-06,North,SKU-502,494,8.1,1152,1143,0,0,484,958,95
10/7/2024,DC-06,North,SKU-502,357,5.7,1143,1343,0,0,558,958,95
10/14/2024,DC-06,North,SKU-502,327,5.8,1343,1461,0,0,444,958,95
10/21/2024,DC-06,North,SKU-502,358,6.3,1461,1102,0,0,0,958,95
10/28/2024,DC-06,North,SKU-502,422,10.3,1102,1137,0,0,457,958,95
11/4/2024,DC-06,North,SKU-502,370,7.8,1137,1283,0,0,516,958,95
11/11/2024,DC-06,North,SKU-502,242,7.2,1283,1524,0,0,483,958,95
11/18/2024,DC-06,North,SKU-502,469,7.1,1524,1055,0,0,0,958,95
11/25/2024,DC-06,North,SKU-502,329,7.9,1055,1262,0,0,537,958,95
12/2/2024,DC-06,North,SKU-502,220,7.8,1262,1576,0,0,533,958,95
12/9/2024,DC-06,North,SKU-502,443,9.8,1576,1133,0,0,0,958,95
12/16/2024,DC-06,North,SKU-502,511,7.9,1133,1187,0,0,565,958,95
12/23/2024,DC-06,North,SKU-502,641,8.8,1187,1008,0,0,462,958,95
12/30/2024,DC-06,North,SKU-502,525,8.7,1008,961,0,0,478,958,95
1/6/2025,DC-06,North,SKU-502,392,8.4,961,1054,0,0,485,958,95
1/13/2025,DC-06,North,SKU-502,550,8.5,1054,1018,0,0,515,958,95
1/20/2025,DC-06,North,SKU-502,495,7.9,1018,1066,0,0,542,958,95
1/27/2025,DC-06,North,SKU-502,594,5.7,1066,1020,0,0,548,958,95
2/3/2025,DC-06,North,SKU-502,477,9.1,1020,1057,0,0,514,958,95
2/10/2025,DC-06,North,SKU-502,723,6.1,1057,875,0,0,541,958,95
2/17/2025,DC-06,North,SKU-502,478,6.5,875,961,0,0,565,958,95
2/24/2025,DC-06,North,SKU-502,563,7.7,961,888,0,0,490,958,95
3/3/2025,DC-06,North,SKU-502,552,6.9,888,896,0,0,560,958,95
3/10/2025,DC-06,North,SKU-502,574,8.3,896,874,0,0,552,958,95
3/17/2025,DC-06,North,SKU-502,539,7.9,874,838,0,0,503,958,95
3/24/2025,DC-06,North,SKU-502,506,8.5,838,940,0,0,607,958,95
3/31/2025,DC-06,North,SKU-502,759,9.2,940,654,0,0,472,958,95
4/7/2025,DC-06,North,SKU-502,519,5,654,571,0,0,436,958,95
4/14/2025,DC-06,North,SKU-502,569,7.3,571,583,0,0,581,958,95
4/21/2025,DC-06,North,SKU-502,606,7,583,619,1,24,619,958,95
4/28/2025,DC-06,North,SKU-502,488,8.3,619,706,0,0,575,958,95
5/5/2025,DC-06,North,SKU-502,608,6.1,706,619,0,0,521,958,95
5/12/2025,DC-06,North,SKU-502,639,10.1,619,535,1,20,535,958,95
5/19/2025,DC-06,North,SKU-502,533,8.7,535,458,0,0,456,958,95
5/26/2025,DC-06,North,SKU-502,439,5.9,458,511,0,0,492,958,95
6/2/2025,DC-06,North,SKU-502,632,8.1,511,495,1,122,495,958,95
6/9/2025,DC-06,North,SKU-502,501,8.3,495,453,1,6,453,958,95
6/16/2025,DC-06,North,SKU-502,419,7.6,453,555,0,0,521,958,95
6/23/2025,DC-06,North,SKU-502,524,4.9,555,585,0,0,554,958,95
6/30/2025,DC-06,North,SKU-502,419,9.8,585,780,0,0,614,958,95
7/7/2025,DC-06,North,SKU-502,378,7.3,780,903,0,0,501,958,95
7/14/2025,DC-06,North,SKU-502,368,6.4,903,1138,0,0,603,958,95
7/21/2025,DC-06,North,SKU-502,499,6.4,1138,1092,0,0,453,958,95
7/28/2025,DC-06,North,SKU-502,608,6.9,1092,1101,0,0,617,958,95
8/4/2025,DC-06,North,SKU-502,513,7.5,1101,1163,0,0,575,958,95
8/11/2025,DC-06,North,SKU-502,439,8.3,1163,1267,0,0,542,958,95
8/18/2025,DC-06,North,SKU-502,387,8.3,1267,1373,0,0,493,958,95
8/25/2025,DC-06,North,SKU-502,243,9.1,1373,1715,0,0,586,958,95
9/1/2025,DC-06,North,SKU-502,468,8.3,1715,1247,0,0,0,958,95
9/8/2025,DC-06,North,SKU-502,475,7.1,1247,1379,0,0,608,958,95
9/15/2025,DC-06,North,SKU-502,556,7.9,1379,1274,0,0,451,958,95
9/22/2025,DC-06,North,SKU-502,374,7.4,1274,1340,0,0,439,958,95
9/29/2025,DC-06,North,SKU-502,363,7.2,1340,1516,0,0,539,958,95
10/6/2025,DC-06,North,SKU-502,331,8.4,1516,1185,0,0,0,958,95
10/13/2025,DC-06,North,SKU-502,402,8.1,1185,1344,0,0,561,958,95
10/20/2025,DC-06,North,SKU-502,365,8.5,1344,1562,0,0,583,958,95
10/27/2025,DC-06,North,SKU-502,480,7.6,1562,1082,0,0,0,958,95
11/3/2025,DC-06,North,SKU-502,453,10.5,1082,1244,0,0,615,958,95
11/10/2025,DC-06,North,SKU-502,553,6.5,1244,1226,0,0,536,958,95
11/17/2025,DC-06,North,SKU-502,572,8.4,1226,1169,0,0,515,958,95
11/24/2025,DC-06,North,SKU-502,430,6.7,1169,1319,0,0,580,958,95
12/1/2025,DC-06,North,SKU-502,398,6.8,1319,1360,0,0,439,958,95
12/8/2025,DC-06,North,SKU-502,426,8.4,1360,1535,0,0,601,958,95
12/15/2025,DC-06,North,SKU-502,657,7.5,1535,879,0,0,0,958,95
12/22/2025,DC-06,North,SKU-502,534,6.9,879,856,0,0,511,958,95
12/29/2025,DC-06,North,SKU-502,482,8,856,951,0,0,577,958,95
1/5/2026,DC-06,North,SKU-502,428,8.7,951,1107,0,0,585,958,95
1/12/2026,DC-06,North,SKU-502,595,7.7,1107,1122,0,0,610,958,95
1/19/2026,DC-06,North,SKU-502,499,5.9,1122,1131,0,0,508,958,95
1/26/2026,DC-06,North,SKU-502,324,8,1131,1365,0,0,558,958,95
2/2/2026,DC-06,North,SKU-502,345,5.3,1365,1491,0,0,470,958,95
2/9/2026,DC-06,North,SKU-502,527,6.1,1491,964,0,0,0,958,95
2/16/2026,DC-06,North,SKU-502,650,6.3,964,934,0,0,620,958,95
2/23/2026,DC-06,North,SKU-502,362,9.4,934,1115,0,0,542,958,95
3/2/2026,DC-06,North,SKU-502,399,7.8,1115,1231,0,0,515,958,95
3/9/2026,DC-06,North,SKU-502,679,5.8,1231,1075,0,0,522,958,95
3/16/2026,DC-06,North,SKU-502,529,10.5,1075,1069,0,0,523,958,95
3/23/2026,DC-06,North,SKU-502,253,8.5,1069,1372,0,0,556,958,95
3/30/2026,DC-06,North,SKU-502,630,8.4,1372,1250,0,0,508,958,95
4/6/2026,DC-06,North,SKU-502,612,6.5,1250,1135,0,0,497,958,95
4/13/2026,DC-06,North,SKU-502,602,8.1,1135,1002,0,0,469,958,95
4/20/2026,DC-06,North,SKU-502,594,7.1,1002,989,0,0,581,958,95
4/27/2026,DC-06,North,SKU-502,659,7.9,989,856,0,0,526,958,95
5/4/2026,DC-06,North,SKU-502,660,6.4,856,640,0,0,443,958,95
5/11/2026,DC-06,North,SKU-502,435,7.9,640,644,0,0,439,958,95
5/18/2026,DC-06,North,SKU-502,578,8.8,644,592,0,0,526,958,95
5/25/2026,DC-06,North,SKU-502,318,6.9,592,864,0,0,591,958,95
6/1/2026,DC-06,North,SKU-502,536,8.6,864,820,0,0,491,958,95
6/8/2026,DC-06,North,SKU-502,387,8.6,820,923,0,0,491,958,95
6/15/2026,DC-06,North,SKU-502,516,5.7,923,914,0,0,507,958,95
6/22/2026,DC-06,North,SKU-502,414,8.4,914,1094,0,0,594,958,95
6/29/2026,DC-06,North,SKU-502,550,7.8,1094,1160,0,0,616,958,95
7/6/2026,DC-06,North,SKU-502,393,8.7,1160,1351,0,0,584,958,95
7/13/2026,DC-06,North,SKU-502,579,5.7,1351,1216,0,0,444,958,95
7/20/2026,DC-06,North,SKU-502,439,7.9,1216,1382,0,0,604,958,95
7/27/2026,DC-06,North,SKU-502,490,6,1382,1437,0,0,545,958,95
8/3/2026,DC-06,North,SKU-502,422,8.6,1437,1546,0,0,532,958,95
8/10/2026,DC-06,North,SKU-502,510,12.2,1546,1036,0,0,0,958,95
8/17/2026,DC-06,North,SKU-502,330,7.8,1036,1262,0,0,557,958,95
8/24/2026,DC-06,North,SKU-502,530,8.5,1262,1279,0,0,546,958,95
9/2/2024,DC-06,North,SKU-503,256,6.6,765,509,0,0,0,510,95
9/9/2024,DC-06,North,SKU-503,191,9.1,509,649,0,0,331,510,95
9/16/2024,DC-06,North,SKU-503,267,6.6,649,705,0,0,322,510,95
9/23/2024,DC-06,North,SKU-503,169,7.8,705,788,0,0,253,510,95
9/30/2024,DC-06,North,SKU-503,234,9.2,788,554,0,0,0,510,95
10/7/2024,DC-06,North,SKU-503,144,7.2,554,672,0,0,262,510,95
10/14/2024,DC-06,North,SKU-503,200,7.7,672,753,0,0,281,510,95
10/21/2024,DC-06,North,SKU-503,263,8.9,753,760,0,0,270,510,95
10/28/2024,DC-06,North,SKU-503,245,9.8,760,765,0,0,251,510,95
11/4/2024,DC-06,North,SKU-503,228,8.4,765,843,0,0,306,510,95
11/11/2024,DC-06,North,SKU-503,119,6.1,843,724,0,0,0,510,95
11/18/2024,DC-06,North,SKU-503,209,7.2,724,840,0,0,325,510,95
11/25/2024,DC-06,North,SKU-503,202,7.6,840,638,0,0,0,510,95
12/2/2024,DC-06,North,SKU-503,230,6.8,638,711,0,0,303,510,95
12/9/2024,DC-06,North,SKU-503,213,9.1,711,823,0,0,326,510,95
12/16/2024,DC-06,North,SKU-503,230,8.6,823,593,0,0,0,510,95
12/23/2024,DC-06,North,SKU-503,233,7.4,593,684,0,0,324,510,95
12/30/2024,DC-06,North,SKU-503,315,8,684,606,0,0,237,510,95
1/6/2025,DC-06,North,SKU-503,329,7.5,606,570,0,0,293,510,95
1/13/2025,DC-06,North,SKU-503,236,5.8,570,632,0,0,298,510,95
1/20/2025,DC-06,North,SKU-503,252,6.3,632,707,0,0,326,510,95
1/27/2025,DC-06,North,SKU-503,227,8.9,707,768,0,0,288,510,95
2/3/2025,DC-06,North,SKU-503,220,7.8,768,548,0,0,0,510,95
2/10/2025,DC-06,North,SKU-503,206,7.9,548,619,0,0,277,510,95
2/17/2025,DC-06,North,SKU-503,307,6.9,619,548,0,0,237,510,95
2/24/2025,DC-06,North,SKU-503,322,7.7,548,492,0,0,266,510,95
3/3/2025,DC-06,North,SKU-503,294,7.4,492,509,0,0,311,510,95
3/10/2025,DC-06,North,SKU-503,269,6.6,509,560,0,0,321,510,95
3/17/2025,DC-06,North,SKU-503,262,9.9,560,613,0,0,315,510,95
3/24/2025,DC-06,North,SKU-503,290,8.7,613,594,0,0,271,510,95
3/31/2025,DC-06,North,SKU-503,272,7.7,594,612,0,0,289,510,95
4/7/2025,DC-06,North,SKU-503,250,10.2,612,618,0,0,256,510,95
4/14/2025,DC-06,North,SKU-503,316,8.6,618,562,0,0,259,510,95
4/21/2025,DC-06,North,SKU-503,222,9.7,562,611,0,0,271,510,95
4/28/2025,DC-06,North,SKU-503,287,8.2,611,608,0,0,284,510,95
5/5/2025,DC-06,North,SKU-503,332,8.8,608,544,0,0,268,510,95
5/12/2025,DC-06,North,SKU-503,281,9.4,544,517,0,0,255,510,95
5/19/2025,DC-06,North,SKU-503,282,6.3,517,529,0,0,293,510,95
5/26/2025,DC-06,North,SKU-503,237,6.3,529,618,0,0,327,510,95
6/2/2025,DC-06,North,SKU-503,177,9.2,618,693,0,0,252,510,95
6/9/2025,DC-06,North,SKU-503,276,7.2,693,685,0,0,268,510,95
6/16/2025,DC-06,North,SKU-503,228,6.8,685,690,0,0,233,510,95
6/23/2025,DC-06,North,SKU-503,235,7.3,690,730,0,0,274,510,95
6/30/2025,DC-06,North,SKU-503,246,8,730,744,0,0,260,510,95
7/7/2025,DC-06,North,SKU-503,304,7.8,744,701,0,0,260,510,95
7/14/2025,DC-06,North,SKU-503,309,6.8,701,639,0,0,248,510,95
7/21/2025,DC-06,North,SKU-503,203,6.9,639,666,0,0,230,510,95
7/28/2025,DC-06,North,SKU-503,96,7.4,666,820,0,0,250,510,95
8/4/2025,DC-06,North,SKU-503,159,8.5,820,661,0,0,0,510,95
8/11/2025,DC-06,North,SKU-503,191,8.3,661,728,0,0,259,510,95
8/18/2025,DC-06,North,SKU-503,264,10.6,728,789,0,0,325,510,95
8/25/2025,DC-06,North,SKU-503,164,10.3,789,625,0,0,0,510,95
9/1/2025,DC-06,North,SKU-503,205,7.4,625,721,0,0,301,510,95
9/8/2025,DC-06,North,SKU-503,216,7.4,721,831,0,0,326,510,95
9/15/2025,DC-06,North,SKU-503,156,6.3,831,675,0,0,0,510,95
9/22/2025,DC-06,North,SKU-503,216,5.3,675,736,0,0,277,510,95
9/29/2025,DC-06,North,SKU-503,297,5.7,736,723,0,0,284,510,95
10/6/2025,DC-06,North,SKU-503,256,8.9,723,700,0,0,232,510,95
10/13/2025,DC-06,North,SKU-503,194,6.6,700,790,0,0,284,510,95
10/20/2025,DC-06,North,SKU-503,234,6,790,556,0,0,0,510,95
10/27/2025,DC-06,North,SKU-503,251,7.7,556,579,0,0,274,510,95
11/3/2025,DC-06,North,SKU-503,255,9.3,579,606,0,0,282,510,95
11/10/2025,DC-06,North,SKU-503,234,7.2,606,675,0,0,304,510,95
11/17/2025,DC-06,North,SKU-503,190,7.6,675,763,0,0,278,510,95
11/24/2025,DC-06,North,SKU-503,205,6.3,763,827,0,0,269,510,95
12/1/2025,DC-06,North,SKU-503,272,8.5,827,555,0,0,0,510,95
12/8/2025,DC-06,North,SKU-503,315,6.2,555,519,0,0,278,510,95
12/15/2025,DC-06,North,SKU-503,262,8.2,519,562,0,0,305,510,95
12/22/2025,DC-06,North,SKU-503,171,7.5,562,662,0,0,271,510,95
12/29/2025,DC-06,North,SKU-503,213,7.4,662,706,0,0,257,510,95
1/5/2026,DC-06,North,SKU-503,263,5.6,706,755,0,0,312,510,95
1/12/2026,DC-06,North,SKU-503,213,6.6,755,854,0,0,311,510,95
1/19/2026,DC-06,North,SKU-503,356,7.1,854,498,0,0,0,510,95
1/26/2026,DC-06,North,SKU-503,253,7.7,498,492,0,0,247,510,95
2/2/2026,DC-06,North,SKU-503,328,8.4,492,399,0,0,234,510,95
2/9/2026,DC-06,North,SKU-503,280,8.5,399,350,0,0,231,510,95
2/16/2026,DC-06,North,SKU-503,326,8,350,261,0,0,236,510,95
2/23/2026,DC-06,North,SKU-503,286,8.6,261,295,1,25,295,510,95
3/2/2026,DC-06,North,SKU-503,250,10.2,295,298,0,0,253,510,95
3/9/2026,DC-06,North,SKU-503,294,7.6,298,268,0,0,264,510,95
3/16/2026,DC-06,North,SKU-503,287,8.7,268,265,1,20,265,510,95
3/23/2026,DC-06,North,SKU-503,237,9.7,265,284,0,0,257,510,95
3/30/2026,DC-06,North,SKU-503,294,8.1,284,329,1,10,329,510,95
4/6/2026,DC-06,North,SKU-503,293,8,329,315,0,0,279,510,95
4/13/2026,DC-06,North,SKU-503,304,9.1,315,260,0,0,249,510,95
4/20/2026,DC-06,North,SKU-503,344,8.5,260,322,1,84,322,510,95
4/27/2026,DC-06,North,SKU-503,339,8.7,322,321,1,17,321,510,95
5/4/2026,DC-06,North,SKU-503,251,8,321,322,0,0,252,510,95
5/11/2026,DC-06,North,SKU-503,232,7.5,322,358,0,0,268,510,95
5/18/2026,DC-06,North,SKU-503,327,6.4,358,321,0,0,289,510,95
5/25/2026,DC-06,North,SKU-503,242,7.8,321,332,0,0,253,510,95
6/1/2026,DC-06,North,SKU-503,342,9.2,332,296,1,11,296,510,95
6/8/2026,DC-06,North,SKU-503,221,10,296,312,0,0,237,510,95
6/15/2026,DC-06,North,SKU-503,343,8.9,312,235,1,31,235,510,95
6/22/2026,DC-06,North,SKU-503,292,6.6,235,274,1,56,274,510,95
6/29/2026,DC-06,North,SKU-503,342,6.2,274,293,1,68,293,510,95
7/6/2026,DC-06,North,SKU-503,333,6.6,293,314,1,40,314,510,95
7/13/2026,DC-06,North,SKU-503,332,10.1,314,317,1,18,317,510,95
7/20/2026,DC-06,North,SKU-503,290,8.1,317,276,0,0,249,510,95
7/27/2026,DC-06,North,SKU-503,259,7.9,276,320,0,0,303,510,95
8/3/2026,DC-06,North,SKU-503,243,10.2,320,341,0,0,265,510,95
8/10/2026,DC-06,North,SKU-503,179,8.4,341,439,0,0,278,510,95
8/17/2026,DC-06,North,SKU-503,182,8.1,439,574,0,0,316,510,95
8/24/2026,DC-06,North,SKU-503,180,6.1,574,631,0,0,238,510,95
